{"id":"AD","name":"Andorra","month":"2017-08","access_date":"2017-09-04","data":{"chrome":{"4":0,"5":0.005745,"6":0,"7":0,"8":0,"9":0,"10":0,"11":0.017235,"12":0,"13":0,"14":0,"15":0,"16":0,"17":0,"18":0,"19":0,"20":0,"21":0.005745,"22":0.017235,"23":0,"24":0,"25":0,"26":0.005745,"27":0.01149,"28":0.005745,"29":0.01149,"30":0,"31":0.040215,"32":0.03447,"33":0.017235,"34":0.040215,"35":0.005745,"36":0.005745,"37":0.005745,"38":0.017235,"39":0.02298,"40":0.01149,"41":0.040215,"42":0.01149,"43":0.028725,"44":0.005745,"45":0.005745,"46":0.005745,"47":0.028725,"48":0.03447,"49":1.028355,"50":0.120645,"51":0.02298,"52":0.01149,"53":0.005745,"54":0.109155,"55":0.10341,"56":0.10341,"57":0.06894,"58":0.132135,"59":6.072465,"60":18.470175,"61":0.017235,"62":0.005745,"63":0},"firefox":{"2":0.005745,"3":0.005745,"3.5":0,"3.6":0,"4":0,"5":0,"6":0,"7":0,"8":0,"9":0,"10":0,"11":0,"12":0,"13":0,"14":0,"15":0,"16":0.01149,"17":0,"18":0,"19":0,"20":0,"21":0.028725,"22":0.005745,"23":0.005745,"24":0.005745,"25":0.01149,"26":0,"27":0.005745,"28":0.005745,"29":0.005745,"30":0.02298,"31":0.005745,"32":0,"33":0.005745,"34":0,"35":0.017235,"36":0.005745,"37":0.02298,"38":0.01149,"39":0,"40":0,"41":0.01149,"42":0,"43":0.005745,"44":0.09192,"45":0.03447,"46":0,"47":0.04596,"48":0.19533,"49":0.097665,"50":0.028725,"51":0.040215,"52":0.55152,"53":0.08043,"54":3.89511,"55":1.476465,"56":0,"57":0,"58":0},"opera":{"9":0,"9.5-9.6":0.005745,"10.0-10.1":0,"10.5":0,"10.6":0,"11":0,"11.1":0,"11.5":0,"11.6":0.005745,"12":0.005745,"12.1":0.017235,"15":0,"16":0,"17":0,"18":0,"19":0,"20":0,"21":0,"22":0,"23":0,"24":0,"25":0,"26":0,"27":0,"28":0.03447,"29":0,"30":0,"31":0,"32":0.005745,"33":0,"34":0,"35":0,"36":0.01149,"37":0,"38":0,"39":0,"40":0,"41":0,"42":0,"43":0,"44":0,"45":0.005745,"46":0.212565,"47":0.201075,"48":0,"49":0},"safari":{"3.1":0,"3.2":0,"4":0.005745,"5":0.086175,"5.1":0.074685,"6":0.005745,"6.1":0.02298,"7":0.01149,"7.1":0,"8":0.074685,"9":0.201075,"9.1":0.59748,"10":0.3447,"10.1":4.42365,"11":0.01149,"0":null},"ios_saf":{"3.2":0,"4.0-4.1":0,"4.2-4.3":0,"5.0-5.1":0,"6.0-6.1":0,"7.0-7.1":0.101100514653,"8":0,"8.1-8.4":0.081843273767,"9.0-9.2":1.06155540386,"9.3":0.767882480343,"10.0-10.2":2.96802225161,"10.3":18.5928660758,"11":null},"android":{"2.1":0,"2.2":0,"2.3":0,"3":0,"4":0,"4.1":0.0923806451613,"4.2-4.3":0.23865,"4.4":0.660778225806,"4.4.3-4.4.4":0.479866129032,"56":null},"op_mob":{"10":null,"11":null,"11.1":null,"11.5":null,"12":null,"12.1":null,"0":null},"ie":{"5.5":0,"6":0,"7":0.005745,"8":0.063195,"9":0.235545,"10":0.28725,"11":2.4129},"edge":{"12":0.02298,"13":0.09192,"14":0.924945,"15":null,"16":null},"bb":{"7":0.004255,"10":0.01702},"samsung":{"4":0,"5":0},"ie_mob":{"10":null,"11":null},"baidu":{"0":null},"and_ff":{"0":0.07659},"and_qq":{"1.2":null},"and_uc":{"0":0.11063},"op_mini":{"0":0.105008327815},"and_chr":{"0":25.35511}},"total":94.5823783278}