{"id":"AF","name":"Afghanistan","month":"2017-08","access_date":"2017-09-04","data":{"chrome":{"4":0,"5":0,"6":0.003571,"7":0,"8":0.003571,"9":0,"10":0.003571,"11":0.014284,"12":0,"13":0,"14":0.003571,"15":0,"16":0.007142,"17":0.003571,"18":0.478514,"19":0.003571,"20":0.021426,"21":0.003571,"22":0.003571,"23":0.014284,"24":0.003571,"25":0.046423,"26":0.007142,"27":0.003571,"28":0.007142,"29":0.017855,"30":0.03571,"31":0.103559,"32":0.007142,"33":0.042852,"34":0.024997,"35":0.007142,"36":0.007142,"37":0.007142,"38":0.049994,"39":0.007142,"40":0.057136,"41":0.007142,"42":0.014284,"43":0.217831,"44":0.032139,"45":0.032139,"46":0.110701,"47":0.028568,"48":0.032139,"49":0.221402,"50":0.028568,"51":0.121414,"52":0.042852,"53":0.046423,"54":0.053565,"55":0.399952,"56":0.114272,"57":0.14284,"58":0.246399,"59":3.67813,"60":12.162826,"61":0.042852,"62":0.074991,"63":0},"firefox":{"2":0.003571,"3":0.007142,"3.5":0.003571,"3.6":0.010713,"4":0.017855,"5":0.007142,"6":0.003571,"7":0,"8":0,"9":0.017855,"10":0.003571,"11":0.010713,"12":0.046423,"13":0.007142,"14":0.007142,"15":0.007142,"16":0.007142,"17":0.010713,"18":0.007142,"19":0.003571,"20":0.007142,"21":0.014284,"22":0.010713,"23":0.003571,"24":0.03571,"25":0.060707,"26":0.010713,"27":0.017855,"28":0.014284,"29":0.067849,"30":0.078562,"31":0.067849,"32":0.010713,"33":0.064278,"34":0.10713,"35":0.085704,"36":0.010713,"37":0.028568,"38":0.060707,"39":0.021426,"40":0.03571,"41":0.057136,"42":0.060707,"43":0.46423,"44":0.096417,"45":0.053565,"46":0.017855,"47":0.221402,"48":0.17855,"49":0.085704,"50":0.07142,"51":0.057136,"52":0.160695,"53":0.457088,"54":2.846087,"55":1.139149,"56":0.185692,"57":0,"58":0},"opera":{"9":0,"9.5-9.6":0,"10.0-10.1":0,"10.5":0,"10.6":0,"11":0,"11.1":0,"11.5":0,"11.6":0.017855,"12":0.003571,"12.1":0.003571,"15":0,"16":0.007142,"17":0,"18":0.014284,"19":0,"20":0.003571,"21":0,"22":0.003571,"23":0,"24":0,"25":0,"26":0,"27":0,"28":0.007142,"29":0.007142,"30":0.003571,"31":0,"32":0,"33":0,"34":0,"35":0.003571,"36":0.007142,"37":0,"38":0.003571,"39":0,"40":0.003571,"41":0,"42":0.021426,"43":0.003571,"44":0.010713,"45":0.017855,"46":0.467801,"47":0.474943,"48":0,"49":0},"safari":{"3.1":0,"3.2":0,"4":0,"5":0.003571,"5.1":0.007142,"6":0,"6.1":0,"7":0.007142,"7.1":0,"8":0.010713,"9":0.010713,"9.1":0.082133,"10":0.064278,"10.1":0.546363,"11":0.003571,"0":null},"ios_saf":{"3.2":0,"4.0-4.1":0,"4.2-4.3":0,"5.0-5.1":0,"6.0-6.1":0,"7.0-7.1":0.0308071222302,"8":0,"8.1-8.4":0.0249390989482,"9.0-9.2":0.323474783417,"9.3":0.233987428367,"10.0-10.2":0.904409088328,"10.3":5.66557647871,"11":null},"android":{"2.1":0,"2.2":0,"2.3":0,"3":0,"4":0,"4.1":0.421807951177,"4.2-4.3":1.08967054054,"4.4":3.01709853967,"4.4.3-4.4.4":2.19105796861,"56":null},"op_mob":{"10":null,"11":null,"11.1":null,"11.5":null,"12":null,"12.1":null,"0":null},"ie":{"5.5":0,"6":0.0286445898123,"7":0.110997785523,"8":0.458313436997,"9":0.136061801609,"10":0.229156718499,"11":3.04348766756},"edge":{"12":0.099988,"13":0.167837,"14":0.246399,"15":null,"16":null},"bb":{"7":0.0051432,"10":0.0205728},"samsung":{"4":0,"5":0},"ie_mob":{"10":null,"11":null},"baidu":{"0":null},"and_ff":{"0":0.019287},"and_qq":{"1.2":null},"and_uc":{"0":7.425495},"op_mini":{"0":3.58899989404},"and_chr":{"0":33.730632}},"total":91.035505894}