{"id":"AG","name":"Antigua and Barbuda","month":"2017-08","access_date":"2017-09-04","data":{"chrome":{"4":0.051291,"5":0.011398,"6":0.011398,"7":0.005699,"8":0.011398,"9":0.005699,"10":0.017097,"11":0.017097,"12":0.011398,"13":0.017097,"14":0.017097,"15":0.005699,"16":0.005699,"17":0.011398,"18":0.005699,"19":0.005699,"20":0.005699,"21":0.011398,"22":0.022796,"23":0.011398,"24":0.005699,"25":0.011398,"26":0.005699,"27":0.131077,"28":0.079786,"29":0.11398,"30":0.102582,"31":0.142475,"32":0.085485,"33":0.039893,"34":0.039893,"35":0.079786,"36":0.923238,"37":0.410328,"38":0.022796,"39":0.045592,"40":0.005699,"41":0.507211,"42":0.017097,"43":0.017097,"44":0.011398,"45":0.108281,"46":0.005699,"47":0.017097,"48":0.022796,"49":0.581298,"50":0.017097,"51":0.039893,"52":0.005699,"53":0.011398,"54":0.091184,"55":0.222261,"56":0.062689,"57":0.085485,"58":0.324843,"59":5.060712,"60":16.401722,"61":0.091184,"62":0.079786,"63":0},"firefox":{"2":0.17097,"3":0.142475,"3.5":0.074087,"3.6":0.125378,"4":0.017097,"5":0.017097,"6":0.051291,"7":0,"8":0.005699,"9":0,"10":0.005699,"11":0.028495,"12":0.005699,"13":0.005699,"14":0.039893,"15":0.005699,"16":0.011398,"17":0.028495,"18":0.011398,"19":0.005699,"20":0.011398,"21":0.313445,"22":0.074087,"23":0.074087,"24":0.074087,"25":0.079786,"26":0.028495,"27":0.034194,"28":0.074087,"29":0.034194,"30":0,"31":0.085485,"32":0.005699,"33":0.022796,"34":0.011398,"35":0,"36":0.022796,"37":0.302047,"38":0.005699,"39":0.005699,"40":0,"41":0.199465,"42":0.005699,"43":0.011398,"44":0.005699,"45":0.022796,"46":0.005699,"47":0.051291,"48":0.051291,"49":0.011398,"50":0.011398,"51":0.011398,"52":0.125378,"53":0.05699,"54":2.228309,"55":0.889044,"56":0.022796,"57":0,"58":0},"opera":{"9":0.017097,"9.5-9.6":0.028495,"10.0-10.1":0.011398,"10.5":0.005699,"10.6":0.011398,"11":0.005699,"11.1":0.005699,"11.5":0,"11.6":0.034194,"12":0.068388,"12.1":0.091184,"15":0,"16":0.005699,"17":0,"18":0,"19":0,"20":0,"21":0,"22":0,"23":0,"24":0,"25":0,"26":0,"27":0,"28":0.530007,"29":0,"30":0,"31":0,"32":0,"33":0,"34":0,"35":0,"36":0,"37":0.159572,"38":0,"39":0,"40":0.017097,"41":0,"42":0,"43":0,"44":0,"45":0,"46":0.188067,"47":0.17097,"48":0,"49":0},"safari":{"3.1":0.028495,"3.2":0.017097,"4":0.039893,"5":0.079786,"5.1":0.068388,"6":0.022796,"6.1":0.05699,"7":0.034194,"7.1":0.005699,"8":0.062689,"9":0.05699,"9.1":0.330542,"10":0.245057,"10.1":1.692603,"11":0.011398,"0":null},"ios_saf":{"3.2":0,"4.0-4.1":0,"4.2-4.3":0,"5.0-5.1":0,"6.0-6.1":0,"7.0-7.1":0.05567807005,"8":0,"8.1-8.4":0.0450727233738,"9.0-9.2":0.584619735525,"9.3":0.422888198713,"10.0-10.2":1.63454905647,"10.3":10.2394622159,"11":null},"android":{"2.1":0,"2.2":0,"2.3":0,"3":0,"4":0,"4.1":0.22139692415,"4.2-4.3":0.571942054054,"4.4":1.58360299913,"4.4.3-4.4.4":1.15003402267,"56":null},"op_mob":{"10":null,"11":null,"11.1":null,"11.5":null,"12":null,"12.1":null,"0":null},"ie":{"5.5":0,"6":0.0057124887574,"7":0.0742623538462,"8":0.656936207101,"9":0.685498650888,"10":0.696923628402,"11":2.70771967101},"edge":{"12":0.165271,"13":0.592696,"14":1.236683,"15":null,"16":null},"bb":{"7":0.103224,"10":0.412896},"samsung":{"4":0,"5":0},"ie_mob":{"10":null,"11":null},"baidu":{"0":null},"and_ff":{"0":0.055913},"and_qq":{"1.2":null},"and_uc":{"0":0.550528},"op_mini":{"0":1.16025883775},"and_chr":{"0":27.85587}},"total":89.5842018377}