{"id":"AI","name":"Anguilla","month":"2017-08","access_date":"2017-09-04","data":{"chrome":{"4":0,"5":0,"6":0,"7":0,"8":0,"9":0,"10":0,"11":0.04067,"12":0,"13":0,"14":0,"15":0,"16":0,"17":0,"18":0,"19":0,"20":0,"21":0,"22":0.01162,"23":0,"24":0,"25":0,"26":0.00581,"27":0,"28":0,"29":0.00581,"30":0,"31":0,"32":0.00581,"33":0,"34":0,"35":0,"36":0.88312,"37":0,"38":0,"39":0,"40":0,"41":0,"42":0,"43":0.01743,"44":0.01743,"45":0.01162,"46":0.00581,"47":0,"48":0,"49":0.35441,"50":0.00581,"51":0.02905,"52":0.00581,"53":0.00581,"54":0,"55":0.09296,"56":0.04067,"57":0.10458,"58":0.19173,"59":8.50584,"60":16.91291,"61":0.1743,"62":0.01162,"63":0},"firefox":{"2":0,"3":0,"3.5":0,"3.6":0,"4":0,"5":0,"6":0,"7":0,"8":0,"9":0,"10":0,"11":0,"12":0,"13":0,"14":0,"15":0,"16":0,"17":0,"18":0,"19":0,"20":0,"21":0,"22":0,"23":0.02324,"24":0,"25":0,"26":0.00581,"27":0,"28":0,"29":0,"30":0,"31":0,"32":0,"33":0,"34":0,"35":0,"36":0,"37":0,"38":0.00581,"39":0.00581,"40":0,"41":0,"42":0,"43":0.01162,"44":0,"45":0,"46":0,"47":0.00581,"48":0.00581,"49":0.06391,"50":0,"51":0,"52":0.26726,"53":0.01162,"54":3.60801,"55":1.40602,"56":0.12201,"57":0,"58":0},"opera":{"9":0,"9.5-9.6":0,"10.0-10.1":0,"10.5":0,"10.6":0,"11":0,"11.1":0,"11.5":0,"11.6":0,"12":0,"12.1":0.00581,"15":0,"16":0,"17":0,"18":0,"19":0,"20":0,"21":0,"22":0,"23":0,"24":0,"25":0,"26":0,"27":0,"28":0,"29":0,"30":0,"31":0,"32":0,"33":0,"34":0,"35":0,"36":0,"37":0,"38":0,"39":0,"40":0,"41":0,"42":0,"43":0,"44":0,"45":0,"46":0.1743,"47":0.15106,"48":0,"49":0},"safari":{"3.1":0,"3.2":0,"4":0,"5":0.01162,"5.1":0.00581,"6":0,"6.1":0.23821,"7":0,"7.1":0,"8":0.01162,"9":0.13363,"9.1":0.43575,"10":0.14525,"10.1":2.89338,"11":0.00581,"0":null},"ios_saf":{"3.2":0,"4.0-4.1":0,"4.2-4.3":0,"5.0-5.1":0,"6.0-6.1":0,"7.0-7.1":0.0692499499643,"8":0,"8.1-8.4":0.0560594833044,"9.0-9.2":0.727124474625,"9.3":0.525969858062,"10.0-10.2":2.03298067395,"10.3":12.7353955601,"11":null},"android":{"2.1":0,"2.2":0,"2.3":0,"3":0,"4":0,"4.1":0.182853007847,"4.2-4.3":0.47237027027,"4.4":1.30790693112,"4.4.3-4.4.4":0.949819790759,"56":null},"op_mob":{"10":null,"11":null,"11.1":null,"11.5":null,"12":null,"12.1":null,"0":null},"ie":{"5.5":0,"6":0,"7":0,"8":0.01743,"9":0.04648,"10":0.31374,"11":4.5899},"edge":{"12":0.11039,"13":0.2905,"14":2.30657,"15":null,"16":null},"bb":{"7":0.014246,"10":0.056984},"samsung":{"4":0,"5":0},"ie_mob":{"10":null,"11":null},"baidu":{"0":null},"and_ff":{"0":0.00419},"and_qq":{"1.2":null},"and_uc":{"0":0.10475},"op_mini":{"0":0.0784445695364},"and_chr":{"0":28.29613}},"total":92.4851045695}