{"id":"AL","name":"Albania","month":"2017-08","access_date":"2017-09-04","data":{"chrome":{"4":0.009438,"5":0.004719,"6":0,"7":0,"8":0,"9":0.004719,"10":0.004719,"11":0.014157,"12":0.004719,"13":0,"14":0,"15":0,"16":0.004719,"17":0,"18":0.009438,"19":0,"20":0,"21":0,"22":0.051909,"23":0,"24":0.004719,"25":0,"26":0.014157,"27":0.004719,"28":0.004719,"29":0.051909,"30":0.004719,"31":0.004719,"32":0.009438,"33":0.018876,"34":0.056628,"35":0.009438,"36":0.066066,"37":0.009438,"38":0.042471,"39":0.018876,"40":0.023595,"41":0.028314,"42":0.014157,"43":0.075504,"44":0.018876,"45":0.014157,"46":0.023595,"47":0.04719,"48":0.089661,"49":4.652934,"50":0.018876,"51":0.401115,"52":0.04719,"53":0.169884,"54":0.405834,"55":0.396396,"56":0.448305,"57":0.174603,"58":0.514371,"59":5.747742,"60":21.150558,"61":0.099099,"62":0.042471,"63":0},"firefox":{"2":0.004719,"3":0.018876,"3.5":0,"3.6":0.009438,"4":0.004719,"5":0,"6":0,"7":0,"8":0,"9":0,"10":0.014157,"11":0,"12":0.004719,"13":0,"14":0.004719,"15":0,"16":0,"17":0,"18":0,"19":0,"20":0.004719,"21":0.004719,"22":0.014157,"23":0.009438,"24":0.023595,"25":0.004719,"26":0,"27":0.004719,"28":0.004719,"29":0.004719,"30":0.004719,"31":0.004719,"32":0.004719,"33":0.009438,"34":0.004719,"35":0.009438,"36":0.051909,"37":0.009438,"38":0.014157,"39":0.009438,"40":0.033033,"41":0.018876,"42":0.009438,"43":0.061347,"44":0.023595,"45":0.018876,"46":0.009438,"47":0.122694,"48":0.193479,"49":0.09438,"50":0.136851,"51":0.075504,"52":0.670098,"53":0.080223,"54":2.293434,"55":0.915486,"56":0.033033,"57":0,"58":0},"opera":{"9":0,"9.5-9.6":0,"10.0-10.1":0,"10.5":0,"10.6":0,"11":0,"11.1":0,"11.5":0,"11.6":0,"12":0,"12.1":0.014157,"15":0,"16":0,"17":0,"18":0,"19":0,"20":0,"21":0,"22":0,"23":0,"24":0,"25":0,"26":0,"27":0.004719,"28":0.004719,"29":0,"30":0,"31":0.004719,"32":0.004719,"33":0,"34":0,"35":0,"36":0.037752,"37":0,"38":0,"39":0.004719,"40":0,"41":0.004719,"42":0.009438,"43":0.009438,"44":0.018876,"45":0.009438,"46":0.448305,"47":0.353925,"48":0.004719,"49":0},"safari":{"3.1":0,"3.2":0,"4":0.004719,"5":0.004719,"5.1":0.004719,"6":0.004719,"6.1":0.009438,"7":0.004719,"7.1":0,"8":0.023595,"9":0.04719,"9.1":0.037752,"10":0.056628,"10.1":0.344487,"11":0.004719,"0":null},"ios_saf":{"3.2":0,"4.0-4.1":0,"4.2-4.3":0,"5.0-5.1":0,"6.0-6.1":0,"7.0-7.1":0.0689299642602,"8":0,"8.1-8.4":0.0558004472582,"9.0-9.2":0.723764624732,"9.3":0.523539490452,"10.0-10.2":2.02358680792,"10.3":12.6765486654,"11":null},"android":{"2.1":0,"2.2":0,"2.3":0,"3":0,"4":0,"4.1":0.230659940715,"4.2-4.3":0.595871513514,"4.4":1.64985929817,"4.4.3-4.4.4":1.1981502476,"56":null},"op_mob":{"10":null,"11":null,"11.1":null,"11.5":null,"12":null,"12.1":null,"0":null},"ie":{"5.5":0,"6":0.0147815735294,"7":0.0147815735294,"8":0.335049,"9":0.0591262941176,"10":0.0936166323529,"11":0.822840926471},"edge":{"12":0.033033,"13":0.042471,"14":0.28314,"15":null,"16":null},"bb":{"7":0.0221802,"10":0.0887208},"samsung":{"4":0,"5":0},"ie_mob":{"10":null,"11":null},"baidu":{"0":null},"and_ff":{"0":0.021124},"and_qq":{"1.2":null},"and_uc":{"0":0.147868},"op_mini":{"0":0.660632115894},"and_chr":{"0":30.573341}},"total":94.5243691159}