{"id":"eu","name":"Europe","month":"2017-07","access_date":"2017-08-04","data":{"chrome":{"4":null,"5":null,"6":null,"7":null,"8":null,"9":null,"10":null,"11":0.022552,"12":null,"13":null,"14":null,"15":null,"16":0.011276,"17":null,"18":0.022552,"19":null,"20":null,"21":0.005638,"22":0.033828,"23":null,"24":null,"25":0.011276,"26":0.016914,"27":0.005638,"28":0.005638,"29":0.022552,"30":0.005638,"31":0.022552,"32":0.016914,"33":0.011276,"34":0.039466,"35":0.016914,"36":0.090208,"37":0.016914,"38":0.039466,"39":0.033828,"40":0.016914,"41":0.02819,"42":0.016914,"43":0.067656,"44":0.022552,"45":0.039466,"46":0.02819,"47":0.045104,"48":0.067656,"49":1.510984,"50":0.045104,"51":0.186054,"52":0.039466,"53":0.090208,"54":0.242434,"55":0.293176,"56":0.36647,"57":0.202968,"58":1.172704,"59":24.237762,"60":0.332642,"61":0.039466,"62":null,"63":null},"firefox":{"2":null,"3":0.016914,"3.5":0.005638,"3.6":0.033828,"4":0.011276,"5":0.005638,"6":0.005638,"7":null,"8":null,"9":null,"10":0.005638,"11":null,"12":0.011276,"13":null,"14":null,"15":0.005638,"16":0.016914,"17":null,"18":null,"19":null,"20":0.005638,"21":0.005638,"22":null,"23":null,"24":0.011276,"25":0.011276,"26":0.005638,"27":null,"28":0.005638,"29":0.005638,"30":0.005638,"31":0.016914,"32":0.011276,"33":0.011276,"34":0.011276,"35":0.016914,"36":0.016914,"37":0.016914,"38":0.095846,"39":0.016914,"40":0.022552,"41":0.05638,"42":0.02819,"43":0.050742,"44":0.016914,"45":0.146588,"46":0.02819,"47":0.107122,"48":0.33828,"49":0.22552,"50":0.11276,"51":0.349556,"52":1.059944,"53":0.315728,"54":7.566196,"55":0.090208,"56":null,"57":null},"opera":{"9":null,"9.5-9.6":null,"10.0-10.1":0,"10.5":null,"10.6":null,"11":null,"11.1":null,"11.5":null,"11.6":0.011276,"12":0.022552,"12.1":0.264986,"15":null,"16":null,"17":null,"18":null,"19":null,"20":null,"21":null,"22":null,"23":null,"24":null,"25":null,"26":null,"27":null,"28":0.005638,"29":null,"30":null,"31":0.005638,"32":null,"33":null,"34":null,"35":null,"36":0.090208,"37":0.005638,"38":null,"39":null,"40":0.005638,"41":0.005638,"42":0.016914,"43":0.016914,"44":0.005638,"45":0.124036,"46":1.651934,"47":0.011276,"48":0.016914},"safari":{"3.1":null,"3.2":null,"4":0.011276,"5":0.033828,"5.1":0.078932,"6":0.005638,"6.1":0.039466,"7":0.016914,"7.1":0.005638,"8":0.095846,"9":0.095846,"9.1":0.360832,"10":0.360832,"10.1":2.148078,"11":0.011276,"0":null},"ios_saf":{"3.2":0,"4.0-4.1":0,"4.2-4.3":0,"5.0-5.1":0,"6.0-6.1":0,"7.0-7.1":0.0522253305853,"8":0,"8.1-8.4":0.0400023808739,"9.0-9.2":0.0277794311624,"9.3":0.548921559769,"10.0-10.2":1.56564874031,"10.3":8.5482865573,"11":null},"android":{"2.1":0,"2.2":0,"2.3":0,"3":0,"4":0,"4.1":0.0994759374111,"4.2-4.3":0.253870881935,"4.4":0.68286086202,"4.4.3-4.4.4":0.420700318634,"56":null},"op_mob":{"10":0,"11":0,"11.1":0,"11.5":0,"12":0,"12.1":0,"0":0.00189910204082},"ie":{"5.5":null,"6":0.0114500507166,"7":0.0229001014333,"8":0.2748012172,"9":0.166025735391,"10":0.263351166483,"11":4.45406972878},"edge":{"12":0.050742,"13":0.14095,"14":1.477156,"15":null,"16":null},"bb":{"7":0.0163575,"10":null},"samsung":{"4":4.444878,"5":null},"ie_mob":{"10":0.0900226551724,"11":0.490123344828},"op_mini":{"0":0.556436897959},"and_chr":{"0":25.20358},"baidu":{"0":null},"and_ff":{"0":0.052344},"and_qq":{"1.2":null},"and_uc":{"0":0.536526}},"total":96.4656375}