{"id":"sa","name":"South America","month":"2017-08","access_date":"2017-09-04","data":{"chrome":{"4":null,"5":null,"6":null,"7":null,"8":null,"9":null,"10":null,"11":0.006252,"12":null,"13":null,"14":null,"15":null,"16":null,"17":null,"18":0.006252,"19":null,"20":null,"21":null,"22":0.03126,"23":null,"24":null,"25":null,"26":0.018756,"27":0.006252,"28":null,"29":0.025008,"30":null,"31":0.018756,"32":0.012504,"33":0.006252,"34":0.03126,"35":0.018756,"36":0.53142,"37":0.018756,"38":0.050016,"39":0.018756,"40":0.018756,"41":0.012504,"42":0.012504,"43":0.09378,"44":0.037512,"45":0.03126,"46":0.050016,"47":0.06252,"48":0.056268,"49":2.244468,"50":0.043764,"51":0.25008,"52":0.050016,"53":0.09378,"54":0.1563,"55":0.243828,"56":0.356364,"57":0.225072,"58":0.68772,"59":10.140744,"60":33.985872,"61":0.118788,"62":0.056268,"63":null},"firefox":{"2":null,"3":0.012504,"3.5":null,"3.6":0.012504,"4":null,"5":null,"6":null,"7":null,"8":0.018756,"9":null,"10":null,"11":null,"12":null,"13":null,"14":null,"15":null,"16":null,"17":null,"18":null,"19":null,"20":null,"21":null,"22":null,"23":null,"24":null,"25":null,"26":null,"27":0.03126,"28":null,"29":null,"30":null,"31":0.012504,"32":null,"33":0.012504,"34":0.006252,"35":0.006252,"36":0.006252,"37":0.012504,"38":0.025008,"39":0.012504,"40":0.012504,"41":0.012504,"42":0.006252,"43":0.043764,"44":0.012504,"45":0.068772,"46":0.018756,"47":0.087528,"48":0.106284,"49":0.050016,"50":0.075024,"51":0.06252,"52":0.600192,"53":0.106284,"54":2.988456,"55":1.231644,"56":0.018756,"57":null,"58":null},"opera":{"9":null,"9.5-9.6":null,"10.0-10.1":0,"10.5":null,"10.6":null,"11":null,"11.1":null,"11.5":null,"11.6":null,"12":null,"12.1":0.006252,"15":null,"16":null,"17":null,"18":null,"19":null,"20":null,"21":null,"22":null,"23":null,"24":null,"25":null,"26":null,"27":null,"28":null,"29":null,"30":null,"31":null,"32":null,"33":null,"34":null,"35":null,"36":0.25008,"37":null,"38":null,"39":null,"40":null,"41":null,"42":0.006252,"43":null,"44":null,"45":0.012504,"46":0.400128,"47":0.387624,"48":null,"49":null},"safari":{"3.1":null,"3.2":null,"4":0,"5":0.006252,"5.1":0.012504,"6":null,"6.1":0.006252,"7":0.006252,"7.1":null,"8":0.043764,"9":0.043764,"9.1":0.181308,"10":0.1563,"10.1":1.012824,"11":null,"0":null},"ios_saf":{"3.2":0,"4.0-4.1":0,"4.2-4.3":0,"5.0-5.1":0,"6.0-6.1":0,"7.0-7.1":0.0121810979271,"8":0,"8.1-8.4":0.00986088879812,"9.0-9.2":0.127901528234,"9.3":0.0925183390177,"10.0-10.2":0.357602232002,"10.3":2.24016191402,"11":null},"android":{"2.1":0,"2.2":0,"2.3":0,"3":0,"4":0,"4.1":0.108666266783,"4.2-4.3":0.280721189189,"4.4":0.777265658239,"4.4.3-4.4.4":0.564460885789,"56":null},"op_mob":{"10":null,"11":null,"11.1":null,"11.5":null,"12":null,"12.1":null,"0":null},"ie":{"5.5":null,"6":0.0513409271523,"7":0.0192528476821,"8":0.308045562914,"9":0.115517086093,"10":0.128352317881,"11":1.31561125828},"edge":{"12":0.043764,"13":0.075024,"14":0.34386,"15":null,"16":null},"bb":{"7":0.0127398,"10":0.0509592},"samsung":{"4":1.02042672362,"5":1.05166427638},"ie_mob":{"10":0.0778127,"11":0.5891533},"baidu":{"0":null},"and_ff":{"0":0.014988},"and_qq":{"1.2":null},"and_uc":{"0":0.550809},"op_mini":{"0":0.844998129139},"and_chr":{"0":28.830069}},"total":98.0467921291}