{"id":"oc","name":"Oceania","month":"2017-07","access_date":"2017-08-04","data":{"chrome":{"4":0.005051,"5":0.005051,"6":null,"7":null,"8":null,"9":null,"10":null,"11":0.010102,"12":null,"13":null,"14":null,"15":null,"16":null,"17":0.005051,"18":0.005051,"19":null,"20":null,"21":null,"22":0.010102,"23":null,"24":null,"25":null,"26":0.010102,"27":0.005051,"28":null,"29":0.010102,"30":0.010102,"31":0.015153,"32":0.010102,"33":0.005051,"34":0.025255,"35":0.010102,"36":0.055561,"37":0.015153,"38":0.045459,"39":0.025255,"40":0.020204,"41":0.020204,"42":0.010102,"43":0.040408,"44":0.030306,"45":0.217193,"46":0.035357,"47":0.045459,"48":0.035357,"49":0.75765,"50":0.116173,"51":0.080816,"52":0.060612,"53":0.070714,"54":0.136377,"55":0.399029,"56":0.484896,"57":0.414182,"58":2.111318,"59":24.315514,"60":0.333366,"61":0.060612,"62":null,"63":null},"firefox":{"2":null,"3":null,"3.5":null,"3.6":null,"4":null,"5":null,"6":null,"7":null,"8":null,"9":null,"10":null,"11":null,"12":null,"13":null,"14":null,"15":null,"16":null,"17":null,"18":null,"19":null,"20":null,"21":0.005051,"22":null,"23":null,"24":null,"25":null,"26":null,"27":null,"28":null,"29":0.010102,"30":null,"31":0.010102,"32":0.010102,"33":null,"34":0.015153,"35":0.005051,"36":0.005051,"37":0.025255,"38":0.020204,"39":0.010102,"40":0.025255,"41":0.015153,"42":0.025255,"43":0.025255,"44":0.020204,"45":0.131326,"46":0.025255,"47":0.070714,"48":0.126275,"49":0.045459,"50":0.05051,"51":0.040408,"52":0.323264,"53":0.171734,"54":4.34386,"55":0.085867,"56":null,"57":null},"opera":{"9":null,"9.5-9.6":null,"10.0-10.1":0,"10.5":null,"10.6":null,"11":null,"11.1":null,"11.5":null,"11.6":null,"12":null,"12.1":0.010102,"15":null,"16":null,"17":null,"18":null,"19":null,"20":null,"21":null,"22":null,"23":null,"24":null,"25":null,"26":null,"27":null,"28":null,"29":null,"30":null,"31":null,"32":0.005051,"33":null,"34":null,"35":null,"36":0.010102,"37":null,"38":null,"39":null,"40":null,"41":null,"42":0.005051,"43":null,"44":null,"45":0.020204,"46":0.277805,"47":null,"48":null},"safari":{"3.1":null,"3.2":null,"4":0.005051,"5":0.020204,"5.1":0.065663,"6":0.010102,"6.1":0.045459,"7":0.025255,"7.1":0.005051,"8":0.166683,"9":0.171734,"9.1":0.601069,"10":0.60612,"10.1":3.065957,"11":0.010102,"0":null},"ios_saf":{"3.2":0,"4.0-4.1":0,"4.2-4.3":0,"5.0-5.1":0,"6.0-6.1":0,"7.0-7.1":0.115126979493,"8":0,"8.1-8.4":0.0881823672712,"9.0-9.2":0.0612377550495,"9.3":1.21005803978,"10.0-10.2":3.45135987459,"10.3":18.8440819838,"11":null},"android":{"2.1":0,"2.2":0,"2.3":0,"3":0,"4":0,"4.1":0.0587966543385,"4.2-4.3":0.150053961593,"4.4":0.403614533428,"4.4.3-4.4.4":0.24866085064,"56":null},"op_mob":{"10":0,"11":0,"11.1":0,"11.5":0,"12":0,"12.1":0,"0":0.00254183333333},"ie":{"5.5":null,"6":null,"7":0.00520641538462,"8":0.177018123077,"9":0.145779630769,"10":0.140573215385,"11":4.9408882},"edge":{"12":0.045459,"13":0.176785,"14":1.752697,"15":null,"16":null},"bb":{"7":0.00371175,"10":null},"samsung":{"4":3.954251,"5":null},"ie_mob":{"10":0.0268781896552,"11":0.146336810345},"op_mini":{"0":0.744757166667},"and_chr":{"0":17.658183},"baidu":{"0":null},"and_ff":{"0":0.054439},"and_qq":{"1.2":null},"and_uc":{"0":2.27654}},"total":97.7306553346}