{"id":"as","name":"Asia","month":"2017-08","access_date":"2017-09-04","data":{"chrome":{"4":null,"5":null,"6":null,"7":null,"8":null,"9":null,"10":0.003195,"11":0.022365,"12":0.00639,"13":null,"14":0.003195,"15":null,"16":0.003195,"17":0.00639,"18":0.00639,"19":0.00639,"20":0.00639,"21":0.01278,"22":0.04473,"23":0.00639,"24":0.00639,"25":0.009585,"26":0.01917,"27":0.009585,"28":0.01278,"29":0.035145,"30":0.01278,"31":0.10863,"32":0.01278,"33":0.028755,"34":0.03195,"35":0.009585,"36":0.01917,"37":0.009585,"38":0.03195,"39":0.01917,"40":0.015975,"41":0.01278,"42":0.01917,"43":0.130995,"44":0.01917,"45":0.463275,"46":0.03195,"47":0.130995,"48":0.054315,"49":0.94572,"50":0.156555,"51":0.099045,"52":0.028755,"53":0.047925,"54":0.08307,"55":0.37701,"56":0.188505,"57":0.150165,"58":0.373815,"59":4.437855,"60":13.45095,"61":0.07668,"62":0.05112,"63":null},"firefox":{"2":null,"3":0.015975,"3.5":0.003195,"3.6":0.009585,"4":0.003195,"5":null,"6":null,"7":null,"8":0.01278,"9":null,"10":0.003195,"11":0.003195,"12":0.00639,"13":0.003195,"14":0.003195,"15":0.003195,"16":0.00639,"17":0.00639,"18":0.015975,"19":null,"20":0.003195,"21":0.00639,"22":0.003195,"23":0.003195,"24":0.003195,"25":0.003195,"26":0.00639,"27":0.003195,"28":0.00639,"29":0.00639,"30":0.009585,"31":0.01917,"32":0.00639,"33":0.009585,"34":0.009585,"35":0.009585,"36":0.009585,"37":0.01278,"38":0.015975,"39":0.01278,"40":0.015975,"41":0.01278,"42":0.01278,"43":0.047925,"44":0.022365,"45":0.028755,"46":0.015975,"47":0.08307,"48":0.073485,"49":0.03834,"50":0.047925,"51":0.03834,"52":0.26838,"53":0.073485,"54":1.69335,"55":0.706095,"56":0.099045,"57":null,"58":null},"opera":{"9":null,"9.5-9.6":null,"10.0-10.1":0,"10.5":null,"10.6":null,"11":null,"11.1":null,"11.5":null,"11.6":null,"12":null,"12.1":0.01278,"15":null,"16":null,"17":null,"18":null,"19":null,"20":null,"21":null,"22":null,"23":null,"24":null,"25":null,"26":null,"27":null,"28":0.00639,"29":null,"30":null,"31":0.00639,"32":null,"33":null,"34":null,"35":null,"36":0.009585,"37":0.003195,"38":null,"39":null,"40":null,"41":null,"42":0.00639,"43":0.003195,"44":null,"45":0.00639,"46":0.21726,"47":0.21087,"48":null,"49":null},"safari":{"3.1":null,"3.2":null,"4":0.003195,"5":0.00639,"5.1":0.150165,"6":0.003195,"6.1":0.009585,"7":0.00639,"7.1":null,"8":0.028755,"9":0.02556,"9.1":0.08946,"10":0.086265,"10.1":0.46008,"11":null,"0":null},"ios_saf":{"3.2":0,"4.0-4.1":0,"4.2-4.3":0,"5.0-5.1":0,"6.0-6.1":0,"7.0-7.1":0.0299731308077,"8":0,"8.1-8.4":0.0242639630348,"9.0-9.2":0.314717873481,"9.3":0.227653064944,"10.0-10.2":0.879925482998,"10.3":5.51220148473,"11":null},"android":{"2.1":0,"2.2":0,"2.3":0,"3":0,"4":0,"4.1":0.14139211857,"4.2-4.3":0.365262972973,"4.4":1.01134640366,"4.4.3-4.4.4":0.734453504795,"56":null},"op_mob":{"10":null,"11":null,"11.1":null,"11.5":null,"12":null,"12.1":null,"0":null},"ie":{"5.5":null,"6":0.0240807537012,"7":0.0137604306864,"8":0.306169582773,"9":0.158244952894,"10":0.137604306864,"11":1.91613997308},"edge":{"12":0.028755,"13":0.054315,"14":0.246015,"15":null,"16":null},"bb":{"7":0.024498,"10":0.097992},"samsung":{"4":1.96544012469,"5":2.09714487531},"ie_mob":{"10":0.053079,"11":0.212316},"baidu":{"0":null},"and_ff":{"0":0.020415},"and_qq":{"1.2":null},"and_uc":{"0":15.127515},"op_mini":{"0":3.69466433775},"and_chr":{"0":35.00259}},"total":97.1576893377}