{"id":"na","name":"North America","month":"2017-08","access_date":"2017-09-04","data":{"chrome":{"4":null,"5":null,"6":null,"7":null,"8":null,"9":null,"10":null,"11":0.00983,"12":null,"13":null,"14":null,"15":null,"16":null,"17":null,"18":0.00983,"19":0.004915,"20":0.004915,"21":0.004915,"22":0.00983,"23":0.004915,"24":0.004915,"25":0.00983,"26":null,"27":0.01966,"28":0.00983,"29":0.142535,"30":0.024575,"31":0.01966,"32":0.01966,"33":0.00983,"34":0.02949,"35":0.014745,"36":0.04915,"37":0.063895,"38":0.044235,"39":0.014745,"40":0.01966,"41":0.054065,"42":0.02949,"43":0.113045,"44":0.01966,"45":0.044235,"46":0.02949,"47":0.03932,"48":0.04915,"49":0.82572,"50":0.05898,"51":0.152365,"52":0.083555,"53":0.08847,"54":0.14745,"55":0.22609,"56":0.25558,"57":0.240835,"58":0.466925,"59":6.826935,"60":17.187755,"61":0.05898,"62":0.034405,"63":null},"firefox":{"2":null,"3":0.00983,"3.5":null,"3.6":0.014745,"4":null,"5":null,"6":null,"7":null,"8":null,"9":null,"10":null,"11":0.00983,"12":null,"13":null,"14":null,"15":null,"16":0.004915,"17":null,"18":null,"19":null,"20":null,"21":0.014745,"22":null,"23":null,"24":0.00983,"25":null,"26":0.004915,"27":null,"28":0.004915,"29":0.014745,"30":null,"31":0.014745,"32":null,"33":0.00983,"34":0.004915,"35":0.00983,"36":0.01966,"37":0.014745,"38":0.073725,"39":0.00983,"40":0.014745,"41":0.01966,"42":0.00983,"43":0.024575,"44":0.00983,"45":0.07864,"46":0.01966,"47":0.063895,"48":0.18677,"49":0.04915,"50":0.07864,"51":0.06881,"52":0.43252,"53":0.083555,"54":3.03747,"55":1.243495,"56":0.01966,"57":null,"58":null},"opera":{"9":null,"9.5-9.6":null,"10.0-10.1":0,"10.5":null,"10.6":null,"11":null,"11.1":null,"11.5":null,"11.6":null,"12":null,"12.1":0.014745,"15":null,"16":null,"17":null,"18":null,"19":null,"20":null,"21":null,"22":null,"23":null,"24":null,"25":null,"26":null,"27":null,"28":0.00983,"29":null,"30":null,"31":null,"32":null,"33":null,"34":null,"35":null,"36":0.00983,"37":null,"38":0.00983,"39":0.00983,"40":null,"41":null,"42":null,"43":null,"44":null,"45":0.004915,"46":0.27524,"47":0.201515,"48":null,"49":null},"safari":{"3.1":null,"3.2":null,"4":0.014745,"5":0.03932,"5.1":0.073725,"6":0.004915,"6.1":0.034405,"7":0.01966,"7.1":0.00983,"8":0.172025,"9":0.152365,"9.1":0.62912,"10":0.417775,"10.1":3.22424,"11":0.014745,"0":null},"ios_saf":{"3.2":0,"4.0-4.1":0,"4.2-4.3":0,"5.0-5.1":0,"6.0-6.1":0,"7.0-7.1":0.101627305218,"8":0,"8.1-8.4":0.0822697232717,"9.0-9.2":1.06708670479,"9.3":0.771883580108,"10.0-10.2":2.98348731747,"10.3":18.6897453691,"11":null},"android":{"2.1":0,"2.2":0,"2.3":0,"3":0,"4":0,"4.1":0.0603284045336,"4.2-4.3":0.155848378378,"4.4":0.431515671316,"4.4.3-4.4.4":0.313372545772,"56":null},"op_mob":{"10":null,"11":null,"11.1":null,"11.5":null,"12":null,"12.1":null,"0":null},"ie":{"5.5":null,"6":0.034855106296,"7":0.0149379026983,"8":0.323654558463,"9":0.199172035977,"10":0.189213434178,"11":5.32785196239},"edge":{"12":0.044235,"13":0.113045,"14":1.046895,"15":null,"16":null},"bb":{"7":0.015255,"10":0.06102},"samsung":{"4":0.897662990033,"5":2.43809700997},"ie_mob":{"10":0.0250338461538,"11":0.137686153846},"baidu":{"0":null},"and_ff":{"0":0.07119},"and_qq":{"1.2":null},"and_uc":{"0":0.350865},"op_mini":{"0":0.298583791391},"and_chr":{"0":22.100725}},"total":96.9544687914}