{"id":"af","name":"Africa","month":"2017-08","access_date":"2017-09-04","data":{"chrome":{"4":null,"5":null,"6":null,"7":null,"8":null,"9":null,"10":null,"11":0.030402,"12":0.003378,"13":null,"14":0.003378,"15":0.010134,"16":0.006756,"17":0.006756,"18":0.013512,"19":0.006756,"20":0.006756,"21":0.006756,"22":0.013512,"23":0.013512,"24":0.013512,"25":0.010134,"26":0.023646,"27":0.01689,"28":0.013512,"29":0.064182,"30":0.01689,"31":0.047292,"32":0.020268,"33":0.057426,"34":0.023646,"35":0.01689,"36":0.06756,"37":0.013512,"38":0.027024,"39":0.023646,"40":0.040536,"41":0.040536,"42":0.010134,"43":0.898548,"44":0.03378,"45":0.030402,"46":0.030402,"47":0.040536,"48":0.05067,"49":1.212702,"50":0.037158,"51":0.097962,"52":0.023646,"53":0.047292,"54":0.077694,"55":0.32091,"56":0.18579,"57":0.162144,"58":0.364824,"59":4.249524,"60":11.914206,"61":0.057426,"62":0.037158,"63":null},"firefox":{"2":0.003378,"3":0.043914,"3.5":0.003378,"3.6":0.013512,"4":0.006756,"5":0.003378,"6":0.003378,"7":0.006756,"8":0.003378,"9":null,"10":0.006756,"11":0.006756,"12":0.013512,"13":0.010134,"14":0.006756,"15":0.013512,"16":0.010134,"17":0.003378,"18":0.006756,"19":0.013512,"20":0.010134,"21":0.027024,"22":0.010134,"23":0.013512,"24":0.010134,"25":0.013512,"26":0.006756,"27":0.010134,"28":0.010134,"29":0.01689,"30":0.020268,"31":0.01689,"32":0.013512,"33":0.01689,"34":0.01689,"35":0.020268,"36":0.020268,"37":0.037158,"38":0.023646,"39":0.020268,"40":0.03378,"41":0.027024,"42":0.023646,"43":0.121608,"44":0.047292,"45":0.05067,"46":0.027024,"47":0.195924,"48":0.138498,"49":0.081072,"50":0.091206,"51":0.06756,"52":0.645198,"53":0.128364,"54":3.215856,"55":1.222836,"56":0.148632,"57":null,"58":null},"opera":{"9":null,"9.5-9.6":null,"10.0-10.1":0,"10.5":null,"10.6":null,"11":null,"11.1":null,"11.5":null,"11.6":0.006756,"12":0.006756,"12.1":0.013512,"15":null,"16":null,"17":null,"18":null,"19":null,"20":null,"21":null,"22":null,"23":null,"24":null,"25":null,"26":null,"27":null,"28":0.027024,"29":null,"30":null,"31":null,"32":null,"33":null,"34":0.003378,"35":0.003378,"36":0.047292,"37":0.010134,"38":null,"39":null,"40":0.006756,"41":0.003378,"42":0.020268,"43":0.013512,"44":0.006756,"45":0.01689,"46":0.520212,"47":0.483054,"48":0.006756,"49":null},"safari":{"3.1":null,"3.2":null,"4":0.006756,"5":0.010134,"5.1":0.01689,"6":0.006756,"6.1":0.006756,"7":0.010134,"7.1":0.01689,"8":0.040536,"9":0.037158,"9.1":0.097962,"10":0.094584,"10.1":0.45603,"11":null,"0":null},"ios_saf":{"3.2":0,"4.0-4.1":0,"4.2-4.3":0,"5.0-5.1":0,"6.0-6.1":0,"7.0-7.1":0.0144841458184,"8":0,"8.1-8.4":0.0117252609006,"9.0-9.2":0.152083531094,"9.3":0.110010536097,"10.0-10.2":0.425213137956,"10.3":2.66370338813,"11":null},"android":{"2.1":0,"2.2":0,"2.3":0,"3":0,"4":0,"4.1":0.225298106364,"4.2-4.3":0.582020108108,"4.4":1.61150728858,"4.4.3-4.4.4":1.17029849695,"56":null},"op_mob":{"10":null,"11":null,"11.1":null,"11.5":null,"12":null,"12.1":null,"0":null},"ie":{"5.5":null,"6":0.0104822474227,"7":0.0524112371134,"8":0.262056185567,"9":0.118798804124,"10":0.143257381443,"11":1.44655014433},"edge":{"12":0.08445,"13":0.108096,"14":0.307398,"15":null,"16":null},"bb":{"7":0.1549548,"10":0.6198192},"samsung":{"4":2.2435336,"5":1.8356184},"ie_mob":{"10":0.202489590361,"11":0.731212409639},"baidu":{"0":null},"and_ff":{"0":0.06622},"and_qq":{"1.2":null},"and_uc":{"0":6.747818},"op_mini":{"0":18.1568661854},"and_chr":{"0":25.609144}},"total":95.1851821854}