{"id":"ww","name":"Worldwide","month":"2017-08","access_date":"2017-09-04","data":{"chrome":{"4":null,"5":null,"6":null,"7":null,"8":null,"9":null,"10":null,"11":0.017132,"12":0.004283,"13":null,"14":null,"15":null,"16":0.004283,"17":0.004283,"18":0.008566,"19":0.004283,"20":0.004283,"21":0.008566,"22":0.034264,"23":0.008566,"24":0.008566,"25":0.008566,"26":0.017132,"27":0.012849,"28":0.008566,"29":0.064245,"30":0.012849,"31":0.064245,"32":0.012849,"33":0.021415,"34":0.034264,"35":0.012849,"36":0.068528,"37":0.021415,"38":0.038547,"39":0.021415,"40":0.017132,"41":0.025698,"42":0.017132,"43":0.141339,"44":0.021415,"45":0.235565,"46":0.029981,"47":0.08566,"48":0.055679,"49":1.117863,"50":0.098509,"51":0.132773,"52":0.04283,"53":0.068528,"54":0.132773,"55":0.308376,"56":0.248414,"57":0.179886,"58":0.436866,"59":5.743503,"60":16.635172,"61":0.072811,"62":0.04283,"63":null},"firefox":{"2":null,"3":0.017132,"3.5":0.004283,"3.6":0.021415,"4":0.004283,"5":null,"6":null,"7":null,"8":0.008566,"9":null,"10":0.004283,"11":0.004283,"12":0.008566,"13":null,"14":null,"15":0.004283,"16":0.008566,"17":0.004283,"18":0.008566,"19":null,"20":0.004283,"21":0.008566,"22":0.004283,"23":0.004283,"24":0.008566,"25":0.004283,"26":0.004283,"27":0.004283,"28":0.004283,"29":0.008566,"30":0.008566,"31":0.017132,"32":0.008566,"33":0.008566,"34":0.008566,"35":0.012849,"36":0.012849,"37":0.017132,"38":0.055679,"39":0.012849,"40":0.017132,"41":0.025698,"42":0.017132,"43":0.047113,"44":0.021415,"45":0.068528,"46":0.021415,"47":0.08566,"48":0.149905,"49":0.077094,"50":0.068528,"51":0.111358,"52":0.492545,"53":0.094226,"54":2.938138,"55":1.190674,"56":0.064245,"57":null,"58":null},"opera":{"9":null,"9.5-9.6":null,"10.0-10.1":0,"10.5":null,"10.6":null,"11":null,"11.1":null,"11.5":null,"11.6":0.004283,"12":0.008566,"12.1":0.068528,"15":null,"16":null,"17":null,"18":null,"19":null,"20":null,"21":null,"22":null,"23":null,"24":null,"25":null,"26":null,"27":null,"28":0.008566,"29":null,"30":null,"31":0.004283,"32":null,"33":null,"34":null,"35":null,"36":0.04283,"37":0.004283,"38":null,"39":null,"40":null,"41":null,"42":0.008566,"43":0.008566,"44":null,"45":0.012849,"46":0.402602,"47":0.359772,"48":0.004283,"49":null},"safari":{"3.1":null,"3.2":null,"4":0.008566,"5":0.021415,"5.1":0.102792,"6":0.004283,"6.1":0.021415,"7":0.012849,"7.1":0.004283,"8":0.081377,"9":0.077094,"9.1":0.282678,"10":0.209867,"10.1":1.477635,"11":0.008566,"0":null},"ios_saf":{"3.2":0,"4.0-4.1":0,"4.2-4.3":0,"5.0-5.1":0,"6.0-6.1":0,"7.0-7.1":0.0457278270193,"8":0,"8.1-8.4":0.0370177647299,"9.0-9.2":0.480142183703,"9.3":0.347313733789,"10.0-10.2":1.34243835035,"10.3":8.40956514041,"11":null},"android":{"2.1":0,"2.2":0,"2.3":0,"3":0,"4":0,"4.1":0.112685210113,"4.2-4.3":0.291103459459,"4.4":0.806012266783,"4.4.3-4.4.4":0.585337063644,"56":null},"op_mob":{"10":null,"11":null,"11.1":null,"11.5":null,"12":null,"12.1":null,"0":null},"ie":{"5.5":null,"6":0.0265366293706,"7":0.0176910862471,"8":0.296325694639,"9":0.159219776224,"10":0.168065319347,"11":3.12689949417},"edge":{"12":0.04283,"13":0.08566,"14":0.586771,"15":null,"16":null},"bb":{"7":0.0240114,"10":0.0960456},"samsung":{"4":null,"5":null},"ie_mob":{"10":0.2454056,"11":0.4238824},"baidu":{"0":null},"and_ff":{"0":0.040019},"and_qq":{"1.2":null},"and_uc":{"0":7.895177},"op_mini":{"0":2.72447231788},"and_chr":{"0":29.530508}},"total":93.4229523179}