{"id":"an","name":"Antarctica","month":"2017-08","access_date":"2017-09-04","data":{"chrome":{"4":0,"5":0,"6":0,"7":0,"8":0,"9":0,"10":0,"11":0,"12":0,"13":0,"14":0,"15":0,"16":0,"17":0,"18":0,"19":0,"20":0,"21":0,"22":0,"23":0,"24":0,"25":0,"26":0,"27":0.140562,"28":0,"29":0,"30":0,"31":0,"32":0,"33":0,"34":0.140562,"35":0,"36":0,"37":0,"38":0.31236,"39":0,"40":0,"41":0,"42":0,"43":0,"44":0,"45":0,"46":0,"47":0,"48":0,"49":0.249888,"50":0,"51":0,"52":0,"53":0,"54":0,"55":0,"56":0.281124,"57":0,"58":1.01517,"59":8.082315,"60":21.420087,"61":0.031236,"62":0,"63":0},"firefox":{"2":0,"3":0,"3.5":0,"3.6":0,"4":0,"5":0,"6":0,"7":0,"8":0,"9":0,"10":0,"11":0,"12":0,"13":0,"14":0,"15":0,"16":0,"17":0,"18":0,"19":0,"20":0,"21":0,"22":0,"23":0,"24":0,"25":0,"26":0,"27":0,"28":0,"29":0,"30":0,"31":0,"32":0,"33":0,"34":0,"35":0,"36":0,"37":0,"38":0,"39":0,"40":0,"41":0,"42":0,"43":0,"44":0,"45":0.109326,"46":0,"47":0.054663,"48":0,"49":0.281124,"50":0.085899,"51":0,"52":0.031236,"53":0.109326,"54":4.755681,"55":2.085003,"56":0.031236,"57":0,"58":0},"opera":{"9":0,"9.5-9.6":0,"10.0-10.1":0,"10.5":0,"10.6":0,"11":0,"11.1":0,"11.5":0,"11.6":0,"12":0,"12.1":0,"15":0,"16":0,"17":0,"18":0,"19":0,"20":0,"21":0,"22":0,"23":0,"24":0,"25":0,"26":0,"27":0,"28":0,"29":0,"30":0,"31":0,"32":0,"33":0,"34":0,"35":0,"36":0,"37":0,"38":0,"39":0,"40":0,"41":0,"42":0,"43":0,"44":0,"45":0,"46":1.71798,"47":0.843372,"48":0,"49":0},"safari":{"3.1":0,"3.2":0,"4":0,"5":0,"5.1":0,"6":0,"6.1":0,"7":0,"7.1":0,"8":0,"9":0.195225,"9.1":5.520963,"10":1.038597,"10.1":20.553288,"11":0.140562,"0":null},"ios_saf":{"3.2":0,"4.0-4.1":0,"4.2-4.3":0,"5.0-5.1":0,"6.0-6.1":0,"7.0-7.1":0.0734066761973,"8":0,"8.1-8.4":0.0594244521597,"9.0-9.2":0.770770100071,"9.3":0.557541183498,"10.0-10.2":2.15501027979,"10.3":13.4998373083,"11":null},"android":{"2.1":0,"2.2":0,"2.3":0,"3":0,"4":0,"4.1":0.0034313304272,"4.2-4.3":0.00886427027027,"4.4":0.0245435440279,"4.4.3-4.4.4":0.0178238552746,"56":null},"op_mob":{"10":null,"11":null,"11.1":null,"11.5":null,"12":null,"12.1":null,"0":null},"ie":{"5.5":0,"6":0,"7":0,"8":0,"9":0.031236,"10":0,"11":3.178263},"edge":{"12":0,"13":0.031236,"14":0.476349,"15":null,"16":null},"bb":{"7":0,"10":0},"samsung":{"4":0,"5":0},"ie_mob":{"10":0.2454056,"11":0.4238824},"baidu":{"0":null},"and_ff":{"0":0.056966},"and_qq":{"1.2":null},"and_uc":{"0":0},"op_mini":{"0":0},"and_chr":{"0":5.907836}},"total":96.748612}