{"id":"AM","name":"Armenia","month":"2017-08","access_date":"2017-09-04","data":{"chrome":{"4":0.043585,"5":0.043585,"6":0.017434,"7":0.017434,"8":0.026151,"9":0.034868,"10":0.017434,"11":0.034868,"12":0.034868,"13":0.034868,"14":0.052302,"15":0.034868,"16":0.026151,"17":0.122038,"18":0.122038,"19":0.156906,"20":0.08717,"21":0.113321,"22":0.078453,"23":0.095887,"24":0.078453,"25":0.061019,"26":0.078453,"27":0.130755,"28":0.061019,"29":0.026151,"30":0.026151,"31":0.069736,"32":0.034868,"33":0.017434,"34":0.017434,"35":0.104604,"36":0.017434,"37":0.026151,"38":0.069736,"39":0.078453,"40":0.078453,"41":0.139472,"42":0.017434,"43":0.034868,"44":0.017434,"45":0.026151,"46":0.008717,"47":0.043585,"48":0.061019,"49":2.240269,"50":0.043585,"51":0.104604,"52":0.08717,"53":0.043585,"54":0.139472,"55":0.26151,"56":0.226642,"57":0.217925,"58":0.566605,"59":7.348431,"60":34.641358,"61":0.095887,"62":0.183057,"63":0},"firefox":{"2":0.061019,"3":0.104604,"3.5":0.200491,"3.6":0.592756,"4":0.034868,"5":0.017434,"6":0.008717,"7":0.008717,"8":0.026151,"9":0.008717,"10":0.008717,"11":0.008717,"12":0.017434,"13":0.008717,"14":0.034868,"15":0.043585,"16":0.017434,"17":0.008717,"18":0.008717,"19":0.026151,"20":0.034868,"21":0.043585,"22":0.017434,"23":0.026151,"24":0.026151,"25":0.034868,"26":0.026151,"27":0.008717,"28":0.026151,"29":0.008717,"30":0.017434,"31":0.017434,"32":0.034868,"33":0.008717,"34":0.008717,"35":0.061019,"36":0.008717,"37":0.034868,"38":0.017434,"39":0.017434,"40":0.008717,"41":0.026151,"42":0.017434,"43":0.034868,"44":0.008717,"45":0.008717,"46":0.008717,"47":0.043585,"48":0.078453,"49":0.034868,"50":0.052302,"51":0.052302,"52":19.238419,"53":0.139472,"54":2.00491,"55":0.819398,"56":0.008717,"57":0,"58":0},"opera":{"9":0,"9.5-9.6":0,"10.0-10.1":0.052302,"10.5":0.017434,"10.6":0.069736,"11":0.017434,"11.1":0.026151,"11.5":0.104604,"11.6":0.244076,"12":0.17434,"12.1":0.557888,"15":0,"16":0.017434,"17":0.008717,"18":0.017434,"19":0,"20":0.043585,"21":0.008717,"22":0,"23":0,"24":0.008717,"25":0.017434,"26":0.017434,"27":0.122038,"28":0.052302,"29":0.017434,"30":0,"31":0,"32":0.008717,"33":0,"34":0,"35":0,"36":0.061019,"37":0.017434,"38":0.008717,"39":0.008717,"40":0.008717,"41":0.008717,"42":0.026151,"43":0.026151,"44":0.017434,"45":0.026151,"46":0.645058,"47":0.801964,"48":0,"49":0},"safari":{"3.1":0.017434,"3.2":0.017434,"4":0.148189,"5":0.139472,"5.1":0.08717,"6":0.043585,"6.1":0.08717,"7":0.017434,"7.1":0.008717,"8":0.043585,"9":0.008717,"9.1":0.043585,"10":0.061019,"10.1":0.52302,"11":0.017434,"0":null},"ios_saf":{"3.2":0,"4.0-4.1":0,"4.2-4.3":0,"5.0-5.1":0,"6.0-6.1":0,"7.0-7.1":0.0198116740529,"8":0,"8.1-8.4":0.0160380218523,"9.0-9.2":0.208022577555,"9.3":0.150474381497,"10.0-10.2":0.58161414541,"10.3":3.64346119963,"11":null},"android":{"2.1":0,"2.2":0,"2.3":0,"3":0,"4":0,"4.1":0.04288381517,"4.2-4.3":0.110783189189,"4.4":0.306738400174,"4.4.3-4.4.4":0.222757595466,"56":null},"op_mob":{"10":null,"11":null,"11.1":null,"11.5":null,"12":null,"12.1":null,"0":null},"ie":{"5.5":0,"6":0,"7":0.00910442222222,"8":0.537160911111,"9":0.236714977778,"10":0.364176888889,"11":1.3110368},"edge":{"12":0.017434,"13":0.052302,"14":0.209208,"15":null,"16":null},"bb":{"7":0.0066716,"10":0.0266864},"samsung":{"4":0,"5":0},"ie_mob":{"10":null,"11":null},"baidu":{"0":null},"and_ff":{"0":0.014113},"and_qq":{"1.2":null},"and_uc":{"0":0.124451},"op_mini":{"0":0.350475665563},"and_chr":{"0":8.098765}},"total":94.2160346656}