{"id":"AO","name":"Angola","month":"2017-08","access_date":"2017-09-04","data":{"chrome":{"4":0,"5":0,"6":0,"7":0,"8":0,"9":0,"10":0,"11":0.05721,"12":0.003814,"13":0.003814,"14":0.007628,"15":0.003814,"16":0.003814,"17":0.003814,"18":0.053396,"19":0.003814,"20":0.007628,"21":0.003814,"22":0.003814,"23":0.003814,"24":0,"25":0.011442,"26":0.022884,"27":0.01907,"28":0.011442,"29":0.026698,"30":0.011442,"31":0.01907,"32":0.030512,"33":0.030512,"34":0.007628,"35":0.015256,"36":1.998536,"37":0.011442,"38":0.007628,"39":0.007628,"40":0.030512,"41":0.102978,"42":0.007628,"43":0.823824,"44":0.007628,"45":0.072466,"46":0.022884,"47":0.061024,"48":0.007628,"49":0.369958,"50":0.07628,"51":0.09535,"52":0.026698,"53":0.045768,"54":0.041954,"55":0.347074,"56":0.110606,"57":0.091536,"58":0.347074,"59":3.71865,"60":11.36572,"61":0.061024,"62":0.034326,"63":0},"firefox":{"2":0,"3":0.015256,"3.5":0,"3.6":0.007628,"4":0.003814,"5":0.003814,"6":0.003814,"7":0.003814,"8":0.007628,"9":0.003814,"10":0.007628,"11":0.01907,"12":0.01907,"13":0.003814,"14":0.015256,"15":0.007628,"16":0.01907,"17":0.003814,"18":0,"19":0.003814,"20":0.011442,"21":0.07628,"22":0.022884,"23":0.015256,"24":0.015256,"25":0.015256,"26":0.026698,"27":0.007628,"28":0.011442,"29":0.011442,"30":0.007628,"31":0.015256,"32":0.003814,"33":0.015256,"34":0.003814,"35":0.011442,"36":0.015256,"37":0.064838,"38":0.007628,"39":0.011442,"40":0.007628,"41":0.011442,"42":0.007628,"43":0.053396,"44":0.022884,"45":0.01907,"46":0.007628,"47":0.122048,"48":0.053396,"49":0.022884,"50":0.034326,"51":0.03814,"52":0.148746,"53":0.087722,"54":2.112956,"55":0.732288,"56":0.022884,"57":0,"58":0},"opera":{"9":0,"9.5-9.6":0,"10.0-10.1":0,"10.5":0,"10.6":0.003814,"11":0,"11.1":0.007628,"11.5":0.022884,"11.6":0.007628,"12":0.011442,"12.1":0.026698,"15":0.003814,"16":0.003814,"17":0,"18":0.003814,"19":0,"20":0.003814,"21":0.003814,"22":0.003814,"23":0,"24":0.003814,"25":0,"26":0,"27":0,"28":0.110606,"29":0.003814,"30":0,"31":0,"32":0.003814,"33":0.003814,"34":0.007628,"35":0,"36":0.022884,"37":0.003814,"38":0,"39":0,"40":0.011442,"41":0.003814,"42":0.030512,"43":0.011442,"44":0,"45":0.01907,"46":0.850522,"47":0.78187,"48":0.003814,"49":0},"safari":{"3.1":0,"3.2":0,"4":0.007628,"5":0.011442,"5.1":0.015256,"6":0.003814,"6.1":0.007628,"7":0.007628,"7.1":0.003814,"8":0.064838,"9":0.015256,"9.1":0.099164,"10":0.198328,"10.1":0.709404,"11":0.003814,"0":null},"ios_saf":{"3.2":0,"4.0-4.1":0,"4.2-4.3":0,"5.0-5.1":0,"6.0-6.1":0,"7.0-7.1":0.0256164660472,"8":0,"8.1-8.4":0.020737139181,"9.0-9.2":0.268972893495,"9.3":0.194563158787,"10.0-10.2":0.752026253242,"10.3":4.71099008925,"11":null},"android":{"2.1":0,"2.2":0,"2.3":0,"3":0,"4":0,"4.1":0.56316479163,"4.2-4.3":1.45484237838,"4.4":4.0281926068,"4.4.3-4.4.4":2.92532822319,"56":null},"op_mob":{"10":null,"11":null,"11.1":null,"11.5":null,"12":null,"12.1":null,"0":null},"ie":{"5.5":0,"6":0,"7":0.0038678266129,"8":0.232069596774,"9":0.402253967742,"10":0.324897435484,"11":2.87379517339},"edge":{"12":0.213584,"13":0.28605,"14":0.747544,"15":null,"16":null},"bb":{"7":0.0334044,"10":0.1336176},"samsung":{"4":0,"5":0},"ie_mob":{"10":null,"11":null},"baidu":{"0":null},"and_ff":{"0":0.024744},"and_qq":{"1.2":null},"and_uc":{"0":1.51557},"op_mini":{"0":12.6552450596},"and_chr":{"0":29.974188}},"total":91.7726690596}