{"id":"AR","name":"Argentina","month":"2017-08","access_date":"2017-09-04","data":{"chrome":{"4":0,"5":0,"6":0,"7":0,"8":0,"9":0,"10":0,"11":0.005789,"12":0.005789,"13":0,"14":0,"15":0,"16":0,"17":0,"18":0.005789,"19":0,"20":0,"21":0.005789,"22":0.017367,"23":0,"24":0,"25":0.005789,"26":0.017367,"27":0.017367,"28":0.005789,"29":0.017367,"30":0.005789,"31":0.023156,"32":0.011578,"33":0.011578,"34":0.040523,"35":0.023156,"36":0.052101,"37":0.023156,"38":0.040523,"39":0.023156,"40":0.011578,"41":0.017367,"42":0.017367,"43":0.052101,"44":0.034734,"45":0.040523,"46":0.05789,"47":0.034734,"48":0.028945,"49":4.11019,"50":0.040523,"51":0.138936,"52":0.028945,"53":0.05789,"54":0.075257,"55":0.144725,"56":0.260505,"57":0.150514,"58":0.434175,"59":8.544564,"60":28.215586,"61":0.063679,"62":0.028945,"63":0},"firefox":{"2":0,"3":0.005789,"3.5":0.005789,"3.6":0.005789,"4":0.005789,"5":0,"6":0.005789,"7":0,"8":0,"9":0,"10":0,"11":0.005789,"12":0.011578,"13":0,"14":0,"15":0.011578,"16":0.005789,"17":0,"18":0,"19":0,"20":0.005789,"21":0.005789,"22":0,"23":0.005789,"24":0.005789,"25":0.005789,"26":0,"27":0.011578,"28":0.005789,"29":0.011578,"30":0.005789,"31":0.011578,"32":0.005789,"33":0.005789,"34":0.005789,"35":0.005789,"36":0.005789,"37":0.011578,"38":0.011578,"39":0.011578,"40":0.011578,"41":0.011578,"42":0.005789,"43":0.052101,"44":0.005789,"45":0.05789,"46":0.028945,"47":0.086835,"48":0.092624,"49":0.040523,"50":0.046312,"51":0.05789,"52":0.856772,"53":0.081046,"54":2.767142,"55":1.1578,"56":0.017367,"57":0,"58":0},"opera":{"9":0,"9.5-9.6":0,"10.0-10.1":0,"10.5":0,"10.6":0,"11":0,"11.1":0,"11.5":0,"11.6":0,"12":0,"12.1":0.011578,"15":0,"16":0,"17":0,"18":0,"19":0,"20":0,"21":0,"22":0,"23":0,"24":0,"25":0,"26":0,"27":0,"28":0,"29":0,"30":0,"31":0,"32":0,"33":0,"34":0,"35":0,"36":0.955185,"37":0,"38":0,"39":0,"40":0,"41":0,"42":0.005789,"43":0.005789,"44":0,"45":0.005789,"46":0.254716,"47":0.243138,"48":0,"49":0},"safari":{"3.1":0,"3.2":0,"4":0,"5":0.005789,"5.1":0.011578,"6":0,"6.1":0.005789,"7":0.005789,"7.1":0,"8":0.017367,"9":0.023156,"9.1":0.098413,"10":0.069468,"10.1":0.584689,"11":0.005789,"0":null},"ios_saf":{"3.2":0,"4.0-4.1":0,"4.2-4.3":0,"5.0-5.1":0,"6.0-6.1":0,"7.0-7.1":0.0142261329521,"8":0,"8.1-8.4":0.0115163933422,"9.0-9.2":0.149374395997,"9.3":0.108050866946,"10.0-10.2":0.41763861738,"10.3":2.61625359338,"11":null},"android":{"2.1":0,"2.2":0,"2.3":0,"3":0,"4":0,"4.1":0.0875893496077,"4.2-4.3":0.226272486486,"4.4":0.626507153444,"4.4.3-4.4.4":0.454978010462,"56":null},"op_mob":{"10":null,"11":null,"11.1":null,"11.5":null,"12":null,"12.1":null,"0":null},"ie":{"5.5":0,"6":0.168460899827,"7":0.0638989620035,"8":0.685461592401,"9":0.139415917098,"10":0.220741868739,"11":2.07962076339},"edge":{"12":0.040523,"13":0.069468,"14":0.358918,"15":null,"16":null},"bb":{"7":0.004211,"10":0.016844},"samsung":{"4":0,"5":0},"ie_mob":{"10":null,"11":null},"baidu":{"0":null},"and_ff":{"0":0.008422},"and_qq":{"1.2":null},"and_uc":{"0":0.189495},"op_mini":{"0":0.766876086093},"and_chr":{"0":35.155854}},"total":95.5196160895}