{"id":"AS","name":"American Samoa","month":"2017-08","access_date":"2017-09-04","data":{"chrome":{"4":0,"5":0,"6":0,"7":0,"8":0,"9":0,"10":0,"11":0.009054,"12":0,"13":0,"14":0,"15":0,"16":0,"17":0,"18":0,"19":0,"20":0,"21":0,"22":0,"23":0,"24":0,"25":0,"26":0,"27":0,"28":0,"29":0,"30":0,"31":0,"32":0,"33":0,"34":0,"35":0,"36":0,"37":0,"38":0,"39":0,"40":0,"41":0,"42":0,"43":0,"44":0,"45":0,"46":0,"47":0.009054,"48":2.191068,"49":0.325944,"50":0,"51":0,"52":0.009054,"53":0.09054,"54":2.842956,"55":0.479862,"56":2.824848,"57":0.009054,"58":0.235404,"59":3.884166,"60":12.838572,"61":0,"62":0,"63":0},"firefox":{"2":0,"3":0,"3.5":0,"3.6":0.099594,"4":0,"5":0,"6":0,"7":0,"8":0,"9":0,"10":0,"11":0,"12":0,"13":0,"14":0,"15":0,"16":0,"17":0.018108,"18":0,"19":0,"20":0,"21":0,"22":0,"23":0,"24":0,"25":0,"26":0,"27":0,"28":0,"29":1.22229,"30":0,"31":0,"32":0.072432,"33":0,"34":0,"35":0,"36":0,"37":0,"38":0.262566,"39":0,"40":2.372148,"41":0,"42":0.009054,"43":0.009054,"44":10.566018,"45":37.48356,"46":0.009054,"47":2.616606,"48":0.22635,"49":0.009054,"50":0.099594,"51":0.217296,"52":0.036216,"53":0.009054,"54":3.965652,"55":0.190134,"56":0.072432,"57":0,"58":0},"opera":{"9":0,"9.5-9.6":0,"10.0-10.1":0,"10.5":0,"10.6":0,"11":0,"11.1":0,"11.5":0.009054,"11.6":0,"12":0,"12.1":0,"15":0,"16":0,"17":0,"18":0,"19":0,"20":0,"21":0,"22":0,"23":0,"24":0,"25":0,"26":0,"27":0,"28":0,"29":0,"30":0,"31":0,"32":0,"33":0,"34":0,"35":0,"36":0,"37":0,"38":0,"39":0,"40":0,"41":0,"42":0,"43":0,"44":0,"45":0,"46":0.018108,"47":0.018108,"48":0,"49":0},"safari":{"3.1":0,"3.2":0,"4":0,"5":0.18108,"5.1":0.027162,"6":0,"6.1":0,"7":0.063378,"7.1":0,"8":0.04527,"9":0.018108,"9.1":0.117702,"10":0.072432,"10.1":0.244458,"11":0,"0":null},"ios_saf":{"3.2":0,"4.0-4.1":0,"4.2-4.3":0,"5.0-5.1":0,"6.0-6.1":0,"7.0-7.1":0.0155189421015,"8":0,"8.1-8.4":0.0125629531298,"9.0-9.2":0.162948892066,"9.3":0.117870060247,"10.0-10.2":0.455591800265,"10.3":2.85400735219,"11":null},"android":{"2.1":0,"2.2":0,"2.3":0,"3":0,"4":0,"4.1":0.0360611403662,"4.2-4.3":0.0931579459459,"4.4":0.257937323452,"4.4.3-4.4.4":0.187317590235,"56":null},"op_mob":{"10":null,"11":null,"11.1":null,"11.5":null,"12":null,"12.1":null,"0":null},"ie":{"5.5":0,"6":0,"7":0,"8":0.009054,"9":0.18108,"10":0.54324,"11":0.561348},"edge":{"12":0.054324,"13":0.190134,"14":0.199188,"15":null,"16":null},"bb":{"7":0,"10":0},"samsung":{"4":0,"5":0},"ie_mob":{"10":null,"11":null},"baidu":{"0":null},"and_ff":{"0":0.005676},"and_qq":{"1.2":null},"and_uc":{"0":0.259204},"op_mini":{"0":0.830801006623},"and_chr":{"0":5.490812}},"total":98.6485370066}