{"id":"AT","name":"Austria","month":"2017-08","access_date":"2017-09-04","data":{"chrome":{"4":0,"5":0,"6":0,"7":0,"8":0,"9":0,"10":0,"11":0.012016,"12":0,"13":0.006008,"14":0.006008,"15":0,"16":0,"17":0,"18":0.006008,"19":0,"20":0,"21":0.006008,"22":0.03004,"23":0,"24":0,"25":0,"26":0.018024,"27":0,"28":0,"29":0,"30":0.006008,"31":0.012016,"32":0.006008,"33":0.006008,"34":0.036048,"35":0.006008,"36":0.018024,"37":0.006008,"38":0.054072,"39":0.012016,"40":0.018024,"41":0.006008,"42":0.006008,"43":0.024032,"44":0.018024,"45":0.036048,"46":0.012016,"47":0.024032,"48":0.03004,"49":0.558744,"50":0.018024,"51":0.042056,"52":0.024032,"53":0.048064,"54":0.186248,"55":0.21028,"56":0.12016,"57":0.156208,"58":0.3004,"59":4.193584,"60":12.592768,"61":0.042056,"62":0.03004,"63":0},"firefox":{"2":0,"3":0.006008,"3.5":0,"3.6":0.006008,"4":0,"5":0,"6":0,"7":0.006008,"8":0,"9":0,"10":0.012016,"11":0,"12":0.06008,"13":0,"14":0,"15":0,"16":0.012016,"17":0,"18":0,"19":0,"20":0.012016,"21":0.006008,"22":0,"23":0,"24":0.006008,"25":0.006008,"26":0.012016,"27":0,"28":0.006008,"29":0.006008,"30":0.006008,"31":0.018024,"32":0.03004,"33":0.012016,"34":0.024032,"35":0.012016,"36":0.012016,"37":0.012016,"38":0.054072,"39":0.018024,"40":0.024032,"41":0.042056,"42":0.054072,"43":0.06008,"44":0.012016,"45":0.156208,"46":0.018024,"47":0.114152,"48":0.258344,"49":0.084112,"50":0.144192,"51":0.114152,"52":1.075432,"53":0.282376,"54":8.1108,"55":3.052064,"56":0.054072,"57":0.006008,"58":0.006008},"opera":{"9":0,"9.5-9.6":0,"10.0-10.1":0,"10.5":0,"10.6":0,"11":0,"11.1":0,"11.5":0,"11.6":0,"12":0,"12.1":0.084112,"15":0,"16":0,"17":0,"18":0,"19":0,"20":0,"21":0,"22":0,"23":0,"24":0,"25":0,"26":0,"27":0,"28":0.006008,"29":0,"30":0.006008,"31":0.006008,"32":0.012016,"33":0,"34":0,"35":0.006008,"36":0.024032,"37":0.006008,"38":0.006008,"39":0.006008,"40":0.006008,"41":0.006008,"42":0.012016,"43":0.042056,"44":0.018024,"45":0.048064,"46":0.805072,"47":1.075432,"48":0.006008,"49":0},"safari":{"3.1":0,"3.2":0,"4":0.012016,"5":0.048064,"5.1":0.108144,"6":0.006008,"6.1":0.048064,"7":0.054072,"7.1":0.06008,"8":0.87116,"9":0.48064,"9.1":1.29172,"10":0.48064,"10.1":2.82376,"11":0.024032,"0":null},"ios_saf":{"3.2":0,"4.0-4.1":0,"4.2-4.3":0,"5.0-5.1":0,"6.0-6.1":0,"7.0-7.1":0.0664249664046,"8":0,"8.1-8.4":0.0537725918513,"9.0-9.2":0.697462147248,"9.3":0.504513435311,"10.0-10.2":1.95004722802,"10.3":12.2158676312,"11":null},"android":{"2.1":0,"2.2":0,"2.3":0,"3":0,"4":0,"4.1":0.091848146469,"4.2-4.3":0.237274378378,"4.4":0.656969380994,"4.4.3-4.4.4":0.477100094159,"56":null},"op_mob":{"10":null,"11":null,"11.1":null,"11.5":null,"12":null,"12.1":null,"0":null},"ie":{"5.5":0,"6":0,"7":0.0180531414713,"8":0.108318848828,"9":0.14442513177,"10":0.192566842361,"11":6.98054803557},"edge":{"12":0.036048,"13":0.18024,"14":1.267688,"15":null,"16":null},"bb":{"7":0.0063872,"10":0.0255488},"samsung":{"4":0,"5":0},"ie_mob":{"10":null,"11":null},"baidu":{"0":null},"and_ff":{"0":0.063872},"and_qq":{"1.2":null},"and_uc":{"0":1.83632},"op_mini":{"0":0.631872794702},"and_chr":{"0":19.978392}},"total":89.8767607947}