{"id":"AU","name":"Australia","month":"2017-08","access_date":"2017-09-04","data":{"chrome":{"4":0,"5":0,"6":0,"7":0,"8":0,"9":0,"10":0,"11":0.005895,"12":0,"13":0,"14":0,"15":0,"16":0,"17":0.005895,"18":0.005895,"19":0,"20":0.005895,"21":0.005895,"22":0.005895,"23":0,"24":0,"25":0,"26":0.01179,"27":0,"28":0,"29":0.005895,"30":0.005895,"31":0.01179,"32":0.005895,"33":0.005895,"34":0.02358,"35":0.01179,"36":0.017685,"37":0.005895,"38":0.041265,"39":0.02358,"40":0.02358,"41":0.017685,"42":0.005895,"43":0.041265,"44":0.029475,"45":0.15327,"46":0.03537,"47":0.04716,"48":0.029475,"49":0.689715,"50":0.100215,"51":0.07074,"52":0.053055,"53":0.064845,"54":0.12969,"55":0.453915,"56":0.489285,"57":0.288855,"58":0.64845,"59":7.39233,"60":17.596575,"61":0.07074,"62":0.03537,"63":0},"firefox":{"2":0,"3":0,"3.5":0.01179,"3.6":0.005895,"4":0,"5":0,"6":0,"7":0,"8":0,"9":0,"10":0,"11":0,"12":0,"13":0,"14":0,"15":0,"16":0.005895,"17":0,"18":0,"19":0,"20":0,"21":0.005895,"22":0,"23":0,"24":0,"25":0,"26":0,"27":0,"28":0.005895,"29":0,"30":0.005895,"31":0.005895,"32":0.005895,"33":0.005895,"34":0.005895,"35":0.005895,"36":0.005895,"37":0.017685,"38":0.017685,"39":0.005895,"40":0.02358,"41":0.017685,"42":0.005895,"43":0.029475,"44":0.005895,"45":0.08253,"46":0.01179,"47":0.064845,"48":0.10611,"49":0.029475,"50":0.053055,"51":0.03537,"52":0.312435,"53":0.07074,"54":2.95929,"55":1.08468,"56":0.03537,"57":0,"58":0},"opera":{"9":0,"9.5-9.6":0,"10.0-10.1":0,"10.5":0,"10.6":0,"11":0,"11.1":0,"11.5":0,"11.6":0,"12":0,"12.1":0.01179,"15":0,"16":0,"17":0,"18":0,"19":0,"20":0,"21":0,"22":0,"23":0,"24":0,"25":0,"26":0,"27":0,"28":0.005895,"29":0,"30":0,"31":0,"32":0.005895,"33":0,"34":0,"35":0,"36":0.005895,"37":0.005895,"38":0,"39":0,"40":0,"41":0,"42":0,"43":0,"44":0,"45":0.005895,"46":0.15327,"47":0.1179,"48":0,"49":0},"safari":{"3.1":0,"3.2":0,"4":0.005895,"5":0.01179,"5.1":0.053055,"6":0.005895,"6.1":0.041265,"7":0.02358,"7.1":0.01179,"8":0.22401,"9":0.21222,"9.1":0.701505,"10":0.618975,"10.1":3.413205,"11":0.017685,"0":null},"ios_saf":{"3.2":0,"4.0-4.1":0,"4.2-4.3":0,"5.0-5.1":0,"6.0-6.1":0,"7.0-7.1":0.130351222302,"8":0,"8.1-8.4":0.105522418054,"9.0-9.2":1.36868783417,"9.3":0.990048569386,"10.0-10.2":3.82673945471,"10.3":23.9722105014,"11":null},"android":{"2.1":0,"2.2":0,"2.3":0,"3":0,"4":0,"4.1":0.0570749084568,"4.2-4.3":0.147443513514,"4.4":0.408244136879,"4.4.3-4.4.4":0.296472441151,"56":null},"op_mob":{"10":null,"11":null,"11.1":null,"11.5":null,"12":null,"12.1":null,"0":null},"ie":{"5.5":0,"6":0.00607983762598,"7":0.00607983762598,"8":0.127676590146,"9":0.139836265398,"10":0.133756427772,"11":5.00978620381},"edge":{"12":0.041265,"13":0.16506,"14":1.15542,"15":null,"16":null},"bb":{"7":0.002463,"10":0.009852},"samsung":{"4":0,"5":0},"ie_mob":{"10":null,"11":null},"baidu":{"0":null},"and_ff":{"0":0.045155},"and_qq":{"1.2":null},"and_uc":{"0":0.816895},"op_mini":{"0":0.607839039735},"and_chr":{"0":14.85316}},"total":93.7958242021}