{"id":"AW","name":"Aruba","month":"2017-08","access_date":"2017-09-04","data":{"chrome":{"4":0,"5":0,"6":0,"7":0,"8":0,"9":0,"10":0,"11":0.004545,"12":0,"13":0,"14":0,"15":0,"16":0,"17":0,"18":0,"19":0,"20":0.004545,"21":0,"22":0.031815,"23":0,"24":0,"25":0,"26":0,"27":0,"28":0,"29":0,"30":0.004545,"31":0.00909,"32":0.01818,"33":0,"34":0.00909,"35":0.004545,"36":0.040905,"37":0.022725,"38":0.00909,"39":0.004545,"40":0,"41":0.004545,"42":0,"43":0.04545,"44":0.031815,"45":0.06363,"46":0.013635,"47":0.022725,"48":0.013635,"49":0.6363,"50":0.00909,"51":0.00909,"52":0.02727,"53":0.040905,"54":0.02727,"55":0.077265,"56":0.086355,"57":0.077265,"58":0.204525,"59":5.19039,"60":14.80761,"61":0.06363,"62":0.022725,"63":0},"firefox":{"2":0,"3":0,"3.5":0,"3.6":0,"4":0,"5":0,"6":0,"7":0,"8":0,"9":0,"10":0.004545,"11":0,"12":0.022725,"13":0.004545,"14":0,"15":0,"16":0,"17":0,"18":0,"19":0,"20":0,"21":0.004545,"22":0.004545,"23":0,"24":0,"25":0,"26":0,"27":0,"28":0,"29":0,"30":0,"31":0,"32":0,"33":0,"34":0.02727,"35":0,"36":0.004545,"37":0.00909,"38":0.004545,"39":0.004545,"40":0.004545,"41":0.01818,"42":0,"43":0.00909,"44":0,"45":0.013635,"46":0.00909,"47":0.01818,"48":0.104535,"49":0.00909,"50":0.031815,"51":0.11817,"52":0.249975,"53":0.05454,"54":1.96344,"55":0.786285,"56":0.01818,"57":0,"58":0},"opera":{"9":0,"9.5-9.6":0,"10.0-10.1":0,"10.5":0,"10.6":0,"11":0,"11.1":0,"11.5":0,"11.6":0,"12":0,"12.1":0.00909,"15":0,"16":0,"17":0,"18":0,"19":0,"20":0,"21":0,"22":0,"23":0,"24":0,"25":0,"26":0,"27":0,"28":0,"29":0.004545,"30":0,"31":0,"32":0,"33":0,"34":0,"35":0,"36":0,"37":0.004545,"38":0,"39":0,"40":0,"41":0,"42":0,"43":0,"44":0,"45":0,"46":0.104535,"47":0.077265,"48":0,"49":0},"safari":{"3.1":0,"3.2":0,"4":0,"5":0.00909,"5.1":0.013635,"6":0,"6.1":0.004545,"7":0,"7.1":0.00909,"8":0.04545,"9":0.049995,"9.1":0.26361,"10":0.177255,"10.1":2.140695,"11":0.013635,"0":null},"ios_saf":{"3.2":0,"4.0-4.1":0,"4.2-4.3":0,"5.0-5.1":0,"6.0-6.1":0,"7.0-7.1":0.112761143674,"8":0,"8.1-8.4":0.0912828305933,"9.0-9.2":1.18399200858,"9.3":0.856447734096,"10.0-10.2":3.31034500357,"10.3":20.7373112795,"11":null},"android":{"2.1":0,"2.2":0,"2.3":0,"3":0,"4":0,"4.1":0.0817755536181,"4.2-4.3":0.211253513514,"4.4":0.584922362685,"4.4.3-4.4.4":0.424778570183,"56":null},"op_mob":{"10":null,"11":null,"11.1":null,"11.5":null,"12":null,"12.1":null,"0":null},"ie":{"5.5":0,"6":0,"7":0.004545,"8":0.12726,"9":0.104535,"10":0.813555,"11":5.29038},"edge":{"12":0.06363,"13":0.213615,"14":0.995355,"15":null,"16":null},"bb":{"7":0.01091,"10":0.04364},"samsung":{"4":0,"5":0},"ie_mob":{"10":null,"11":null},"baidu":{"0":null},"and_ff":{"0":0.038185},"and_qq":{"1.2":null},"and_uc":{"0":0.09819},"op_mini":{"0":0.153191572848},"and_chr":{"0":23.78805}},"total":87.4052865728}