{"id":"AX","name":"Aland Islands","month":"2017-08","access_date":"2017-09-04","data":{"chrome":{"4":0,"5":0,"6":0,"7":0,"8":0,"9":0,"10":0,"11":0,"12":0,"13":0,"14":0,"15":0,"16":0,"17":0,"18":0,"19":0,"20":0,"21":0,"22":0.015244,"23":0,"24":0,"25":0,"26":0,"27":0,"28":0,"29":0,"30":0,"31":0,"32":0,"33":0,"34":0,"35":0,"36":0.07622,"37":0,"38":0.022866,"39":0.007622,"40":0,"41":0,"42":0,"43":0,"44":0,"45":0,"46":0,"47":0.007622,"48":0.015244,"49":1.021348,"50":0,"51":0,"52":0,"53":0.053354,"54":0.015244,"55":0.030488,"56":0.015244,"57":0.045732,"58":0.083842,"59":5.007654,"60":17.210476,"61":0.045732,"62":0.221038,"63":0},"firefox":{"2":0,"3":0,"3.5":0,"3.6":0,"4":0,"5":0,"6":0,"7":0,"8":0,"9":0,"10":0,"11":0,"12":0,"13":0,"14":0,"15":0,"16":0,"17":0,"18":0,"19":0,"20":0,"21":0,"22":0,"23":0,"24":0,"25":0,"26":0,"27":0,"28":0,"29":0,"30":0,"31":0,"32":0,"33":0,"34":0,"35":0,"36":0,"37":0,"38":0,"39":0,"40":0.007622,"41":0.015244,"42":0.030488,"43":0,"44":0,"45":0.007622,"46":0.007622,"47":0.083842,"48":0.213416,"49":0.015244,"50":0,"51":0,"52":0.373478,"53":0.03811,"54":4.34454,"55":2.111294,"56":0.015244,"57":0,"58":0},"opera":{"9":0,"9.5-9.6":0,"10.0-10.1":0,"10.5":0,"10.6":0,"11":0,"11.1":0,"11.5":0,"11.6":0,"12":0,"12.1":0,"15":0,"16":0,"17":0,"18":0,"19":0,"20":0,"21":0,"22":0,"23":0,"24":0,"25":0,"26":0,"27":0,"28":0,"29":0,"30":0,"31":0,"32":0,"33":0,"34":0,"35":0,"36":0.022866,"37":0,"38":0,"39":0,"40":0,"41":0,"42":0,"43":0,"44":0,"45":0,"46":0.205794,"47":0.365856,"48":0,"49":0},"safari":{"3.1":0,"3.2":0,"4":0,"5":0,"5.1":0.030488,"6":0,"6.1":0.007622,"7":0.007622,"7.1":0,"8":0.03811,"9":0.03811,"9.1":0.556406,"10":0.129574,"10.1":23.292832,"11":0,"0":null},"ios_saf":{"3.2":0,"4.0-4.1":0,"4.2-4.3":0,"5.0-5.1":0,"6.0-6.1":0,"7.0-7.1":0.0865962802001,"8":0,"8.1-8.4":0.0701017506382,"9.0-9.2":0.909260942102,"9.3":0.657719366282,"10.0-10.2":2.54221936873,"10.3":15.925468292,"11":null},"android":{"2.1":0,"2.2":0,"2.3":0,"3":0,"4":0,"4.1":0.0343065248474,"4.2-4.3":0.0886251891892,"4.4":0.245386948561,"4.4.3-4.4.4":0.178203337402,"56":null},"op_mob":{"10":null,"11":null,"11.1":null,"11.5":null,"12":null,"12.1":null,"0":null},"ie":{"5.5":0,"6":0,"7":0.007622,"8":0.083842,"9":0.030488,"10":0.030488,"11":5.403998},"edge":{"12":0.015244,"13":0.30488,"14":0.960372,"15":null,"16":null},"bb":{"7":0.009512,"10":0.038048},"samsung":{"4":0,"5":0},"ie_mob":{"10":null,"11":null},"baidu":{"0":null},"and_ff":{"0":0.014268},"and_qq":{"1.2":null},"and_uc":{"0":0.007134},"op_mini":{"0":0.0971357880795},"and_chr":{"0":11.358886}},"total":94.9538217881}