{"id":"AZ","name":"Azerbaijan","month":"2017-08","access_date":"2017-09-04","data":{"chrome":{"4":0.012561,"5":0.016748,"6":0.004187,"7":0.004187,"8":0.012561,"9":0.016748,"10":0.016748,"11":0.04187,"12":0.025122,"13":0.016748,"14":0.029309,"15":0.012561,"16":0.029309,"17":0.020935,"18":0.020935,"19":0.016748,"20":0.016748,"21":0.029309,"22":0.142358,"23":0.020935,"24":0.012561,"25":0.016748,"26":0.071179,"27":0.025122,"28":0.025122,"29":0.012561,"30":0.012561,"31":0.012561,"32":0.012561,"33":0.008374,"34":0.025122,"35":0.020935,"36":0.008374,"37":0.012561,"38":0.037683,"39":0.033496,"40":0.037683,"41":0.025122,"42":0.016748,"43":0.062805,"44":0.020935,"45":0.029309,"46":0.012561,"47":0.029309,"48":0.033496,"49":1.582686,"50":0.025122,"51":0.184228,"52":0.029309,"53":0.071179,"54":0.146545,"55":0.238659,"56":0.192602,"57":0.150732,"58":0.439635,"59":5.007652,"60":16.78987,"61":0.054431,"62":0.046057,"63":0},"firefox":{"2":0.008374,"3":0.037683,"3.5":0.062805,"3.6":0.129797,"4":0.008374,"5":0.004187,"6":0.004187,"7":0,"8":0,"9":0.004187,"10":0.012561,"11":0.004187,"12":0.004187,"13":0.004187,"14":0.008374,"15":0.008374,"16":0,"17":0.008374,"18":0.004187,"19":0.008374,"20":0.008374,"21":0.008374,"22":0.004187,"23":0.008374,"24":0.008374,"25":0.008374,"26":0.004187,"27":0.004187,"28":0.012561,"29":0.004187,"30":0.004187,"31":0.008374,"32":0.020935,"33":0.004187,"34":0.004187,"35":0.008374,"36":0.016748,"37":0.008374,"38":0.004187,"39":0.004187,"40":0.008374,"41":0.008374,"42":0,"43":0.008374,"44":0.004187,"45":0.012561,"46":0.004187,"47":0.029309,"48":0.050244,"49":0.008374,"50":0.033496,"51":0.020935,"52":0.121423,"53":0.075366,"54":0.678294,"55":0.272155,"56":0.008374,"57":0,"58":0},"opera":{"9":0,"9.5-9.6":0,"10.0-10.1":0.004187,"10.5":0.016748,"10.6":0.016748,"11":0.008374,"11.1":0.004187,"11.5":0.008374,"11.6":0.054431,"12":0.075366,"12.1":0.330773,"15":0.012561,"16":0.008374,"17":0.004187,"18":0.016748,"19":0.012561,"20":0.016748,"21":0.008374,"22":0.004187,"23":0.004187,"24":0.004187,"25":0.008374,"26":0.004187,"27":0.033496,"28":0.020935,"29":0.004187,"30":0.008374,"31":0.004187,"32":0.008374,"33":0.008374,"34":0.008374,"35":0.008374,"36":0.117236,"37":0.016748,"38":0.016748,"39":0.025122,"40":0.012561,"41":0.050244,"42":0.066992,"43":0.08374,"44":0.016748,"45":0.058618,"46":1.607808,"47":1.561751,"48":0.016748,"49":0},"safari":{"3.1":0.004187,"3.2":0.004187,"4":0.016748,"5":0.033496,"5.1":0.058618,"6":0.004187,"6.1":0.004187,"7":0.004187,"7.1":0,"8":0.347521,"9":0.008374,"9.1":0.08374,"10":0.050244,"10.1":0.318212,"11":0,"0":null},"ios_saf":{"3.2":0,"4.0-4.1":0,"4.2-4.3":0,"5.0-5.1":0,"6.0-6.1":0,"7.0-7.1":0.032438470336,"8":0,"8.1-8.4":0.0262597140815,"9.0-9.2":0.340603938528,"9.3":0.246377905647,"10.0-10.2":0.95230080772,"10.3":5.96558916369,"11":null},"android":{"2.1":0,"2.2":0,"2.3":0,"3":0,"4":0,"4.1":0.346184599826,"4.2-4.3":0.894310216216,"4.4":2.47618151264,"4.4.3-4.4.4":1.79823667132,"56":null},"op_mob":{"10":null,"11":null,"11.1":null,"11.5":null,"12":null,"12.1":null,"0":null},"ie":{"5.5":0,"6":0.00440826422764,"7":0.00881652845528,"8":0.246862796748,"9":0.0969818130081,"10":0.154289247967,"11":0.573074349593},"edge":{"12":0.016748,"13":0.025122,"14":0.096301,"15":null,"16":null},"bb":{"7":0.0313902,"10":0.1255608},"samsung":{"4":0,"5":0},"ie_mob":{"10":null,"11":null},"baidu":{"0":null},"and_ff":{"0":0.011626},"and_qq":{"1.2":null},"and_uc":{"0":0.732438},"op_mini":{"0":5.43656012914},"and_chr":{"0":34.291668}},"total":88.1499881291}