{"id":"BA","name":"Bosnia and Herzegovina","month":"2017-08","access_date":"2017-09-04","data":{"chrome":{"4":0,"5":0,"6":0,"7":0,"8":0.004884,"9":0,"10":0,"11":0.009768,"12":0,"13":0,"14":0,"15":0,"16":0,"17":0,"18":0,"19":0,"20":0,"21":0,"22":0.019536,"23":0.004884,"24":0,"25":0.004884,"26":0.014652,"27":0,"28":0.004884,"29":0.004884,"30":0.004884,"31":0.009768,"32":0.004884,"33":0.009768,"34":0.034188,"35":0.004884,"36":0.004884,"37":0.009768,"38":0.034188,"39":0.019536,"40":0.019536,"41":0.029304,"42":0.004884,"43":0.058608,"44":0.009768,"45":0.009768,"46":0.014652,"47":0.014652,"48":0.034188,"49":2.358972,"50":0.019536,"51":0.02442,"52":0.014652,"53":0.043956,"54":0.039072,"55":0.141636,"56":0.136752,"57":0.078144,"58":0.297924,"59":6.652008,"60":21.68496,"61":0.09768,"62":0.034188,"63":0},"firefox":{"2":0,"3":0.004884,"3.5":0.004884,"3.6":0.004884,"4":0,"5":0,"6":0,"7":0,"8":0,"9":0,"10":0.004884,"11":0,"12":0.004884,"13":0.004884,"14":0.014652,"15":0.029304,"16":0,"17":0,"18":0.004884,"19":0.004884,"20":0.004884,"21":0,"22":0,"23":0,"24":0,"25":0,"26":0,"27":0,"28":0,"29":0.004884,"30":0.004884,"31":0.009768,"32":0.004884,"33":0.004884,"34":0.004884,"35":0.014652,"36":0.009768,"37":0.009768,"38":0.009768,"39":0.009768,"40":0.004884,"41":0.009768,"42":0.019536,"43":0.04884,"44":0.009768,"45":0.117216,"46":0.02442,"47":0.078144,"48":0.043956,"49":0.039072,"50":0.04884,"51":0.078144,"52":0.991452,"53":0.058608,"54":4.239312,"55":1.865688,"56":0.04884,"57":0.004884,"58":0},"opera":{"9":0,"9.5-9.6":0,"10.0-10.1":0,"10.5":0,"10.6":0,"11":0,"11.1":0,"11.5":0,"11.6":0,"12":0,"12.1":0.014652,"15":0,"16":0,"17":0,"18":0.004884,"19":0,"20":0,"21":0,"22":0,"23":0,"24":0,"25":0,"26":0,"27":0,"28":0,"29":0,"30":0.004884,"31":0.004884,"32":0.004884,"33":0,"34":0,"35":0.004884,"36":0.151404,"37":0,"38":0,"39":0.004884,"40":0.004884,"41":0.004884,"42":0.009768,"43":0.039072,"44":0.004884,"45":0.014652,"46":0.786324,"47":0.791208,"48":0.009768,"49":0},"safari":{"3.1":0,"3.2":0,"4":0.004884,"5":0.039072,"5.1":0.004884,"6":0,"6.1":0.009768,"7":0.004884,"7.1":0,"8":0.009768,"9":0.014652,"9.1":0.068376,"10":0.039072,"10.1":0.400488,"11":0.004884,"0":null},"ios_saf":{"3.2":0,"4.0-4.1":0,"4.2-4.3":0,"5.0-5.1":0,"6.0-6.1":0,"7.0-7.1":0.0258334353109,"8":0,"8.1-8.4":0.020912780966,"9.0-9.2":0.271251070765,"9.3":0.196211092004,"10.0-10.2":0.758395850914,"10.3":4.75089177004,"11":null},"android":{"2.1":0,"2.2":0,"2.3":0,"3":0,"4":0,"4.1":0.224908666085,"4.2-4.3":0.581014054054,"4.4":1.60872170881,"4.4.3-4.4.4":1.16827557105,"56":null},"op_mob":{"10":null,"11":null,"11.1":null,"11.5":null,"12":null,"12.1":null,"0":null},"ie":{"5.5":0,"6":0.00980066889632,"7":0.00490033444816,"8":0.0539036789298,"9":0.0392026755853,"10":0.0490033444816,"11":1.30838929766},"edge":{"12":0.02442,"13":0.083028,"14":0.273504,"15":null,"16":null},"bb":{"7":0.0020464,"10":0.0081856},"samsung":{"4":0,"5":0},"ie_mob":{"10":null,"11":null},"baidu":{"0":null},"and_ff":{"0":0.010232},"and_qq":{"1.2":null},"and_uc":{"0":0.056276},"op_mini":{"0":0.21768410596},"and_chr":{"0":41.309132}},"total":95.449244106}