{"id":"BB","name":"Barbados","month":"2017-08","access_date":"2017-09-04","data":{"chrome":{"4":0,"5":0,"6":0,"7":0,"8":0,"9":0,"10":0,"11":0.027744,"12":0.006936,"13":0,"14":0,"15":0,"16":0,"17":0,"18":0.006936,"19":0,"20":0,"21":0,"22":0.263568,"23":0,"24":0,"25":0,"26":0,"27":0.006936,"28":0,"29":0.263568,"30":0,"31":0,"32":0.006936,"33":0.006936,"34":0.048552,"35":0.013872,"36":0.076296,"37":0.020808,"38":0.048552,"39":0.013872,"40":0.027744,"41":0,"42":0.006936,"43":0.027744,"44":0.020808,"45":0.020808,"46":0.006936,"47":0.006936,"48":0.131784,"49":1.151376,"50":0.020808,"51":0.03468,"52":0.020808,"53":0.027744,"54":0.062424,"55":0.367608,"56":0.097104,"57":0.076296,"58":0.284376,"59":7.740576,"60":22.805568,"61":0.055488,"62":0.041616,"63":0},"firefox":{"2":0,"3":0.027744,"3.5":0,"3.6":0.006936,"4":0,"5":0,"6":0,"7":0,"8":0,"9":0,"10":0,"11":0.006936,"12":0.013872,"13":0,"14":0,"15":0,"16":0,"17":0,"18":0,"19":0.006936,"20":0,"21":0.006936,"22":0,"23":0,"24":0,"25":0,"26":0,"27":0,"28":0.006936,"29":0,"30":0,"31":0,"32":0,"33":0,"34":0,"35":0,"36":0,"37":0.006936,"38":0,"39":0.013872,"40":0.013872,"41":0,"42":0.006936,"43":0.006936,"44":0,"45":0.013872,"46":0,"47":0.027744,"48":0.117912,"49":0.013872,"50":0.03468,"51":0.03468,"52":0.395352,"53":0.055488,"54":3.6414,"55":1.962888,"56":0.06936,"57":0.006936,"58":0},"opera":{"9":0,"9.5-9.6":0.006936,"10.0-10.1":0,"10.5":0,"10.6":0,"11":0,"11.1":0,"11.5":0,"11.6":0,"12":0,"12.1":0.06936,"15":0,"16":0,"17":0,"18":0,"19":0,"20":0,"21":0.006936,"22":0,"23":0,"24":0,"25":0,"26":0,"27":0.006936,"28":0,"29":0.006936,"30":0,"31":0,"32":0,"33":0,"34":0,"35":0,"36":0.006936,"37":0.03468,"38":0,"39":0,"40":0,"41":0,"42":0,"43":0,"44":0,"45":0,"46":0.707472,"47":0.534072,"48":0,"49":0},"safari":{"3.1":0,"3.2":0,"4":0.041616,"5":0,"5.1":0.041616,"6":0,"6.1":0.013872,"7":0,"7.1":0,"8":0.055488,"9":0.090168,"9.1":0.298248,"10":0.291312,"10.1":1.914336,"11":0.020808,"0":null},"ios_saf":{"3.2":0,"4.0-4.1":0,"4.2-4.3":0,"5.0-5.1":0,"6.0-6.1":0,"7.0-7.1":0.0463115596855,"8":0,"8.1-8.4":0.0374903102216,"9.0-9.2":0.486271376698,"9.3":0.351747322373,"10.0-10.2":1.35957507362,"10.3":8.5169163574,"11":null},"android":{"2.1":0,"2.2":0,"2.3":0,"3":0,"4":0,"4.1":0.256834734089,"4.2-4.3":0.66348972973,"4.4":1.83708177855,"4.4.3-4.4.4":1.33411375763,"56":null},"op_mob":{"10":null,"11":null,"11.1":null,"11.5":null,"12":null,"12.1":null,"0":null},"ie":{"5.5":0,"6":0,"7":0.00754552727273,"8":0.543277963636,"9":0.196183709091,"10":0.294275563636,"11":3.93876523636},"edge":{"12":0.097104,"13":0.388416,"14":2.11548,"15":null,"16":null},"bb":{"7":0.039832,"10":0.159328},"samsung":{"4":0,"5":0},"ie_mob":{"10":null,"11":null},"baidu":{"0":null},"and_ff":{"0":0.01532},"and_qq":{"1.2":null},"and_uc":{"0":0.159328},"op_mini":{"0":0.344182569536},"and_chr":{"0":21.877912}},"total":89.5612225695}