{"id":"BD","name":"Bangladesh","month":"2017-08","access_date":"2017-09-04","data":{"chrome":{"4":0.002677,"5":0,"6":0,"7":0,"8":0,"9":0,"10":0.002677,"11":0.010708,"12":0.008031,"13":0.002677,"14":0.002677,"15":0,"16":0.002677,"17":0.002677,"18":0.005354,"19":0.005354,"20":0.002677,"21":0.002677,"22":0.005354,"23":0.005354,"24":0.002677,"25":0.005354,"26":0.005354,"27":0.005354,"28":0.016062,"29":0.037478,"30":0.005354,"31":0.069602,"32":0.010708,"33":0.024093,"34":0.010708,"35":0.002677,"36":0.002677,"37":0.005354,"38":0.005354,"39":0.016062,"40":0.002677,"41":0.005354,"42":0.002677,"43":0.141881,"44":0.008031,"45":0.032124,"46":0.010708,"47":0.037478,"48":0.048186,"49":0.457767,"50":0.013385,"51":0.08031,"52":0.008031,"53":0.037478,"54":0.037478,"55":0.144558,"56":0.085664,"57":0.040155,"58":0.13385,"59":2.417331,"60":8.234452,"61":0.096372,"62":0.088341,"63":0},"firefox":{"2":0.002677,"3":0.050863,"3.5":0.005354,"3.6":0.016062,"4":0.037478,"5":0.002677,"6":0.002677,"7":0.002677,"8":0.005354,"9":0.008031,"10":0.010708,"11":0.037478,"12":0.018739,"13":0.010708,"14":0.018739,"15":0.010708,"16":0.010708,"17":0.008031,"18":0.010708,"19":0.008031,"20":0.010708,"21":0.010708,"22":0.008031,"23":0.005354,"24":0.010708,"25":0.013385,"26":0.008031,"27":0.010708,"28":0.005354,"29":0.037478,"30":0.037478,"31":0.013385,"32":0.013385,"33":0.018739,"34":0.013385,"35":0.024093,"36":0.045509,"37":0.024093,"38":0.050863,"39":0.034801,"40":0.05354,"41":0.050863,"42":0.040155,"43":0.174005,"44":0.099049,"45":0.050863,"46":0.048186,"47":0.254315,"48":0.171328,"49":0.096372,"50":0.147235,"51":0.088341,"52":0.575555,"53":0.125819,"54":3.58718,"55":2.055936,"56":0.594294,"57":0.002677,"58":0},"opera":{"9":0,"9.5-9.6":0.002677,"10.0-10.1":0.002677,"10.5":0,"10.6":0.002677,"11":0.002677,"11.1":0,"11.5":0.008031,"11.6":0.005354,"12":0.002677,"12.1":0.018739,"15":0,"16":0.002677,"17":0,"18":0.002677,"19":0,"20":0.002677,"21":0,"22":0,"23":0,"24":0,"25":0,"26":0,"27":0,"28":0.005354,"29":0.002677,"30":0.002677,"31":0,"32":0.002677,"33":0.002677,"34":0.002677,"35":0.002677,"36":0.016062,"37":0.013385,"38":0,"39":0,"40":0.002677,"41":0.002677,"42":0.010708,"43":0.005354,"44":0,"45":0.005354,"46":0.366749,"47":0.390842,"48":0.002677,"49":0},"safari":{"3.1":0,"3.2":0,"4":0.008031,"5":0.002677,"5.1":0.005354,"6":0.002677,"6.1":0,"7":0.002677,"7.1":0,"8":0.010708,"9":0.010708,"9.1":0.02677,"10":0.016062,"10.1":0.085664,"11":0.002677,"0":null},"ios_saf":{"3.2":0,"4.0-4.1":0,"4.2-4.3":0,"5.0-5.1":0,"6.0-6.1":0,"7.0-7.1":0.00476870050036,"8":0,"8.1-8.4":0.00386037659553,"9.0-9.2":0.0500713552538,"9.3":0.0362194157051,"10.0-10.2":0.139995421832,"10.3":0.876986730113,"11":null},"android":{"2.1":0,"2.2":0,"2.3":0,"3":0,"4":0,"4.1":0.296389851787,"4.2-4.3":0.765673783784,"4.4":2.12001074542,"4.4.3-4.4.4":1.53958061901,"56":null},"op_mob":{"10":null,"11":null,"11.1":null,"11.5":null,"12":null,"12.1":null,"0":null},"ie":{"5.5":0,"6":0.00607319402985,"7":0.00303659701493,"8":0.249000955224,"9":0.0303659701493,"10":0.0698417313433,"11":0.252037552239},"edge":{"12":0.091018,"13":0.050863,"14":0.074956,"15":null,"16":null},"bb":{"7":0.0043938,"10":0.0175752},"samsung":{"4":0,"5":0},"ie_mob":{"10":null,"11":null},"baidu":{"0":null},"and_ff":{"0":0.021969},"and_qq":{"1.2":null},"and_uc":{"0":15.846972},"op_mini":{"0":15.4424611192},"and_chr":{"0":32.526273}},"total":92.9268841192}