{"id":"BE","name":"Belgium","month":"2017-08","access_date":"2017-09-04","data":{"chrome":{"4":0,"5":0,"6":0,"7":0,"8":0,"9":0,"10":0,"11":0.006814,"12":0,"13":0,"14":0,"15":0,"16":0,"17":0,"18":0.006814,"19":0,"20":0,"21":0,"22":0.006814,"23":0,"24":0,"25":0,"26":0.006814,"27":0.006814,"28":0,"29":0.061326,"30":0.006814,"31":0.013628,"32":0.006814,"33":0.006814,"34":0.020442,"35":0.006814,"36":0.027256,"37":0.013628,"38":0.027256,"39":0.03407,"40":0.020442,"41":0.03407,"42":0.006814,"43":0.027256,"44":0.020442,"45":0.03407,"46":0.020442,"47":0.020442,"48":0.020442,"49":1.12431,"50":0.020442,"51":0.047698,"52":0.027256,"53":0.06814,"54":0.109024,"55":0.231676,"56":0.13628,"57":0.163536,"58":0.30663,"59":6.091716,"60":19.937764,"61":0.054512,"62":0.040884,"63":0},"firefox":{"2":0.006814,"3":0.006814,"3.5":0,"3.6":0.006814,"4":0,"5":0,"6":0,"7":0,"8":0,"9":0.006814,"10":0,"11":0.006814,"12":0,"13":0,"14":0,"15":0,"16":0.006814,"17":0,"18":0,"19":0,"20":0.006814,"21":0.013628,"22":0.006814,"23":0.006814,"24":0.006814,"25":0.006814,"26":0,"27":0,"28":0.006814,"29":0.006814,"30":0,"31":0.013628,"32":0.006814,"33":0.006814,"34":0.006814,"35":0.006814,"36":0.020442,"37":0.020442,"38":0.020442,"39":0.013628,"40":0.013628,"41":0.013628,"42":0.006814,"43":0.020442,"44":0.006814,"45":0.129466,"46":0.013628,"47":0.06814,"48":0.20442,"49":0.03407,"50":0.061326,"51":0.061326,"52":0.606446,"53":0.109024,"54":4.728916,"55":1.826152,"56":0.027256,"57":0.006814,"58":0},"opera":{"9":0,"9.5-9.6":0,"10.0-10.1":0,"10.5":0,"10.6":0,"11":0,"11.1":0,"11.5":0,"11.6":0,"12":0,"12.1":0.020442,"15":0,"16":0,"17":0,"18":0,"19":0,"20":0,"21":0,"22":0,"23":0,"24":0,"25":0,"26":0,"27":0,"28":0.027256,"29":0,"30":0,"31":0,"32":0,"33":0,"34":0.006814,"35":0,"36":0.020442,"37":0.006814,"38":0,"39":0,"40":0,"41":0,"42":0.006814,"43":0.020442,"44":0.006814,"45":0.013628,"46":0.367956,"47":0.333886,"48":0,"49":0},"safari":{"3.1":0,"3.2":0,"4":0.020442,"5":0.027256,"5.1":0.081768,"6":0.006814,"6.1":0.047698,"7":0.040884,"7.1":0.054512,"8":0.872192,"9":0.497422,"9.1":1.342358,"10":0.538306,"10.1":3.584164,"11":0.013628,"0":null},"ios_saf":{"3.2":0,"4.0-4.1":0,"4.2-4.3":0,"5.0-5.1":0,"6.0-6.1":0,"7.0-7.1":0.0736211322373,"8":0,"8.1-8.4":0.0595980594302,"9.0-9.2":0.773021888492,"9.3":0.559170028183,"10.0-10.2":2.1613060964,"10.3":13.5392767953,"11":null},"android":{"2.1":0,"2.2":0,"2.3":0,"3":0,"4":0,"4.1":0.080082831735,"4.2-4.3":0.206880648649,"4.4":0.572814699215,"4.4.3-4.4.4":0.415985820401,"56":null},"op_mob":{"10":null,"11":null,"11.1":null,"11.5":null,"12":null,"12.1":null,"0":null},"ie":{"5.5":0,"6":0,"7":0.0068350633694,"8":0.11619607728,"9":0.198216837713,"10":0.184546710974,"11":8.33877731066},"edge":{"12":0.03407,"13":0.163536,"14":1.574034,"15":null,"16":null},"bb":{"7":0.0057348,"10":0.0229392},"samsung":{"4":0,"5":0},"ie_mob":{"10":null,"11":null},"baidu":{"0":null},"and_ff":{"0":0.038232},"and_qq":{"1.2":null},"and_uc":{"0":0.105138},"op_mini":{"0":0.0976055364238},"and_chr":{"0":16.835232}},"total":91.1011815364}