{"id":"BF","name":"Burkina Faso","month":"2017-08","access_date":"2017-09-04","data":{"chrome":{"4":0,"5":0,"6":0,"7":0,"8":0,"9":0,"10":0.005268,"11":0.049168,"12":0,"13":0.001756,"14":0,"15":0.021072,"16":0.001756,"17":0.014048,"18":0.001756,"19":0.001756,"20":0,"21":0.001756,"22":0.001756,"23":0.001756,"24":0.001756,"25":0.003512,"26":0.010536,"27":0.007024,"28":0.007024,"29":0.054436,"30":0.007024,"31":0.03512,"32":0.012292,"33":0.003512,"34":0.010536,"35":0.003512,"36":0.029852,"37":0.001756,"38":0.003512,"39":0.003512,"40":0.003512,"41":0.001756,"42":0.003512,"43":0.056192,"44":0.001756,"45":0.005268,"46":0.001756,"47":0.001756,"48":0.003512,"49":0.265156,"50":0.00878,"51":0.014048,"52":0.001756,"53":0.005268,"54":0.003512,"55":0.10536,"56":0.019316,"57":0.07024,"58":0.06146,"59":1.213396,"60":3.016808,"61":0.005268,"62":0.001756,"63":0},"firefox":{"2":0.001756,"3":0.507484,"3.5":0.012292,"3.6":0.007024,"4":0.001756,"5":0.001756,"6":0.003512,"7":0.001756,"8":0.001756,"9":0.005268,"10":0.003512,"11":0.00878,"12":0.005268,"13":0.005268,"14":0.001756,"15":0.003512,"16":0.005268,"17":0.003512,"18":0.001756,"19":0.003512,"20":0.015804,"21":0.007024,"22":0.014048,"23":0.00878,"24":0.022828,"25":0.00878,"26":0.005268,"27":0.010536,"28":0.003512,"29":0.005268,"30":0.019316,"31":0.014048,"32":0.068484,"33":0.015804,"34":0.010536,"35":0.022828,"36":0.010536,"37":0.012292,"38":0.01756,"39":0.014048,"40":0.10536,"41":0.045656,"42":0.007024,"43":0.080776,"44":0.040388,"45":0.059704,"46":0.01756,"47":0.270424,"48":0.186136,"49":0.05268,"50":0.06146,"51":0.054436,"52":0.319592,"53":0.073752,"54":4.138892,"55":0.909608,"56":0.064972,"57":0,"58":0},"opera":{"9":0,"9.5-9.6":0,"10.0-10.1":0,"10.5":0,"10.6":0,"11":0,"11.1":0,"11.5":0,"11.6":0.003512,"12":0.007024,"12.1":0.005268,"15":0,"16":0,"17":0.001756,"18":0.001756,"19":0,"20":0,"21":0,"22":0.003512,"23":0,"24":0.001756,"25":0.003512,"26":0,"27":0.001756,"28":0.001756,"29":0,"30":0.001756,"31":0,"32":0,"33":0,"34":0.019316,"35":0,"36":0.014048,"37":0.001756,"38":0.001756,"39":0.001756,"40":0.001756,"41":0.005268,"42":0.015804,"43":0.003512,"44":0.001756,"45":0.00878,"46":0.488168,"47":0.409148,"48":0,"49":0},"safari":{"3.1":0,"3.2":0,"4":0,"5":0.005268,"5.1":0.001756,"6":0,"6.1":0,"7":0.031608,"7.1":0.003512,"8":0.003512,"9":0.050924,"9.1":0.094824,"10":0.080776,"10.1":0.173844,"11":0,"0":null},"ios_saf":{"3.2":0,"4.0-4.1":0,"4.2-4.3":0,"5.0-5.1":0,"6.0-6.1":0,"7.0-7.1":0.00569947676912,"8":0,"8.1-8.4":0.00461386214643,"9.0-9.2":0.0598445060758,"9.3":0.0432888830798,"10.0-10.2":0.167320353722,"10.3":1.04816091821,"11":null},"android":{"2.1":0,"2.2":0,"2.3":0,"3":0,"4":0,"4.1":0.352971494333,"4.2-4.3":0.911843027027,"4.4":2.52472666085,"4.4.3-4.4.4":1.83349081779,"56":null},"op_mob":{"10":null,"11":null,"11.1":null,"11.5":null,"12":null,"12.1":null,"0":null},"ie":{"5.5":0,"6":0.00708110569106,"7":0.00177027642276,"8":0.104446308943,"9":0.0283244227642,"10":0.107986861789,"11":0.62136702439},"edge":{"12":0.063216,"13":0.073752,"14":0.06146,"15":null,"16":null},"bb":{"7":0.024732,"10":0.098928},"samsung":{"4":0,"5":0},"ie_mob":{"10":null,"11":null},"baidu":{"0":null},"and_ff":{"0":0.049464},"and_qq":{"1.2":null},"and_uc":{"0":14.995836},"op_mini":{"0":24.365142},"and_chr":{"0":31.237844}},"total":92.795654}