{"id":"BG","name":"Bulgaria","month":"2017-08","access_date":"2017-09-04","data":{"chrome":{"4":0,"5":0,"6":0,"7":0,"8":0.006186,"9":0.006186,"10":0.006186,"11":0.012372,"12":0,"13":0,"14":0,"15":0.006186,"16":0.043302,"17":0.006186,"18":0.012372,"19":0,"20":0.006186,"21":0.006186,"22":0.018558,"23":0.006186,"24":0.006186,"25":0.006186,"26":0.03093,"27":0.006186,"28":0.006186,"29":0.012372,"30":0.006186,"31":0.012372,"32":0.006186,"33":0.006186,"34":0.03093,"35":0.055674,"36":0.018558,"37":0.006186,"38":0.03093,"39":0.024744,"40":0.018558,"41":0.006186,"42":0.006186,"43":0.049488,"44":0.018558,"45":0.012372,"46":0.018558,"47":0.024744,"48":0.037116,"49":2.548632,"50":0.037116,"51":0.111348,"52":0.018558,"53":0.06186,"54":0.142278,"55":0.21651,"56":0.148464,"57":0.117534,"58":0.593856,"59":7.707756,"60":22.523226,"61":0.136092,"62":0.098976,"63":0},"firefox":{"2":0.006186,"3":0.012372,"3.5":0.012372,"3.6":0.03093,"4":0.006186,"5":0,"6":0,"7":0,"8":0.006186,"9":0.006186,"10":0.012372,"11":0.012372,"12":0.012372,"13":0,"14":0.006186,"15":0,"16":0.006186,"17":0,"18":0.006186,"19":0.006186,"20":0.012372,"21":0.006186,"22":0.006186,"23":0.006186,"24":0.006186,"25":0.006186,"26":0.006186,"27":0,"28":0.006186,"29":0.006186,"30":0.012372,"31":0.018558,"32":0.012372,"33":0.012372,"34":0.012372,"35":0.012372,"36":0.037116,"37":0.012372,"38":0.043302,"39":0.024744,"40":0.018558,"41":0.024744,"42":0.024744,"43":0.09279,"44":0.024744,"45":0.18558,"46":0.043302,"47":0.111348,"48":0.822738,"49":0.105162,"50":0.142278,"51":0.12372,"52":1.892916,"53":0.160836,"54":7.17576,"55":2.523888,"56":0.037116,"57":0.006186,"58":0},"opera":{"9":0,"9.5-9.6":0,"10.0-10.1":0,"10.5":0,"10.6":0,"11":0,"11.1":0,"11.5":0.006186,"11.6":0.012372,"12":0.006186,"12.1":0.12372,"15":0,"16":0,"17":0,"18":0,"19":0,"20":0.006186,"21":0,"22":0,"23":0,"24":0,"25":0,"26":0,"27":0.006186,"28":0.006186,"29":0,"30":0.006186,"31":0.006186,"32":0.006186,"33":0,"34":0.006186,"35":0.006186,"36":0.136092,"37":0.006186,"38":0.006186,"39":0.006186,"40":0.006186,"41":0.006186,"42":0.012372,"43":0.012372,"44":0.006186,"45":0.018558,"46":0.890784,"47":0.841296,"48":0.012372,"49":0},"safari":{"3.1":0,"3.2":0,"4":0.006186,"5":0.006186,"5.1":0.018558,"6":0.006186,"6.1":0.006186,"7":0.006186,"7.1":0,"8":0.012372,"9":0.024744,"9.1":0.043302,"10":0.055674,"10.1":0.476322,"11":0.006186,"0":null},"ios_saf":{"3.2":0,"4.0-4.1":0,"4.2-4.3":0,"5.0-5.1":0,"6.0-6.1":0,"7.0-7.1":0.0245473938528,"8":0,"8.1-8.4":0.0198716997856,"9.0-9.2":0.257747635454,"9.3":0.186443300929,"10.0-10.2":0.720641348106,"10.3":4.51438262187,"11":null},"android":{"2.1":0,"2.2":0,"2.3":0,"3":0,"4":0,"4.1":0.155486730602,"4.2-4.3":0.401674054054,"4.4":1.11216203139,"4.4.3-4.4.4":0.807667183958,"56":null},"op_mob":{"10":null,"11":null,"11.1":null,"11.5":null,"12":null,"12.1":null,"0":null},"ie":{"5.5":0,"6":0.00625730835735,"7":0.00625730835735,"8":0.250292334294,"9":0.18771925072,"10":0.156432708934,"11":3.73561308934},"edge":{"12":0.024744,"13":0.068046,"14":0.37116,"15":null,"16":null},"bb":{"7":0.0045768,"10":0.0183072},"samsung":{"4":0,"5":0},"ie_mob":{"10":null,"11":null},"baidu":{"0":null},"and_ff":{"0":0.03814},"and_qq":{"1.2":null},"and_uc":{"0":0.194514},"op_mini":{"0":0.272637854305},"and_chr":{"0":29.59405}},"total":94.9309358543}