{"id":"BH","name":"Bahrain","month":"2017-08","access_date":"2017-09-04","data":{"chrome":{"4":0,"5":0,"6":0,"7":0,"8":0,"9":0,"10":0,"11":0.004024,"12":0,"13":0,"14":0,"15":0,"16":0,"17":0.004024,"18":0.004024,"19":0.004024,"20":0.004024,"21":0.004024,"22":0.008048,"23":0,"24":0.008048,"25":0.012072,"26":0.004024,"27":0.004024,"28":0.004024,"29":0.012072,"30":0.028168,"31":0.052312,"32":0.016096,"33":0.032192,"34":0.024144,"35":0.004024,"36":0.024144,"37":0.012072,"38":0.028168,"39":0.008048,"40":0.008048,"41":0,"42":0.004024,"43":0.06036,"44":0.008048,"45":0.012072,"46":0.008048,"47":0.008048,"48":0.012072,"49":0.9054,"50":0.004024,"51":0.076456,"52":0.092552,"53":0.044264,"54":0.08048,"55":0.144864,"56":0.128768,"57":0.072432,"58":0.430568,"59":5.645672,"60":16.13624,"61":0.084504,"62":0.116696,"63":0},"firefox":{"2":0.004024,"3":0,"3.5":0.004024,"3.6":0.012072,"4":0,"5":0,"6":0.004024,"7":0,"8":0,"9":0,"10":0.004024,"11":0.004024,"12":0,"13":0,"14":0,"15":0.004024,"16":0.004024,"17":0,"18":0,"19":0,"20":0,"21":0,"22":0,"23":0,"24":0.004024,"25":0,"26":0,"27":0.004024,"28":0,"29":0.004024,"30":0.004024,"31":0,"32":0.004024,"33":0.004024,"34":0.004024,"35":0,"36":0.004024,"37":0,"38":0.008048,"39":0.004024,"40":0.008048,"41":0.008048,"42":0,"43":0.016096,"44":0.004024,"45":0.012072,"46":0.004024,"47":0.064384,"48":0.169008,"49":0.036216,"50":0.02012,"51":0.02012,"52":0.156936,"53":0.104624,"54":1.7102,"55":0.627744,"56":0.048288,"57":0,"58":0},"opera":{"9":0,"9.5-9.6":0,"10.0-10.1":0,"10.5":0,"10.6":0,"11":0,"11.1":0,"11.5":0,"11.6":0,"12":0,"12.1":0.008048,"15":0,"16":0,"17":0,"18":0,"19":0,"20":0,"21":0,"22":0,"23":0,"24":0,"25":0,"26":0,"27":0,"28":0,"29":0,"30":0,"31":0,"32":0.004024,"33":0,"34":0,"35":0,"36":0.012072,"37":0.004024,"38":0.016096,"39":0.012072,"40":0.008048,"41":0.016096,"42":0.012072,"43":0.016096,"44":0.004024,"45":0.048288,"46":0.132792,"47":0.048288,"48":0,"49":0},"safari":{"3.1":0,"3.2":0,"4":0,"5":0.004024,"5.1":0.044264,"6":0.024144,"6.1":0.032192,"7":0.02012,"7.1":0,"8":0.14084,"9":0.173032,"9.1":0.426544,"10":0.531168,"10.1":2.13272,"11":0.004024,"0":null},"ios_saf":{"3.2":0,"4.0-4.1":0,"4.2-4.3":0,"5.0-5.1":0,"6.0-6.1":0,"7.0-7.1":0.0555024789135,"8":0,"8.1-8.4":0.0449305781681,"9.0-9.2":0.582776028592,"9.3":0.421554542224,"10.0-10.2":1.62939420239,"10.3":10.2071701697,"11":null},"android":{"2.1":0,"2.2":0,"2.3":0,"3":0,"4":0,"4.1":0.100202406277,"4.2-4.3":0.258856216216,"4.4":0.7167255449,"4.4.3-4.4.4":0.520495832607,"56":null},"op_mob":{"10":null,"11":null,"11.1":null,"11.5":null,"12":null,"12.1":null,"0":null},"ie":{"5.5":0,"6":0.0080556647619,"7":0,"8":0.157085462857,"9":0.0966679771429,"10":0.12889063619,"11":3.83852425905},"edge":{"12":0.06036,"13":0.209248,"14":0.539216,"15":null,"16":null},"bb":{"7":0.0035856,"10":0.0143424},"samsung":{"4":0,"5":0},"ie_mob":{"10":null,"11":null},"baidu":{"0":null},"and_ff":{"0":0.011952},"and_qq":{"1.2":null},"and_uc":{"0":14.3424},"op_mini":{"0":1.97318813245},"and_chr":{"0":25.052856}},"total":92.3330121325}