{"id":"BI","name":"Burundi","month":"2017-08","access_date":"2017-09-04","data":{"chrome":{"4":0.001381,"5":0,"6":0,"7":0,"8":0.024858,"9":0,"10":0,"11":0.020715,"12":0,"13":0,"14":0,"15":0,"16":0.002762,"17":0,"18":0,"19":0,"20":0,"21":0,"22":0,"23":0,"24":0,"25":0.001381,"26":0.008286,"27":0.002762,"28":0,"29":0,"30":0.005524,"31":0.002762,"32":0.005524,"33":0.009667,"34":0.067669,"35":0,"36":0.004143,"37":0.001381,"38":0.001381,"39":0.002762,"40":0.004143,"41":0.002762,"42":0.01381,"43":0.109099,"44":0.005524,"45":0.009667,"46":0.002762,"47":0.002762,"48":0.001381,"49":0.059383,"50":0.004143,"51":0.01381,"52":0.002762,"53":0.005524,"54":0.015191,"55":0.051097,"56":0.009667,"57":0.048335,"58":0.174006,"59":1.295378,"60":3.594743,"61":0.038668,"62":0.005524,"63":0},"firefox":{"2":0.005524,"3":0.121528,"3.5":0,"3.6":0.023477,"4":0.001381,"5":0.001381,"6":0,"7":0.008286,"8":0.002762,"9":0.001381,"10":0.005524,"11":0.030382,"12":0.024858,"13":0.004143,"14":0.011048,"15":0.004143,"16":0.005524,"17":0,"18":0,"19":0.006905,"20":0.015191,"21":0.001381,"22":0.012429,"23":0.002762,"24":0.005524,"25":0.006905,"26":0,"27":0,"28":0.01381,"29":0.006905,"30":0.016572,"31":0.059383,"32":0.017953,"33":0.002762,"34":0.006905,"35":0.012429,"36":0.033144,"37":0.077336,"38":0.02762,"39":0.005524,"40":0.019334,"41":0.02762,"42":0.009667,"43":0.04143,"44":0.008286,"45":0.017953,"46":0.009667,"47":0.153291,"48":0.063526,"49":0.02762,"50":0.015191,"51":0.020715,"52":0.168482,"53":0.02762,"54":2.605947,"55":0.642165,"56":0.111861,"57":0.001381,"58":0},"opera":{"9":0,"9.5-9.6":0,"10.0-10.1":0.001381,"10.5":0,"10.6":0.004143,"11":0.002762,"11.1":0,"11.5":0,"11.6":0.002762,"12":0,"12.1":0.001381,"15":0.002762,"16":0.001381,"17":0,"18":0,"19":0,"20":0.002762,"21":0.02762,"22":0,"23":0,"24":0,"25":0,"26":0.002762,"27":0,"28":0.001381,"29":0,"30":0,"31":0,"32":0.001381,"33":0.001381,"34":0,"35":0,"36":0.006905,"37":0.009667,"38":0.001381,"39":0,"40":0,"41":0.005524,"42":0.006905,"43":0.002762,"44":0,"45":0.002762,"46":0.42811,"47":0.397728,"48":0,"49":0},"safari":{"3.1":0,"3.2":0,"4":0,"5":0.001381,"5.1":0,"6":0,"6.1":0,"7":0.001381,"7.1":0,"8":0.016572,"9":0.040049,"9.1":0.051097,"10":0.019334,"10.1":0.142243,"11":0,"0":null},"ios_saf":{"3.2":0,"4.0-4.1":0,"4.2-4.3":0,"5.0-5.1":0,"6.0-6.1":0,"7.0-7.1":0.00389749535382,"8":0,"8.1-8.4":0.00315511528643,"9.0-9.2":0.0409237012152,"9.3":0.0296024051874,"10.0-10.2":0.114419327887,"10.3":0.71676795507,"11":null},"android":{"2.1":0,"2.2":0,"2.3":0,"3":0,"4":0,"4.1":0.19790596687,"4.2-4.3":0.511257081081,"4.4":1.41557740192,"4.4.3-4.4.4":1.02801155013,"56":null},"op_mob":{"10":null,"11":null,"11.1":null,"11.5":null,"12":null,"12.1":null,"0":null},"ie":{"5.5":0,"6":0,"7":0.00138329021559,"8":0.123112829187,"9":0.0262825140962,"10":0.0594814792703,"11":0.623863887231},"edge":{"12":0.073193,"13":0.049716,"14":0.109099,"15":null,"16":null},"bb":{"7":0.025857,"10":0.103428},"samsung":{"4":0,"5":0},"ie_mob":{"10":null,"11":null},"baidu":{"0":null},"and_ff":{"0":0.008619},"and_qq":{"1.2":null},"and_uc":{"0":4.154358},"op_mini":{"0":54.2181905166},"and_chr":{"0":13.292036}},"total":88.3054355166}