{"id":"BN","name":"Brunei Darussalam","month":"2017-08","access_date":"2017-09-04","data":{"chrome":{"4":0,"5":0,"6":0,"7":0,"8":0,"9":0,"10":0,"11":0.02328,"12":0,"13":0,"14":0,"15":0,"16":0,"17":0,"18":0.00776,"19":0,"20":0.00388,"21":0.00388,"22":0.02716,"23":0,"24":0,"25":0.00388,"26":0.00388,"27":0.00388,"28":0.00776,"29":0,"30":0,"31":0.04268,"32":0.00776,"33":0.0194,"34":0.01164,"35":0.00388,"36":0.31428,"37":0.01552,"38":0.01164,"39":0.00388,"40":0.00388,"41":0.00388,"42":0.00388,"43":0.02716,"44":0.0194,"45":0.01164,"46":0.00776,"47":0.05432,"48":0.11252,"49":1.04372,"50":0.02328,"51":0.01164,"52":0.0194,"53":0.0194,"54":0.0194,"55":0.18236,"56":0.16684,"57":0.10476,"58":0.22892,"59":5.12548,"60":13.80116,"61":0.0582,"62":0.0388,"63":0},"firefox":{"2":0,"3":0.00776,"3.5":0,"3.6":0.01164,"4":0.00388,"5":0,"6":0.01164,"7":0.00776,"8":0,"9":0.02328,"10":0.00776,"11":0,"12":0.00388,"13":0.00776,"14":0,"15":0,"16":0.00388,"17":0,"18":0.04656,"19":0.00388,"20":0.00776,"21":0,"22":0,"23":0,"24":0,"25":0,"26":0,"27":0.00388,"28":0.0388,"29":0.0194,"30":0.00388,"31":0.01552,"32":0.10088,"33":0.00388,"34":0.01164,"35":0.00776,"36":0.01164,"37":0.00776,"38":0.00776,"39":0.00776,"40":0.03104,"41":0.00776,"42":0.01164,"43":0.05044,"44":0.0194,"45":0.01552,"46":0.05044,"47":0.06208,"48":0.20176,"49":0.02328,"50":0.0388,"51":0.0194,"52":0.35308,"53":0.08536,"54":2.78584,"55":1.24548,"56":0.20176,"57":0.00388,"58":0},"opera":{"9":0,"9.5-9.6":0,"10.0-10.1":0,"10.5":0,"10.6":0,"11":0,"11.1":0,"11.5":0,"11.6":0,"12":0,"12.1":0.01164,"15":0,"16":0,"17":0,"18":0.00388,"19":0,"20":0,"21":0,"22":0,"23":0,"24":0,"25":0,"26":0,"27":0,"28":0,"29":0.00388,"30":0,"31":0,"32":0.00388,"33":0,"34":0,"35":0.00388,"36":0.00776,"37":0.0194,"38":0,"39":0,"40":0,"41":0,"42":0,"43":0,"44":0,"45":0,"46":0.22116,"47":0.17848,"48":0.02328,"49":0.00388},"safari":{"3.1":0,"3.2":0,"4":0,"5":0.02716,"5.1":0.04656,"6":0.06596,"6.1":0.00776,"7":0.00776,"7.1":0,"8":0.16684,"9":0.12416,"9.1":0.2522,"10":0.31816,"10.1":1.38904,"11":0.01164,"0":null},"ios_saf":{"3.2":0,"4.0-4.1":0,"4.2-4.3":0,"5.0-5.1":0,"6.0-6.1":0,"7.0-7.1":0.0576919513939,"8":0,"8.1-8.4":0.0467030082712,"9.0-9.2":0.605765489635,"9.3":0.438184107015,"10.0-10.2":1.69367085878,"10.3":10.6098245849,"11":null},"android":{"2.1":0,"2.2":0,"2.3":0,"3":0,"4":0,"4.1":0.223246451613,"4.2-4.3":0.57672,"4.4":1.59683225806,"4.4.3-4.4.4":1.15964129032,"56":null},"op_mob":{"10":null,"11":null,"11.1":null,"11.5":null,"12":null,"12.1":null,"0":null},"ie":{"5.5":0,"6":0,"7":0.00388,"8":0.07372,"9":0.17072,"10":0.0582,"11":1.21832},"edge":{"12":0.0194,"13":0.05044,"14":0.2522,"15":null,"16":null},"bb":{"7":0.001224,"10":0.004896},"samsung":{"4":0,"5":0},"ie_mob":{"10":null,"11":null},"baidu":{"0":null},"and_ff":{"0":0.03672},"and_qq":{"1.2":null},"and_uc":{"0":7.35624},"op_mini":{"0":10.3588700662},"and_chr":{"0":23.6156}},"total":90.3258700662}