{"id":"BR","name":"Brazil","month":"2017-08","access_date":"2017-09-04","data":{"chrome":{"4":0,"5":0,"6":0,"7":0,"8":0,"9":0,"10":0,"11":0.006881,"12":0,"13":0,"14":0,"15":0,"16":0,"17":0,"18":0.013762,"19":0,"20":0,"21":0,"22":0.020643,"23":0.006881,"24":0,"25":0.006881,"26":0.013762,"27":0,"28":0.006881,"29":0.027524,"30":0.006881,"31":0.013762,"32":0.020643,"33":0.006881,"34":0.027524,"35":0.013762,"36":1.314271,"37":0.013762,"38":0.027524,"39":0.013762,"40":0.020643,"41":0.013762,"42":0.006881,"43":0.13762,"44":0.041286,"45":0.020643,"46":0.034405,"47":0.089453,"48":0.034405,"49":1.286747,"50":0.034405,"51":0.34405,"52":0.055048,"53":0.103215,"54":0.213311,"55":0.302764,"56":0.371574,"57":0.247716,"58":0.873887,"59":11.167863,"60":37.350068,"61":0.192668,"62":0.103215,"63":0},"firefox":{"2":0,"3":0.006881,"3.5":0,"3.6":0.006881,"4":0,"5":0,"6":0,"7":0,"8":0,"9":0,"10":0,"11":0,"12":0,"13":0,"14":0,"15":0,"16":0,"17":0,"18":0,"19":0,"20":0.006881,"21":0.006881,"22":0,"23":0.006881,"24":0,"25":0,"26":0,"27":0,"28":0,"29":0.006881,"30":0.006881,"31":0.020643,"32":0,"33":0.006881,"34":0.006881,"35":0.006881,"36":0.006881,"37":0.013762,"38":0.034405,"39":0.006881,"40":0.013762,"41":0.013762,"42":0.006881,"43":0.034405,"44":0.006881,"45":0.089453,"46":0.020643,"47":0.082572,"48":0.082572,"49":0.055048,"50":0.089453,"51":0.06881,"52":0.674338,"53":0.123858,"54":3.295999,"55":1.3762,"56":0.020643,"57":0,"58":0},"opera":{"9":0,"9.5-9.6":0,"10.0-10.1":0,"10.5":0,"10.6":0,"11":0,"11.1":0,"11.5":0,"11.6":0,"12":0,"12.1":0.006881,"15":0,"16":0,"17":0,"18":0,"19":0,"20":0,"21":0,"22":0,"23":0,"24":0,"25":0,"26":0,"27":0,"28":0.006881,"29":0,"30":0,"31":0,"32":0,"33":0,"34":0,"35":0,"36":0.006881,"37":0,"38":0,"39":0,"40":0.006881,"41":0.006881,"42":0.013762,"43":0.006881,"44":0,"45":0.013762,"46":0.522956,"47":0.495432,"48":0.006881,"49":0},"safari":{"3.1":0,"3.2":0,"4":0.006881,"5":0.006881,"5.1":0.013762,"6":0,"6.1":0.006881,"7":0.006881,"7.1":0,"8":0.027524,"9":0.034405,"9.1":0.116977,"10":0.123858,"10.1":0.970221,"11":0.006881,"0":null},"ios_saf":{"3.2":0,"4.0-4.1":0,"4.2-4.3":0,"5.0-5.1":0,"6.0-6.1":0,"7.0-7.1":0.0132715796998,"8":0,"8.1-8.4":0.010743659757,"9.0-9.2":0.139351586848,"9.3":0.10080080772,"10.0-10.2":0.389615661187,"10.3":2.44070670479,"11":null},"android":{"2.1":0,"2.2":0,"2.3":0,"3":0,"4":0,"4.1":0.13701857367,"4.2-4.3":0.353964648649,"4.4":0.980063408893,"4.4.3-4.4.4":0.711735368788,"56":null},"op_mob":{"10":null,"11":null,"11.1":null,"11.5":null,"12":null,"12.1":null,"0":null},"ie":{"5.5":0,"6":0.00725804109589,"7":0.00725804109589,"8":0.188709068493,"9":0.12338669863,"10":0.0943545342466,"11":1.16854461644},"edge":{"12":0.041286,"13":0.06881,"14":0.371574,"15":null,"16":null},"bb":{"7":0.003119,"10":0.012476},"samsung":{"4":0,"5":0},"ie_mob":{"10":null,"11":null},"baidu":{"0":null},"and_ff":{"0":0.009357},"and_qq":{"1.2":null},"and_uc":{"0":0.754798},"op_mini":{"0":0.751152281457},"and_chr":{"0":23.026762}},"total":95.1356262815}