{"id":"BS","name":"Bahamas","month":"2017-08","access_date":"2017-09-04","data":{"chrome":{"4":0,"5":0,"6":0,"7":0,"8":0,"9":0,"10":0,"11":0.009602,"12":0,"13":0,"14":0,"15":0,"16":0,"17":0,"18":0,"19":0,"20":0,"21":0,"22":0.004801,"23":0,"24":0,"25":0.004801,"26":0,"27":0,"28":0,"29":0.004801,"30":0.009602,"31":0.009602,"32":0.009602,"33":0,"34":0.009602,"35":0.004801,"36":0.110423,"37":0.004801,"38":0.028806,"39":0.004801,"40":0.004801,"41":0.038408,"42":0,"43":0.033607,"44":0.009602,"45":0.014403,"46":0.009602,"47":0.014403,"48":0.057612,"49":1.051419,"50":0.04801,"51":0.028806,"52":0.019204,"53":0.014403,"54":0.019204,"55":0.115224,"56":0.024005,"57":0.062413,"58":0.216045,"59":6.418937,"60":15.468822,"61":0.028806,"62":0.009602,"63":0},"firefox":{"2":0.009602,"3":0,"3.5":0,"3.6":0,"4":0,"5":0,"6":0,"7":0,"8":0,"9":0,"10":0,"11":0,"12":0.004801,"13":0.004801,"14":0,"15":0,"16":0.004801,"17":0.004801,"18":0,"19":0,"20":0,"21":0.004801,"22":0,"23":0.024005,"24":0.004801,"25":0,"26":0,"27":0,"28":0,"29":0,"30":0,"31":0.004801,"32":0.009602,"33":0.009602,"34":0,"35":0,"36":0.004801,"37":0.009602,"38":0.004801,"39":0.004801,"40":0.004801,"41":0.009602,"42":0.004801,"43":0.004801,"44":0,"45":0.014403,"46":0.004801,"47":0.014403,"48":0.134428,"49":0.004801,"50":0.019204,"51":0.009602,"52":0.187239,"53":0.019204,"54":1.637141,"55":0.628931,"56":0.019204,"57":0,"58":0},"opera":{"9":0,"9.5-9.6":0,"10.0-10.1":0,"10.5":0,"10.6":0,"11":0,"11.1":0,"11.5":0,"11.6":0,"12":0,"12.1":0.009602,"15":0,"16":0,"17":0,"18":0,"19":0,"20":0,"21":0,"22":0,"23":0,"24":0,"25":0,"26":0,"27":0,"28":0.009602,"29":0.004801,"30":0,"31":0,"32":0,"33":0.004801,"34":0,"35":0,"36":0.004801,"37":0.004801,"38":0,"39":0,"40":0,"41":0,"42":0,"43":0,"44":0,"45":0.004801,"46":0.14403,"47":0.115224,"48":0,"49":0},"safari":{"3.1":0,"3.2":0,"4":0,"5":0.04801,"5.1":0.019204,"6":0,"6.1":0.024005,"7":0.004801,"7.1":0,"8":0.038408,"9":0.04801,"9.1":0.388881,"10":0.201642,"10.1":1.800375,"11":0.004801,"0":null},"ios_saf":{"3.2":0,"4.0-4.1":0,"4.2-4.3":0,"5.0-5.1":0,"6.0-6.1":0,"7.0-7.1":0.0683714110079,"8":0,"8.1-8.4":0.0553482851016,"9.0-9.2":0.717899815583,"9.3":0.519297145512,"10.0-10.2":2.0071892803,"10.3":12.5738280625,"11":null},"android":{"2.1":0,"2.2":0,"2.3":0,"3":0,"4":0,"4.1":0.142849506539,"4.2-4.3":0.369027891892,"4.4":1.02177077594,"4.4.3-4.4.4":0.742023825632,"56":null},"op_mob":{"10":null,"11":null,"11.1":null,"11.5":null,"12":null,"12.1":null,"0":null},"ie":{"5.5":0,"6":0,"7":0.004801,"8":0.249652,"9":0.115224,"10":0.225647,"11":4.911423},"edge":{"12":0.134428,"13":0.456095,"14":1.598733,"15":null,"16":null},"bb":{"7":0.0072786,"10":0.0291144},"samsung":{"4":0,"5":0},"ie_mob":{"10":null,"11":null},"baidu":{"0":null},"and_ff":{"0":0.020796},"and_qq":{"1.2":null},"and_uc":{"0":0.129975},"op_mini":{"0":0.243337301325},"and_chr":{"0":30.191766}},"total":86.1676483013}