{"id":"BT","name":"Bhutan","month":"2017-08","access_date":"2017-09-04","data":{"chrome":{"4":0.008931,"5":0.008931,"6":0,"7":0.005954,"8":0,"9":0,"10":0,"11":0.005954,"12":0.011908,"13":0.002977,"14":0.002977,"15":0,"16":0,"17":0,"18":0.032747,"19":0,"20":0,"21":0.011908,"22":0.005954,"23":0.008931,"24":0.02977,"25":0.011908,"26":0.005954,"27":0.02977,"28":0.014885,"29":0.020839,"30":0.074425,"31":0.142896,"32":0.017862,"33":0.038701,"34":0.002977,"35":0.005954,"36":0.002977,"37":0.005954,"38":0.014885,"39":0.005954,"40":0.014885,"41":0.035724,"42":0,"43":0.071448,"44":0.011908,"45":0.002977,"46":0.023816,"47":0.002977,"48":0.002977,"49":0.488228,"50":0.014885,"51":0.068471,"52":0.008931,"53":0.026793,"54":0.038701,"55":0.315562,"56":0.133965,"57":0.333424,"58":0.241137,"59":4.149938,"60":13.119639,"61":0.181597,"62":0.247091,"63":0},"firefox":{"2":0.002977,"3":0.008931,"3.5":0,"3.6":0.014885,"4":0.005954,"5":0.005954,"6":0,"7":0,"8":0.002977,"9":0.002977,"10":0.014885,"11":0.002977,"12":0.026793,"13":0.008931,"14":0.014885,"15":0,"16":0.005954,"17":0,"18":0.104195,"19":0.002977,"20":0.002977,"21":0.011908,"22":0.008931,"23":0.002977,"24":0.008931,"25":0.008931,"26":0.008931,"27":0,"28":0.005954,"29":0.014885,"30":0.017862,"31":0.014885,"32":0.008931,"33":0.005954,"34":0.002977,"35":0.002977,"36":0.026793,"37":0.023816,"38":0.002977,"39":0.005954,"40":0.020839,"41":0,"42":0.011908,"43":0.050609,"44":0.014885,"45":0.02977,"46":0.011908,"47":0.095264,"48":0.047632,"49":0.023816,"50":0.017862,"51":0.011908,"52":0.261976,"53":0.122057,"54":2.128555,"55":0.919893,"56":0.258999,"57":0,"58":0},"opera":{"9":0,"9.5-9.6":0.008931,"10.0-10.1":0,"10.5":0,"10.6":0,"11":0,"11.1":0,"11.5":0,"11.6":0,"12":0.011908,"12.1":0.008931,"15":0.002977,"16":0,"17":0,"18":0,"19":0,"20":0,"21":0.002977,"22":0,"23":0,"24":0,"25":0,"26":0,"27":0,"28":0.020839,"29":0,"30":0,"31":0,"32":0,"33":0,"34":0,"35":0,"36":0.017862,"37":0.002977,"38":0,"39":0,"40":0,"41":0,"42":0.002977,"43":0,"44":0,"45":0.008931,"46":0.136942,"47":0.11908,"48":0,"49":0},"safari":{"3.1":0.008931,"3.2":0,"4":0,"5":0.005954,"5.1":0.005954,"6":0,"6.1":0.002977,"7":0.005954,"7.1":0,"8":0.011908,"9":0.014885,"9.1":0.074425,"10":0.05954,"10.1":0.488228,"11":0,"0":null},"ios_saf":{"3.2":0,"4.0-4.1":0,"4.2-4.3":0,"5.0-5.1":0,"6.0-6.1":0,"7.0-7.1":0.0209012551823,"8":0,"8.1-8.4":0.016920063719,"9.0-9.2":0.219463179414,"9.3":0.158750009599,"10.0-10.2":0.61360113428,"10.3":3.84384035781,"11":null},"android":{"2.1":0,"2.2":0,"2.3":0,"3":0,"4":0,"4.1":0.100402775937,"4.2-4.3":0.259373837838,"4.4":0.718158744551,"4.4.3-4.4.4":0.521536641674,"56":null},"op_mob":{"10":null,"11":null,"11.1":null,"11.5":null,"12":null,"12.1":null,"0":null},"ie":{"5.5":0,"6":0.002977,"7":0.008931,"8":0.11908,"9":0.023816,"10":0.026793,"11":0.574561},"edge":{"12":0.116103,"13":0.077402,"14":0.166712,"15":null,"16":null},"bb":{"7":0.0042138,"10":0.0168552},"samsung":{"4":0,"5":0},"ie_mob":{"10":null,"11":null},"baidu":{"0":null},"and_ff":{"0":0.007023},"and_qq":{"1.2":null},"and_uc":{"0":7.978128},"op_mini":{"0":5.58805226821},"and_chr":{"0":42.323889}},"total":89.0412132682}