{"id":"BW","name":"Botswana","month":"2017-08","access_date":"2017-09-04","data":{"chrome":{"4":0,"5":0,"6":0,"7":0.012462,"8":0,"9":0,"10":0,"11":0.043617,"12":0,"13":0,"14":0,"15":0,"16":0,"17":0,"18":0.012462,"19":0.006231,"20":0.006231,"21":0.006231,"22":0.006231,"23":0,"24":0.006231,"25":0.006231,"26":0.024924,"27":0.018693,"28":0.006231,"29":0.012462,"30":0.074772,"31":0.567021,"32":0.012462,"33":0.012462,"34":0.006231,"35":0.018693,"36":0.162006,"37":0.006231,"38":0.012462,"39":0.012462,"40":0.043617,"41":0.037386,"42":0.006231,"43":0.604407,"44":0.099696,"45":0.074772,"46":0.024924,"47":0.024924,"48":0.012462,"49":0.37386,"50":0.031155,"51":0.056079,"52":0.031155,"53":0.074772,"54":0.056079,"55":0.361398,"56":0.31155,"57":0.149544,"58":0.392553,"59":4.978569,"60":15.110175,"61":0.118389,"62":0.068541,"63":0},"firefox":{"2":0,"3":0.006231,"3.5":0,"3.6":0.006231,"4":0.006231,"5":0,"6":0.006231,"7":0.006231,"8":0.006231,"9":0,"10":0.006231,"11":0.006231,"12":0.006231,"13":0.006231,"14":0.006231,"15":0.043617,"16":0.018693,"17":0.012462,"18":0.479787,"19":0.006231,"20":0.049848,"21":0.024924,"22":0.018693,"23":0.018693,"24":0.006231,"25":0.012462,"26":0,"27":0.18693,"28":0.006231,"29":0.056079,"30":0.018693,"31":0.043617,"32":0.006231,"33":0.012462,"34":0.504711,"35":0.043617,"36":0.006231,"37":0.037386,"38":0.06231,"39":0.024924,"40":0.137082,"41":0.068541,"42":0.018693,"43":0.162006,"44":0.130851,"45":0.049848,"46":0.012462,"47":0.31155,"48":0.224316,"49":0.168237,"50":0.174468,"51":0.087234,"52":0.716565,"53":0.199392,"54":4.467627,"55":1.769604,"56":0.261702,"57":0.006231,"58":0},"opera":{"9":0,"9.5-9.6":0,"10.0-10.1":0,"10.5":0,"10.6":0,"11":0.06231,"11.1":0,"11.5":0,"11.6":0.006231,"12":0,"12.1":0.006231,"15":0,"16":0,"17":0.006231,"18":0.006231,"19":0,"20":0,"21":0.006231,"22":0,"23":0,"24":0,"25":0,"26":0,"27":0,"28":0.037386,"29":0,"30":0,"31":0,"32":0,"33":0.006231,"34":0,"35":0,"36":0.006231,"37":0,"38":0,"39":0,"40":0,"41":0.012462,"42":0.006231,"43":0.006231,"44":0,"45":0.012462,"46":0.43617,"47":0.342705,"48":0,"49":0},"safari":{"3.1":0,"3.2":0,"4":0,"5":0.012462,"5.1":0.012462,"6":0.06231,"6.1":0,"7":0.006231,"7.1":0.006231,"8":0.193161,"9":0.006231,"9.1":0.305319,"10":0.24924,"10.1":0.672948,"11":0,"0":null},"ios_saf":{"3.2":0,"4.0-4.1":0,"4.2-4.3":0,"5.0-5.1":0,"6.0-6.1":0,"7.0-7.1":0.0111307505361,"8":0,"8.1-8.4":0.00901060757684,"9.0-9.2":0.116872880629,"9.3":0.0845407005004,"10.0-10.2":0.326767033595,"10.3":2.04699802716,"11":null},"android":{"2.1":0,"2.2":0,"2.3":0,"3":0,"4":0,"4.1":0.288518751526,"4.2-4.3":0.745340108108,"4.4":2.06371051439,"4.4.3-4.4.4":1.49869462598,"56":null},"op_mob":{"10":null,"11":null,"11.1":null,"11.5":null,"12":null,"12.1":null,"0":null},"ie":{"5.5":0,"6":0.0062330860395,"7":13.8312179217,"8":0.423849850686,"9":0.243090355541,"10":0.442549108805,"11":3.64635533311},"edge":{"12":0.392553,"13":0.579483,"14":0.467325,"15":null,"16":null},"bb":{"7":0.0746262,"10":0.2985048},"samsung":{"4":0,"5":0},"ie_mob":{"10":null,"11":null},"baidu":{"0":null},"and_ff":{"0":0.934712},"and_qq":{"1.2":null},"and_uc":{"0":2.954896},"op_mini":{"0":3.50568168543},"and_chr":{"0":20.820714}},"total":93.1308343413}