{"id":"BY","name":"Belarus","month":"2017-08","access_date":"2017-09-04","data":{"chrome":{"4":0.067208,"5":0.033604,"6":0.033604,"7":0.033604,"8":0.025203,"9":0.058807,"10":0.075609,"11":0.126015,"12":0.092411,"13":0.058807,"14":0.092411,"15":0.151218,"16":0.126015,"17":0.151218,"18":0.218426,"19":0.16802,"20":0.134416,"21":0.243629,"22":0.159619,"23":0.218426,"24":0.16802,"25":0.117614,"26":0.184822,"27":0.16802,"28":0.08401,"29":0.058807,"30":0.025203,"31":0.033604,"32":0.050406,"33":0.050406,"34":0.067208,"35":0.126015,"36":0.050406,"37":0.033604,"38":0.100812,"39":0.159619,"40":0.243629,"41":0.117614,"42":0.117614,"43":0.142817,"44":0.058807,"45":0.075609,"46":0.058807,"47":0.058807,"48":0.08401,"49":1.898626,"50":0.025203,"51":0.151218,"52":0.033604,"53":0.126015,"54":0.134416,"55":0.294035,"56":0.327639,"57":0.890506,"58":0.646877,"59":7.485291,"60":28.084543,"61":0.067208,"62":0.193223,"63":0},"firefox":{"2":0.067208,"3":0.193223,"3.5":0.352842,"3.6":1.218145,"4":0.109213,"5":0.042005,"6":0.025203,"7":0.008401,"8":0.033604,"9":0.042005,"10":0.08401,"11":0.058807,"12":0.042005,"13":0.025203,"14":0.067208,"15":0.08401,"16":0.092411,"17":0.033604,"18":0.025203,"19":0.050406,"20":0.058807,"21":0.067208,"22":0.042005,"23":0.067208,"24":0.092411,"25":0.08401,"26":0.016802,"27":0.008401,"28":0.025203,"29":0.008401,"30":0.008401,"31":0.042005,"32":0.033604,"33":0.025203,"34":0.033604,"35":0.067208,"36":0.067208,"37":0.016802,"38":0.050406,"39":0.016802,"40":0.016802,"41":0.008401,"42":0.016802,"43":0.050406,"44":0.016802,"45":0.302436,"46":0.016802,"47":0.176421,"48":0.151218,"49":0.075609,"50":0.142817,"51":0.08401,"52":0.907308,"53":0.193223,"54":3.335197,"55":1.218145,"56":0.008401,"57":0,"58":0},"opera":{"9":0,"9.5-9.6":0.008401,"10.0-10.1":0.058807,"10.5":0.08401,"10.6":0.176421,"11":0.058807,"11.1":0.08401,"11.5":0.08401,"11.6":0.42005,"12":0.33604,"12.1":1.823017,"15":0.016802,"16":0.033604,"17":0.025203,"18":0.033604,"19":0.033604,"20":0.075609,"21":0.025203,"22":0.016802,"23":0.033604,"24":0.016802,"25":0.033604,"26":0.033604,"27":0.268832,"28":0.042005,"29":0.016802,"30":0.008401,"31":0.008401,"32":0.016802,"33":0.008401,"34":0.016802,"35":0.042005,"36":0.705684,"37":0.067208,"38":0.050406,"39":0.042005,"40":0.016802,"41":0.075609,"42":0.151218,"43":0.218426,"44":0.092411,"45":0.151218,"46":3.578826,"47":3.998876,"48":0.067208,"49":0.008401},"safari":{"3.1":0.042005,"3.2":0.008401,"4":0.159619,"5":0.226827,"5.1":0.151218,"6":0.050406,"6.1":0.042005,"7":0.016802,"7.1":0,"8":0.075609,"9":0.016802,"9.1":0.075609,"10":0.117614,"10.1":1.033323,"11":0.016802,"0":null},"ios_saf":{"3.2":0,"4.0-4.1":0,"4.2-4.3":0,"5.0-5.1":0,"6.0-6.1":0,"7.0-7.1":0.0108714724803,"8":0,"8.1-8.4":0.00880071581742,"9.0-9.2":0.114150461044,"9.3":0.082571421934,"10.0-10.2":0.319155370673,"10.3":1.99931555805,"11":null},"android":{"2.1":0,"2.2":0,"2.3":0,"3":0,"4":0,"4.1":0.0655817053182,"4.2-4.3":0.169419405405,"4.4":0.469091364429,"4.4.3-4.4.4":0.340660524847,"56":null},"op_mob":{"10":null,"11":null,"11.1":null,"11.5":null,"12":null,"12.1":null,"0":null},"ie":{"5.5":0,"6":0.0175945471698,"7":0.0175945471698,"8":1.45155014151,"9":0.228729113208,"10":0.475052773585,"11":1.53072560377},"edge":{"12":0.033604,"13":0.050406,"14":0.403248,"15":null,"16":null},"bb":{"7":0.0019188,"10":0.0076752},"samsung":{"4":0,"5":0},"ie_mob":{"10":null,"11":null},"baidu":{"0":null},"and_ff":{"0":0.004797},"and_qq":{"1.2":null},"and_uc":{"0":0.33579},"op_mini":{"0":0.955238364238},"and_chr":{"0":11.22578}},"total":90.7869100907}