{"id":"BZ","name":"Belize","month":"2017-08","access_date":"2017-09-04","data":{"chrome":{"4":0,"5":0,"6":0,"7":0,"8":0,"9":0,"10":0,"11":0.009574,"12":0,"13":0,"14":0,"15":0,"16":0,"17":0,"18":0.004787,"19":0,"20":0,"21":0,"22":0.014361,"23":0,"24":0,"25":0,"26":0.004787,"27":0,"28":0,"29":0.004787,"30":0,"31":0.019148,"32":0,"33":0.004787,"34":0.004787,"35":0.004787,"36":0.023935,"37":0,"38":0.023935,"39":0,"40":0.023935,"41":0,"42":0.004787,"43":0.023935,"44":0.014361,"45":0.038296,"46":0.004787,"47":0.009574,"48":0.062231,"49":0.292007,"50":0.028722,"51":0.138823,"52":0.009574,"53":0.086166,"54":0.177119,"55":0.354238,"56":0.105314,"57":0.157971,"58":0.181906,"59":5.859288,"60":17.036933,"61":0.019148,"62":0.105314,"63":0},"firefox":{"2":0,"3":0.004787,"3.5":0,"3.6":0.009574,"4":0,"5":0,"6":0,"7":0,"8":0,"9":0,"10":0,"11":0,"12":0.004787,"13":0,"14":0.014361,"15":0,"16":0,"17":0,"18":0,"19":0,"20":0,"21":0,"22":0.004787,"23":0,"24":0,"25":0,"26":0.004787,"27":0,"28":0,"29":0,"30":0.004787,"31":0,"32":0,"33":0.004787,"34":0.004787,"35":0,"36":0,"37":0,"38":0.004787,"39":0.009574,"40":0.014361,"41":0.009574,"42":0.014361,"43":0.019148,"44":0.043083,"45":0.033509,"46":0.014361,"47":0.067018,"48":0.043083,"49":0.052657,"50":0.052657,"51":0.067018,"52":0.990909,"53":0.081379,"54":4.734343,"55":1.689811,"56":0.177119,"57":0,"58":0},"opera":{"9":0,"9.5-9.6":0,"10.0-10.1":0,"10.5":0,"10.6":0,"11":0,"11.1":0,"11.5":0,"11.6":0,"12":0,"12.1":0.004787,"15":0,"16":0,"17":0,"18":0,"19":0,"20":0,"21":0,"22":0,"23":0,"24":0,"25":0,"26":0,"27":0,"28":0.004787,"29":0,"30":0,"31":0,"32":0,"33":0,"34":0,"35":0,"36":0.004787,"37":0,"38":0,"39":0,"40":0,"41":0,"42":0.004787,"43":0,"44":0,"45":0.004787,"46":0.210628,"47":0.253711,"48":0,"49":0},"safari":{"3.1":0,"3.2":0,"4":0.009574,"5":0.038296,"5.1":0.009574,"6":0.004787,"6.1":0.004787,"7":0.009574,"7.1":0,"8":0.014361,"9":0.052657,"9.1":0.483487,"10":0.205841,"10.1":1.780764,"11":0.019148,"0":null},"ios_saf":{"3.2":0,"4.0-4.1":0,"4.2-4.3":0,"5.0-5.1":0,"6.0-6.1":0,"7.0-7.1":0.041976926376,"8":0,"8.1-8.4":0.033981321352,"9.0-9.2":0.440757726948,"9.3":0.318824750332,"10.0-10.2":1.23232262432,"10.3":7.71975665067,"11":null},"android":{"2.1":0,"2.2":0,"2.3":0,"3":0,"4":0,"4.1":0.273711044464,"4.2-4.3":0.707086864865,"4.4":1.95779427637,"4.4.3-4.4.4":1.4217768143,"56":null},"op_mob":{"10":null,"11":null,"11.1":null,"11.5":null,"12":null,"12.1":null,"0":null},"ie":{"5.5":0,"6":0.0247694311927,"7":0.0396310899083,"8":0.242740425688,"9":0.0544927486239,"10":0.262555970642,"11":2.07567833394},"edge":{"12":0.062231,"13":0.354238,"14":0.674967,"15":null,"16":null},"bb":{"7":0.0072982,"10":0.0291928},"samsung":{"4":0,"5":0},"ie_mob":{"10":null,"11":null},"baidu":{"0":null},"and_ff":{"0":0.010426},"and_qq":{"1.2":null},"and_uc":{"0":1.240694},"op_mini":{"0":0.368206963576},"and_chr":{"0":37.765655}},"total":93.5121899636}