{"id":"CA","name":"Canada","month":"2017-08","access_date":"2017-09-04","data":{"chrome":{"4":0,"5":0,"6":0,"7":0,"8":0,"9":0,"10":0,"11":0.006315,"12":0,"13":0,"14":0,"15":0,"16":0,"17":0,"18":0.006315,"19":0,"20":0,"21":0.006315,"22":0.01263,"23":0.006315,"24":0,"25":0.006315,"26":0.006315,"27":0,"28":0,"29":0.018945,"30":0.006315,"31":0.01263,"32":0.006315,"33":0.006315,"34":0.02526,"35":0.01263,"36":0.02526,"37":0.01263,"38":0.03789,"39":0.018945,"40":0.01263,"41":0.018945,"42":0.006315,"43":0.05052,"44":0.018945,"45":0.094725,"46":0.02526,"47":0.031575,"48":0.05052,"49":0.978825,"50":0.06315,"51":0.082095,"52":0.031575,"53":0.044205,"54":0.094725,"55":0.221025,"56":0.20208,"57":0.208395,"58":0.435735,"59":6.788625,"60":17.50518,"61":0.056835,"62":0.031575,"63":0},"firefox":{"2":0.006315,"3":0.006315,"3.5":0,"3.6":0.018945,"4":0,"5":0,"6":0,"7":0,"8":0,"9":0,"10":0.006315,"11":0,"12":0.006315,"13":0,"14":0,"15":0,"16":0.006315,"17":0.006315,"18":0,"19":0,"20":0,"21":0.006315,"22":0,"23":0,"24":0.006315,"25":0,"26":0.006315,"27":0,"28":0.006315,"29":0,"30":0.006315,"31":0.006315,"32":0,"33":0.006315,"34":0.006315,"35":0.006315,"36":0.01263,"37":0.01263,"38":0.018945,"39":0.01263,"40":0.018945,"41":0.03789,"42":0.01263,"43":0.02526,"44":0.018945,"45":0.11367,"46":0.018945,"47":0.05052,"48":0.20208,"49":0.03789,"50":0.06315,"51":0.056835,"52":0.486255,"53":0.08841,"54":3.504825,"55":1.45245,"56":0.02526,"57":0.006315,"58":0},"opera":{"9":0,"9.5-9.6":0,"10.0-10.1":0,"10.5":0,"10.6":0,"11":0,"11.1":0,"11.5":0,"11.6":0,"12":0,"12.1":0.01263,"15":0,"16":0,"17":0,"18":0,"19":0,"20":0,"21":0,"22":0,"23":0,"24":0,"25":0,"26":0,"27":0,"28":0.006315,"29":0,"30":0,"31":0,"32":0,"33":0,"34":0,"35":0,"36":0.018945,"37":0,"38":0,"39":0,"40":0,"41":0,"42":0.006315,"43":0.006315,"44":0,"45":0.006315,"46":0.2526,"47":0.20208,"48":0.006315,"49":0},"safari":{"3.1":0,"3.2":0,"4":0.01263,"5":0.03789,"5.1":0.094725,"6":0.006315,"6.1":0.05052,"7":0.01263,"7.1":0.01263,"8":0.11367,"9":0.11367,"9.1":0.587295,"10":0.435735,"10.1":4.06686,"11":0.018945,"0":null},"ios_saf":{"3.2":0,"4.0-4.1":0,"4.2-4.3":0,"5.0-5.1":0,"6.0-6.1":0,"7.0-7.1":0.115629885633,"8":0,"8.1-8.4":0.0936051455121,"9.0-9.2":1.21411379914,"9.3":0.878236512305,"10.0-10.2":3.39456307107,"10.3":21.2648865863,"11":null},"android":{"2.1":0,"2.2":0,"2.3":0,"3":0,"4":0,"4.1":0.0744688404534,"4.2-4.3":0.192377837838,"4.4":0.532659067132,"4.4.3-4.4.4":0.386824254577,"56":null},"op_mob":{"10":null,"11":null,"11.1":null,"11.5":null,"12":null,"12.1":null,"0":null},"ie":{"5.5":0,"6":0.00636228369384,"7":0.0127245673877,"8":0.74438719218,"9":0.152694808652,"10":0.16541937604,"11":6.56587677205},"edge":{"12":0.02526,"13":0.094725,"14":1.067235,"15":null,"16":null},"bb":{"7":0.075174,"10":0.300696},"samsung":{"4":0,"5":0},"ie_mob":{"10":null,"11":null},"baidu":{"0":null},"and_ff":{"0":0.055275},"and_qq":{"1.2":null},"and_uc":{"0":0.25795},"op_mini":{"0":0.241465115894},"and_chr":{"0":15.62181}},"total":93.2936601159}