{"id":"CD","name":"Congo, The Democratic Republic of","month":"2017-08","access_date":"2017-09-04","data":{"chrome":{"4":0.000942,"5":0,"6":0,"7":0,"8":0,"9":0,"10":0.000942,"11":0.087606,"12":0.000942,"13":0.000942,"14":0.001884,"15":0,"16":0.000942,"17":0.001884,"18":0.001884,"19":0.000942,"20":0.000942,"21":0,"22":0.000942,"23":0.002826,"24":0,"25":0.001884,"26":0.001884,"27":0.022608,"28":0.011304,"29":0.020724,"30":0.00471,"31":0.01884,"32":0.011304,"33":0.015072,"34":0.008478,"35":0.013188,"36":0.030144,"37":0.011304,"38":0.005652,"39":0.001884,"40":0.008478,"41":0.13188,"42":0.000942,"43":0.100794,"44":0.000942,"45":0.012246,"46":0.00471,"47":0.001884,"48":0.010362,"49":0.097026,"50":0.013188,"51":0.045216,"52":0.017898,"53":0.006594,"54":0.002826,"55":0.086664,"56":0.013188,"57":0.027318,"58":0.063114,"59":0.600054,"60":1.576908,"61":0.007536,"62":0.002826,"63":0},"firefox":{"2":0,"3":0.06594,"3.5":0.000942,"3.6":0.015072,"4":0.00471,"5":0.001884,"6":0.001884,"7":0.000942,"8":0.006594,"9":0.000942,"10":0.001884,"11":0.000942,"12":0.002826,"13":0.001884,"14":0.00471,"15":0.002826,"16":0.003768,"17":0.006594,"18":0.003768,"19":0.002826,"20":0.00942,"21":0.078186,"22":0.015072,"23":0.012246,"24":0.01413,"25":0.01884,"26":0.002826,"27":0.008478,"28":0.010362,"29":0.016956,"30":0.008478,"31":0.021666,"32":0.003768,"33":0.008478,"34":0.006594,"35":0.005652,"36":0.007536,"37":0.077244,"38":0.010362,"39":0.007536,"40":0.007536,"41":0.00471,"42":0.00471,"43":0.048984,"44":0.01413,"45":0.017898,"46":0.005652,"47":0.147894,"48":0.035796,"49":0.019782,"50":0.017898,"51":0.011304,"52":0.064056,"53":0.027318,"54":1.126632,"55":0.380568,"56":0.025434,"57":0.000942,"58":0},"opera":{"9":0,"9.5-9.6":0,"10.0-10.1":0,"10.5":0,"10.6":0.000942,"11":0.00471,"11.1":0,"11.5":0.000942,"11.6":0.024492,"12":0.01413,"12.1":0.027318,"15":0.002826,"16":0.006594,"17":0.002826,"18":0.002826,"19":0.000942,"20":0.006594,"21":0.007536,"22":0.002826,"23":0.010362,"24":0.001884,"25":0,"26":0.000942,"27":0.000942,"28":0.132822,"29":0.002826,"30":0.002826,"31":0,"32":0.000942,"33":0.015072,"34":0.011304,"35":0.000942,"36":0.016014,"37":0.015072,"38":0.001884,"39":0.001884,"40":0.001884,"41":0.005652,"42":0.019782,"43":0.013188,"44":0.003768,"45":0.035796,"46":0.313686,"47":0.20253,"48":0,"49":0},"safari":{"3.1":0.000942,"3.2":0,"4":0,"5":0.006594,"5.1":0.008478,"6":0.002826,"6.1":0,"7":0.008478,"7.1":0.010362,"8":0.008478,"9":0.013188,"9.1":0.02355,"10":0.026376,"10.1":0.073476,"11":0,"0":null},"ios_saf":{"3.2":0,"4.0-4.1":0,"4.2-4.3":0,"5.0-5.1":0,"6.0-6.1":0,"7.0-7.1":0.00477047605432,"8":0,"8.1-8.4":0.00386181394874,"9.0-9.2":0.0500899985704,"9.3":0.0362329014602,"10.0-10.2":0.140047547023,"10.3":0.877313262943,"11":null},"android":{"2.1":0,"2.2":0,"2.3":0,"3":0,"4":0,"4.1":0.360036784656,"4.2-4.3":0.930095027027,"4.4":2.57526311247,"4.4.3-4.4.4":1.87019107585,"56":null},"op_mob":{"10":null,"11":null,"11.1":null,"11.5":null,"12":null,"12.1":null,"0":null},"ie":{"5.5":0,"6":0.000945946927374,"7":0.00189189385475,"8":0.0860811703911,"9":0.0368919301676,"10":0.0785135949721,"11":0.373649036313},"edge":{"12":0.077244,"13":0.044274,"14":0.07536,"15":null,"16":null},"bb":{"7":0.0525364,"10":0.2101456},"samsung":{"4":0,"5":0},"ie_mob":{"10":null,"11":null},"baidu":{"0":null},"and_ff":{"0":0.108696},"and_qq":{"1.2":null},"and_uc":{"0":12.219242},"op_mini":{"0":49.5643562252},"and_chr":{"0":10.686108}},"total":87.1152997978}