{"id":"CF","name":"Central African Republic","month":"2017-08","access_date":"2017-09-04","data":{"chrome":{"4":0,"5":0,"6":0,"7":0,"8":0.001876,"9":0.015008,"10":0,"11":0.00938,"12":0.007504,"13":0,"14":0,"15":0,"16":0.001876,"17":0,"18":0,"19":0,"20":0.007504,"21":0.001876,"22":0.001876,"23":0,"24":0,"25":0.01876,"26":0,"27":0.00938,"28":0,"29":0.00938,"30":0,"31":0.003752,"32":0,"33":0,"34":0,"35":0,"36":0.005628,"37":0,"38":0.001876,"39":0,"40":0,"41":0,"42":0.011256,"43":0.031892,"44":0,"45":0.011256,"46":0,"47":0.001876,"48":0,"49":0.13132,"50":0.033768,"51":0,"52":0.005628,"53":0.015008,"54":0.001876,"55":0.013132,"56":0.01876,"57":0.035644,"58":0.030016,"59":1.620864,"60":3.509996,"61":0,"62":0.001876,"63":0},"firefox":{"2":0,"3":0.03752,"3.5":0.024388,"3.6":0,"4":0.022512,"5":0,"6":0,"7":0,"8":0,"9":0.001876,"10":0.015008,"11":0.01876,"12":0,"13":0.031892,"14":0.001876,"15":0.00938,"16":0.001876,"17":0.022512,"18":0.024388,"19":0.011256,"20":0.011256,"21":0.015008,"22":0.011256,"23":0.001876,"24":0.016884,"25":0.013132,"26":0,"27":0.013132,"28":0.022512,"29":0.007504,"30":0.030016,"31":0.020636,"32":0.001876,"33":0.035644,"34":0.013132,"35":0.048776,"36":0.015008,"37":0.001876,"38":0.031892,"39":0.003752,"40":0.041272,"41":0.013132,"42":0.005628,"43":0.208236,"44":0.095676,"45":0.285152,"46":0.001876,"47":0.183848,"48":0.082544,"49":0.011256,"50":0.050652,"51":0.054404,"52":0.13132,"53":0.063784,"54":2.97346,"55":0.380828,"56":0.058156,"57":0,"58":0},"opera":{"9":0,"9.5-9.6":0,"10.0-10.1":0,"10.5":0,"10.6":0.001876,"11":0,"11.1":0,"11.5":0.001876,"11.6":0.013132,"12":0.011256,"12.1":0.024388,"15":0.001876,"16":0,"17":0,"18":0,"19":0,"20":0,"21":0.005628,"22":0,"23":0,"24":0,"25":0.001876,"26":0.001876,"27":0,"28":0.001876,"29":0.001876,"30":0.003752,"31":0,"32":0.001876,"33":0,"34":0,"35":0,"36":0.003752,"37":0.001876,"38":0,"39":0.001876,"40":0,"41":0,"42":0.013132,"43":0.045024,"44":0,"45":0.003752,"46":0.793548,"47":0.350812,"48":0.050652,"49":0},"safari":{"3.1":0,"3.2":0,"4":0,"5":0,"5.1":0.001876,"6":0,"6.1":0,"7":0,"7.1":0.001876,"8":0,"9":0.001876,"9.1":0.011256,"10":0.013132,"10.1":0.155708,"11":0,"0":null},"ios_saf":{"3.2":0,"4.0-4.1":0,"4.2-4.3":0,"5.0-5.1":0,"6.0-6.1":0,"7.0-7.1":0.0156393881344,"8":0,"8.1-8.4":0.0126604570612,"9.0-9.2":0.164213575411,"9.3":0.118784876544,"10.0-10.2":0.459127751659,"10.3":2.87615795119,"11":null},"android":{"2.1":0,"2.2":0,"2.3":0,"3":0,"4":0,"4.1":0.726760843941,"4.2-4.3":1.87746551351,"4.4":5.1983588143,"4.4.3-4.4.4":3.77511882825,"56":null},"op_mob":{"10":null,"11":null,"11.1":null,"11.5":null,"12":null,"12.1":null,"0":null},"ie":{"5.5":0,"6":0,"7":0.0196689896907,"8":0.231656989691,"9":0.00874177319588,"10":0.198875340206,"11":0.812984907216},"edge":{"12":0.242004,"13":0.469,"14":0.341432,"15":null,"16":null},"bb":{"7":0.0016248,"10":0.0064992},"samsung":{"4":0,"5":0},"ie_mob":{"10":null,"11":null},"baidu":{"0":null},"and_ff":{"0":0.146232},"and_qq":{"1.2":null},"and_uc":{"0":14.46072},"op_mini":{"0":14.1449600265},"and_chr":{"0":33.944336}},"total":92.5258160265}