{"id":"CG","name":"Congo, Republic of the","month":"2017-07","access_date":"2017-08-04","data":{"chrome":{"4":0.027469,"5":null,"6":null,"7":null,"8":null,"9":null,"10":0.012678,"11":0.12678,"12":null,"13":0.002113,"14":null,"15":0.002113,"16":0.002113,"17":0.033808,"18":null,"19":null,"20":0.004226,"21":0.002113,"22":0.006339,"23":null,"24":null,"25":0.004226,"26":0.038034,"27":0.103537,"28":0.048599,"29":0.046486,"30":0.016904,"31":0.040147,"32":0.067616,"33":0.02113,"34":0.031695,"35":0.050712,"36":0.06339,"37":0.044373,"38":0.023243,"39":0.008452,"40":0.010565,"41":0.513459,"42":null,"43":0.092972,"44":0.004226,"45":0.099311,"46":0.029582,"47":0.044373,"48":0.027469,"49":0.128893,"50":0.016904,"51":0.111989,"52":0.002113,"53":0.012678,"54":0.004226,"55":0.289481,"56":0.044373,"57":0.054938,"58":0.281029,"59":4.209096,"60":0.050712,"61":null,"62":null,"63":null},"firefox":{"2":0.002113,"3":0.995223,"3.5":0.012678,"3.6":0.023243,"4":0.004226,"5":null,"6":null,"7":null,"8":0.006339,"9":0.006339,"10":0.004226,"11":0.004226,"12":0.008452,"13":0.008452,"14":0.014791,"15":0.006339,"16":0.031695,"17":0.008452,"18":0.010565,"19":0.004226,"20":null,"21":0.323289,"22":0.052825,"23":0.052825,"24":0.052825,"25":0.069729,"26":0.016904,"27":0.048599,"28":0.038034,"29":0.038034,"30":0.010565,"31":0.061277,"32":0.016904,"33":0.027469,"34":0.016904,"35":0.016904,"36":0.040147,"37":0.327515,"38":0.065503,"39":0.033808,"40":0.012678,"41":0.006339,"42":0.02113,"43":0.092972,"44":0.02113,"45":0.016904,"46":0.033808,"47":0.264125,"48":0.059164,"49":0.124667,"50":0.029582,"51":0.08452,"52":0.281029,"53":0.238769,"54":3.860451,"55":0.12678,"56":null,"57":null},"opera":{"9":null,"9.5-9.6":null,"10.0-10.1":0.002113,"10.5":null,"10.6":null,"11":0.004226,"11.1":null,"11.5":null,"11.6":0.031695,"12":0.048599,"12.1":0.073955,"15":null,"16":null,"17":null,"18":null,"19":null,"20":0.004226,"21":null,"22":null,"23":null,"24":null,"25":null,"26":null,"27":null,"28":0.678273,"29":0.004226,"30":null,"31":0.006339,"32":0.002113,"33":null,"34":0.004226,"35":null,"36":0.010565,"37":0.008452,"38":null,"39":null,"40":0.006339,"41":0.035921,"42":0.033808,"43":0.014791,"44":0.010565,"45":0.054938,"46":0.606431,"47":null,"48":null},"safari":{"3.1":null,"3.2":null,"4":0,"5":0.035921,"5.1":0.050712,"6":null,"6.1":0.004226,"7":0.038034,"7.1":0.006339,"8":0.006339,"9":0.082407,"9.1":0.118328,"10":0.124667,"10.1":0.183831,"11":null,"0":null},"ios_saf":{"3.2":0,"4.0-4.1":0,"4.2-4.3":0,"5.0-5.1":0,"6.0-6.1":0,"7.0-7.1":0.00905101143858,"8":0,"8.1-8.4":0.00693268961253,"9.0-9.2":0.00481436778648,"9.3":0.0951319074608,"10.0-10.2":0.271337768446,"10.3":1.48147725526,"11":null},"android":{"2.1":0,"2.2":0,"2.3":0,"3":0,"4":0,"4.1":0.535686486486,"4.2-4.3":1.36711655405,"4.4":3.67726452703,"4.4.3-4.4.4":2.26550743243,"56":null},"op_mob":{"10":0,"11":0,"11.1":0,"11.5":0,"12":0,"12.1":0,"0":0.0341415136054},"ie":{"5.5":null,"6":0.00427381895332,"7":0.00641072842999,"8":0.14744675389,"9":0.158131301273,"10":0.196595671853,"11":0.997936725601},"edge":{"12":0.152136,"13":0.099311,"14":0.137345,"15":null,"16":null},"bb":{"7":0.2010675,"10":null},"samsung":{"4":2.14472,"5":null},"ie_mob":{"10":0.122353448276,"11":0.666146551724},"op_mini":{"0":10.0034634864},"and_chr":{"0":23.176197},"baidu":{"0":null},"and_ff":{"0":0.134045},"and_qq":{"1.2":null},"and_uc":{"0":32.88045}},"total":97.8614745}