{"id":"CI","name":"Cote d'Ivoire","month":"2017-08","access_date":"2017-09-04","data":{"chrome":{"4":0,"5":0,"6":0,"7":0.003826,"8":0,"9":0.003826,"10":0.003826,"11":0.042086,"12":0.030608,"13":0.01913,"14":0.003826,"15":0,"16":0.011478,"17":0.003826,"18":0.003826,"19":0.003826,"20":0,"21":0.003826,"22":0,"23":0.003826,"24":0.003826,"25":0.003826,"26":0.030608,"27":0.030608,"28":0.011478,"29":0.026782,"30":0.045912,"31":0.042086,"32":0.015304,"33":0.049738,"34":0.007652,"35":0.011478,"36":0.084172,"37":0.030608,"38":0.061216,"39":0.034434,"40":0.045912,"41":0.01913,"42":0.015304,"43":0.340514,"44":0.042086,"45":0.053564,"46":0.07652,"47":0.034434,"48":0.03826,"49":4.927888,"50":0.026782,"51":0.05739,"52":0.022956,"53":0.053564,"54":0.030608,"55":0.390252,"56":0.156866,"57":0.149214,"58":0.34434,"59":4.365466,"60":13.494302,"61":0.072694,"62":0.05739,"63":0},"firefox":{"2":0,"3":0.01913,"3.5":0.003826,"3.6":0.007652,"4":0.003826,"5":0,"6":0,"7":0,"8":0.003826,"9":0,"10":0.003826,"11":0.003826,"12":0.003826,"13":0.030608,"14":0.003826,"15":0.007652,"16":0.011478,"17":0,"18":0.003826,"19":0.01913,"20":0.007652,"21":0.003826,"22":0.003826,"23":0.003826,"24":0.007652,"25":0.003826,"26":0.003826,"27":0.007652,"28":0.003826,"29":0.022956,"30":0.015304,"31":0.011478,"32":0.007652,"33":0.022956,"34":0.007652,"35":0.015304,"36":0.011478,"37":0.01913,"38":0.03826,"39":0.011478,"40":0.034434,"41":0.034434,"42":0.030608,"43":0.233386,"44":0.05739,"45":0.03826,"46":0.015304,"47":0.21043,"48":0.241038,"49":0.122432,"50":0.156866,"51":0.049738,"52":0.447642,"53":0.168344,"54":3.512268,"55":1.117192,"56":0.053564,"57":0.003826,"58":0},"opera":{"9":0,"9.5-9.6":0,"10.0-10.1":0,"10.5":0,"10.6":0,"11":0,"11.1":0,"11.5":0,"11.6":0,"12":0,"12.1":0.003826,"15":0.003826,"16":0,"17":0,"18":0,"19":0,"20":0,"21":0,"22":0,"23":0,"24":0,"25":0,"26":0,"27":0,"28":0.003826,"29":0,"30":0,"31":0,"32":0.003826,"33":0.003826,"34":0.007652,"35":0,"36":0.03826,"37":0.011478,"38":0.003826,"39":0,"40":0.003826,"41":0,"42":0.007652,"43":0.003826,"44":0.003826,"45":0.011478,"46":0.527988,"47":0.436164,"48":0.022956,"49":0},"safari":{"3.1":0,"3.2":0,"4":0.003826,"5":0.022956,"5.1":0.015304,"6":0.011478,"6.1":0.007652,"7":0.011478,"7.1":0.007652,"8":0.03826,"9":0.049738,"9.1":0.15304,"10":0.110954,"10.1":0.317558,"11":0,"0":null},"ios_saf":{"3.2":0,"4.0-4.1":0,"4.2-4.3":0,"5.0-5.1":0,"6.0-6.1":0,"7.0-7.1":0.00989785561115,"8":0,"8.1-8.4":0.00801254978046,"9.0-9.2":0.103927483917,"9.3":0.075176569999,"10.0-10.2":0.290572761156,"10.3":1.82026277954,"11":null},"android":{"2.1":0,"2.2":0,"2.3":0,"3":0,"4":0,"4.1":0.274945213601,"4.2-4.3":0.710275135135,"4.4":1.96662201395,"4.4.3-4.4.4":1.42818763731,"56":null},"op_mob":{"10":null,"11":null,"11.1":null,"11.5":null,"12":null,"12.1":null,"0":null},"ie":{"5.5":0,"6":0.0159202684564,"7":0.00796013422819,"8":0.0756212751678,"9":0.0119402013423,"10":0.0318405369128,"11":0.449747583893},"edge":{"12":0.061216,"13":0.080346,"14":0.130084,"15":null,"16":null},"bb":{"7":0.0481572,"10":0.1926288},"samsung":{"4":0,"5":0},"ie_mob":{"10":null,"11":null},"baidu":{"0":null},"and_ff":{"0":0.611226},"and_qq":{"1.2":null},"and_uc":{"0":4.47615},"op_mini":{"0":12.6989980331},"and_chr":{"0":33.763302}},"total":93.5168500331}