{"id":"CK","name":"Cook Islands","month":"2017-08","access_date":"2017-09-04","data":{"chrome":{"4":0,"5":0,"6":0,"7":0,"8":0,"9":0,"10":0,"11":0,"12":0,"13":0,"14":0,"15":0,"16":0,"17":0,"18":0,"19":0,"20":0,"21":0,"22":0.011822,"23":0,"24":0,"25":0,"26":0,"27":0,"28":0.053199,"29":0,"30":0,"31":0,"32":0,"33":0,"34":0,"35":0,"36":0,"37":0,"38":0,"39":0,"40":0,"41":0,"42":0,"43":0,"44":0.017733,"45":0,"46":0.171419,"47":0.005911,"48":0.153686,"49":0.597011,"50":0,"51":0.029555,"52":0,"53":0,"54":0.05911,"55":0.05911,"56":0.147775,"57":0.011822,"58":0.195063,"59":3.765307,"60":12.903713,"61":0,"62":0.005911,"63":0},"firefox":{"2":0,"3":0,"3.5":0,"3.6":0.11822,"4":0,"5":0.023644,"6":0,"7":0,"8":0,"9":0,"10":0,"11":0,"12":0,"13":0,"14":0,"15":0,"16":0,"17":0,"18":0,"19":0,"20":0.005911,"21":0,"22":0,"23":0,"24":0,"25":0,"26":0,"27":0,"28":0.005911,"29":0.070932,"30":0.005911,"31":0,"32":0,"33":0,"34":0,"35":0,"36":0.005911,"37":0,"38":0.005911,"39":0.011822,"40":0,"41":0.023644,"42":0,"43":0.035466,"44":0,"45":0.035466,"46":0,"47":0.053199,"48":0.023644,"49":0.029555,"50":0.041377,"51":0.011822,"52":0.514257,"53":0.141864,"54":2.967322,"55":0.76843,"56":0.05911,"57":0,"58":0},"opera":{"9":0,"9.5-9.6":0,"10.0-10.1":0,"10.5":0,"10.6":0,"11":0,"11.1":0,"11.5":0,"11.6":0,"12":0,"12.1":0,"15":0,"16":0,"17":0,"18":0,"19":0,"20":0,"21":0,"22":0,"23":0,"24":0,"25":0,"26":0,"27":0,"28":0,"29":0,"30":0,"31":0,"32":0,"33":0,"34":0,"35":0.005911,"36":0.011822,"37":0,"38":0,"39":0,"40":0,"41":0,"42":0,"43":0,"44":0,"45":0,"46":0.029555,"47":0.053199,"48":0,"49":0},"safari":{"3.1":0,"3.2":0,"4":0.005911,"5":0,"5.1":0,"6":0.011822,"6.1":0.005911,"7":0,"7.1":0,"8":0.041377,"9":0.017733,"9.1":0.195063,"10":0.11822,"10.1":0.975315,"11":0,"0":null},"ios_saf":{"3.2":0,"4.0-4.1":0,"4.2-4.3":0,"5.0-5.1":0,"6.0-6.1":0,"7.0-7.1":0.076213119371,"8":0,"8.1-8.4":0.0616963347289,"9.0-9.2":0.800237753395,"9.3":0.578856787603,"10.0-10.2":2.23739943296,"10.3":14.0159555719,"11":null},"android":{"2.1":0,"2.2":0,"2.3":0,"3":0,"4":0,"4.1":0.0951321499564,"4.2-4.3":0.245758054054,"4.4":0.68045912816,"4.4.3-4.4.4":0.494158667829,"56":null},"op_mob":{"10":null,"11":null,"11.1":null,"11.5":null,"12":null,"12.1":null,"0":null},"ie":{"5.5":0,"6":0.005911,"7":0,"8":16.225695,"9":0.041377,"10":0.106398,"11":8.476374},"edge":{"12":0.047288,"13":0.265995,"14":0.53199,"15":null,"16":null},"bb":{"7":0.08178,"10":0.32712},"samsung":{"4":0,"5":0},"ie_mob":{"10":null,"11":null},"baidu":{"0":null},"and_ff":{"0":0.008178},"and_qq":{"1.2":null},"and_uc":{"0":0.61335},"op_mini":{"0":0.219221850993},"and_chr":{"0":22.441079}},"total":93.296938851}