{"id":"CL","name":"Chile","month":"2017-08","access_date":"2017-09-04","data":{"chrome":{"4":0,"5":0,"6":0,"7":0,"8":0,"9":0,"10":0,"11":0.00568,"12":0,"13":0,"14":0,"15":0,"16":0,"17":0,"18":0.00568,"19":0,"20":0,"21":0.01136,"22":0.04544,"23":0,"24":0,"25":0.00568,"26":0.02272,"27":0.00568,"28":0,"29":0.00568,"30":0,"31":0.01704,"32":0.00568,"33":0.00568,"34":0.03976,"35":0.00568,"36":0.09088,"37":0.01136,"38":0.09656,"39":0.01704,"40":0.00568,"41":0.01704,"42":0.00568,"43":0.04544,"44":0.01704,"45":0.01136,"46":0.0284,"47":0.0284,"48":0.03976,"49":1.37456,"50":0.02272,"51":0.13632,"52":0.02272,"53":0.04544,"54":0.07384,"55":0.14768,"56":0.18744,"57":0.142,"58":0.39192,"59":8.86648,"60":28.87144,"61":0.06248,"62":0.01704,"63":0},"firefox":{"2":0,"3":0.00568,"3.5":0,"3.6":0.00568,"4":0,"5":0,"6":0,"7":0,"8":0,"9":0,"10":0,"11":0,"12":0,"13":0,"14":0,"15":0,"16":0.00568,"17":0,"18":0,"19":0,"20":0,"21":0,"22":0,"23":0,"24":0,"25":0,"26":0,"27":0,"28":0,"29":0,"30":0,"31":0,"32":0,"33":0.01704,"34":0.01704,"35":0,"36":0.01136,"37":0.00568,"38":0.00568,"39":0.00568,"40":0.00568,"41":0.00568,"42":0.00568,"43":0.02272,"44":0.00568,"45":0.03408,"46":0.01136,"47":0.03976,"48":0.13064,"49":0.01704,"50":0.03976,"51":0.0284,"52":0.2272,"53":0.0568,"54":2.57872,"55":1.06216,"56":0.01136,"57":0,"58":0},"opera":{"9":0,"9.5-9.6":0,"10.0-10.1":0,"10.5":0,"10.6":0,"11":0,"11.1":0,"11.5":0,"11.6":0,"12":0,"12.1":0.01704,"15":0,"16":0,"17":0,"18":0,"19":0,"20":0,"21":0,"22":0,"23":0,"24":0,"25":0,"26":0,"27":0,"28":0.00568,"29":0,"30":0,"31":0,"32":0,"33":0,"34":0,"35":0,"36":0.01136,"37":0,"38":0,"39":0,"40":0,"41":0,"42":0.00568,"43":0.00568,"44":0.00568,"45":0.01704,"46":0.46576,"47":0.47712,"48":0.00568,"49":0},"safari":{"3.1":0,"3.2":0,"4":0.00568,"5":0.01704,"5.1":0.01704,"6":0,"6.1":0.01136,"7":0.01136,"7.1":0,"8":0.0852,"9":0.09656,"9.1":0.426,"10":0.3124,"10.1":1.83464,"11":0.00568,"0":null},"ios_saf":{"3.2":0,"4.0-4.1":0,"4.2-4.3":0,"5.0-5.1":0,"6.0-6.1":0,"7.0-7.1":0.0319839885633,"8":0,"8.1-8.4":0.0258918002655,"9.0-9.2":0.335831879914,"9.3":0.242926008373,"10.0-10.2":0.938958521393,"10.3":5.88200780149,"11":null},"android":{"2.1":0,"2.2":0,"2.3":0,"3":0,"4":0,"4.1":0.0765020401046,"4.2-4.3":0.19763027027,"4.4":0.547202092415,"4.4.3-4.4.4":0.39738559721,"56":null},"op_mob":{"10":null,"11":null,"11.1":null,"11.5":null,"12":null,"12.1":null,"0":null},"ie":{"5.5":0,"6":0.0756033432836,"7":0.00581564179104,"8":0.174469253731,"9":0.250072597015,"10":0.104681552239,"11":1.33759761194},"edge":{"12":0.07384,"13":0.1136,"14":0.426,"15":null,"16":null},"bb":{"7":0.002592,"10":0.010368},"samsung":{"4":0,"5":0},"ie_mob":{"10":null,"11":null},"baidu":{"0":null},"and_ff":{"0":0.0216},"and_qq":{"1.2":null},"and_uc":{"0":0.06912},"op_mini":{"0":0.264692980132},"and_chr":{"0":35.22848}},"total":95.9952529801}