{"id":"CM","name":"Cameroon","month":"2017-08","access_date":"2017-09-04","data":{"chrome":{"4":0.00273,"5":0,"6":0,"7":0.00546,"8":0,"9":0,"10":0.00273,"11":0.05733,"12":0.00273,"13":0.00819,"14":0.00273,"15":0.00273,"16":0.00273,"17":0.00273,"18":0.00546,"19":0.00819,"20":0,"21":0,"22":0.00273,"23":0.01365,"24":0,"25":0.01092,"26":0.00546,"27":0.01638,"28":0.01365,"29":0.03276,"30":0.00819,"31":0.02457,"32":0.00819,"33":0.02457,"34":0.01365,"35":0.0273,"36":0.08736,"37":0.00819,"38":0.00819,"39":0.00819,"40":0.01365,"41":0.09828,"42":0.01365,"43":0.21021,"44":0.00819,"45":0.01911,"46":0.01638,"47":0.01092,"48":0.02184,"49":0.45318,"50":0.03276,"51":0.03549,"52":0.01365,"53":0.06006,"54":0.01092,"55":0.22386,"56":0.05733,"57":0.06006,"58":0.17472,"59":1.99563,"60":5.29074,"61":0.03276,"62":0.0273,"63":0},"firefox":{"2":0.01911,"3":0.09828,"3.5":0.00546,"3.6":0.01638,"4":0.00546,"5":0.00546,"6":0.00273,"7":0.00273,"8":0.00273,"9":0.02457,"10":0.00546,"11":0.01638,"12":0.00819,"13":0.00273,"14":0.01092,"15":0.01365,"16":0.02184,"17":0.01365,"18":0.01092,"19":0.01638,"20":0.02457,"21":0.10101,"22":0.01638,"23":0.01638,"24":0.03003,"25":0.0273,"26":0.01365,"27":0.01365,"28":0.0273,"29":0.03003,"30":0.06006,"31":0.04641,"32":0.01365,"33":0.04368,"34":0.03276,"35":0.04095,"36":0.03822,"37":0.0819,"38":0.03822,"39":0.03003,"40":0.07917,"41":0.06006,"42":0.04641,"43":0.30303,"44":0.11193,"45":0.11466,"46":0.07371,"47":0.43953,"48":0.26481,"49":0.23205,"50":0.12558,"51":0.08736,"52":0.84357,"53":0.19929,"54":4.99044,"55":1.62708,"56":0.20202,"57":0.00819,"58":0},"opera":{"9":0,"9.5-9.6":0,"10.0-10.1":0,"10.5":0,"10.6":0,"11":0.00273,"11.1":0,"11.5":0,"11.6":0.01911,"12":0.00819,"12.1":0.01638,"15":0,"16":0,"17":0,"18":0.00273,"19":0,"20":0.00273,"21":0.00273,"22":0.00273,"23":0,"24":0.00273,"25":0,"26":0,"27":0,"28":0.06279,"29":0.00273,"30":0.00546,"31":0.00273,"32":0,"33":0.00273,"34":0.01092,"35":0.00819,"36":0.05733,"37":0.01911,"38":0.00273,"39":0,"40":0.00546,"41":0.00273,"42":0.03822,"43":0.01092,"44":0.00273,"45":0.02184,"46":0.64701,"47":0.59241,"48":0.00273,"49":0},"safari":{"3.1":0,"3.2":0,"4":0,"5":0.00546,"5.1":0.01365,"6":0.00273,"6.1":0.00273,"7":0.00273,"7.1":0.00273,"8":0.01092,"9":0.01638,"9.1":0.03276,"10":0.02457,"10.1":0.21021,"11":0,"0":null},"ios_saf":{"3.2":0,"4.0-4.1":0,"4.2-4.3":0,"5.0-5.1":0,"6.0-6.1":0,"7.0-7.1":0.00762141529664,"8":0,"8.1-8.4":0.0061697171449,"9.0-9.2":0.0800248606147,"9.3":0.0578864638007,"10.0-10.2":0.223742977637,"10.3":1.40161456551,"11":null},"android":{"2.1":0,"2.2":0,"2.3":0,"3":0,"4":0,"4.1":0.43965761116,"4.2-4.3":1.13578216216,"4.4":3.14477319093,"4.4.3-4.4.4":2.28377703575,"56":null},"op_mob":{"10":null,"11":null,"11.1":null,"11.5":null,"12":null,"12.1":null,"0":null},"ie":{"5.5":0,"6":0.00560321311475,"7":0.0112064262295,"8":0.179302819672,"9":0.0364208852459,"10":0.10646104918,"11":0.515495606557},"edge":{"12":0.10647,"13":0.13104,"14":0.14469,"15":null,"16":null},"bb":{"7":0.052344,"10":0.209376},"samsung":{"4":0,"5":0},"ie_mob":{"10":null,"11":null},"baidu":{"0":null},"and_ff":{"0":0.09451},"and_qq":{"1.2":null},"and_uc":{"0":14.14015},"op_mini":{"0":13.926310894},"and_chr":{"0":32.73342}},"total":93.194030894}