{"id":"CN","name":"China","month":"2017-08","access_date":"2017-09-04","data":{"chrome":{"4":0.004244,"5":0,"6":0,"7":0,"8":0,"9":0,"10":0,"11":0.08488,"12":0.012732,"13":0,"14":0,"15":0,"16":0,"17":0.055172,"18":0.012732,"19":0,"20":0.02122,"21":0.093368,"22":0.004244,"23":0.004244,"24":0.008488,"25":0.008488,"26":0.012732,"27":0.012732,"28":0.008488,"29":0.025464,"30":0.02122,"31":0.352252,"32":0.012732,"33":0.046684,"34":0.025464,"35":0.008488,"36":0.02122,"37":0.012732,"38":0.046684,"39":0.059416,"40":0.059416,"41":0.033952,"42":0.12732,"43":0.02122,"44":0.029708,"45":7.80896,"46":0.04244,"47":1.871604,"48":0.241908,"49":1.247736,"50":2.245076,"51":0.067904,"52":0.046684,"53":0.072148,"54":0.241908,"55":3.721988,"56":0.229176,"57":0.220688,"58":0.496548,"59":1.2732,"60":2.113512,"61":0.097612,"62":0.02122,"63":0},"firefox":{"2":0.008488,"3":0.016976,"3.5":0.012732,"3.6":0.008488,"4":0.008488,"5":0,"6":0,"7":0,"8":0.224932,"9":0,"10":0.004244,"11":0,"12":0,"13":0,"14":0,"15":0,"16":0,"17":0.004244,"18":0,"19":0,"20":0,"21":0.016976,"22":0.004244,"23":0.004244,"24":0.004244,"25":0.004244,"26":0,"27":0.004244,"28":0.004244,"29":0.004244,"30":0,"31":0.004244,"32":0,"33":0.004244,"34":0,"35":0.004244,"36":0.004244,"37":0.016976,"38":0.008488,"39":0,"40":0.008488,"41":0.012732,"42":0,"43":0.016976,"44":0.004244,"45":0.029708,"46":0.004244,"47":0.025464,"48":0.038196,"49":0.016976,"50":0.016976,"51":0.016976,"52":0.157028,"53":0.12732,"54":0.802116,"55":0.3183,"56":0.004244,"57":0,"58":0},"opera":{"9":0,"9.5-9.6":0.004244,"10.0-10.1":0,"10.5":0,"10.6":0,"11":0,"11.1":0,"11.5":0,"11.6":0.004244,"12":0.004244,"12.1":0.012732,"15":0,"16":0,"17":0,"18":0,"19":0,"20":0,"21":0,"22":0,"23":0,"24":0,"25":0,"26":0,"27":0,"28":0.029708,"29":0,"30":0,"31":0,"32":0,"33":0,"34":0,"35":0,"36":0.004244,"37":0,"38":0,"39":0.004244,"40":0,"41":0,"42":0,"43":0,"44":0,"45":0,"46":0.050928,"47":0.04244,"48":0,"49":0},"safari":{"3.1":0,"3.2":0,"4":0.012732,"5":0.008488,"5.1":0.008488,"6":0.004244,"6.1":0.004244,"7":0.004244,"7.1":0,"8":0.02122,"9":0.02122,"9.1":0.059416,"10":0.08488,"10.1":0.5305,"11":0.004244,"0":null},"ios_saf":{"3.2":0,"4.0-4.1":0,"4.2-4.3":0,"5.0-5.1":0,"6.0-6.1":0,"7.0-7.1":0.0368994253038,"8":0,"8.1-8.4":0.0298709633412,"9.0-9.2":0.38744396569,"9.3":0.28025992076,"10.0-10.2":1.08326169999,"10.3":6.78598002492,"11":null},"android":{"2.1":0,"2.2":0,"2.3":0,"3":0,"4":0,"4.1":0.256848795118,"4.2-4.3":0.663526054054,"4.4":1.83718235397,"4.4.3-4.4.4":1.33418679686,"56":null},"op_mob":{"10":null,"11":null,"11.1":null,"11.5":null,"12":null,"12.1":null,"0":null},"ie":{"5.5":0,"6":0.350787912664,"7":0.119017327511,"8":2.6872859738,"9":1.3342468821,"10":0.657727336245,"11":3.43271028821},"edge":{"12":0.02122,"13":0.076392,"14":0.458352,"15":null,"16":null},"bb":{"7":0.0034536,"10":0.0138144},"samsung":{"4":0,"5":0},"ie_mob":{"10":null,"11":null},"baidu":{"0":null},"and_ff":{"0":0.017268},"and_qq":{"1.2":null},"and_uc":{"0":5.652392},"op_mini":{"0":0.0587798145695},"and_chr":{"0":40.261904}},"total":94.0475115351}