{"id":"CO","name":"Colombia","month":"2017-08","access_date":"2017-09-04","data":{"chrome":{"4":0,"5":0,"6":0,"7":0,"8":0,"9":0,"10":0,"11":0.006968,"12":0,"13":0,"14":0,"15":0,"16":0,"17":0,"18":0.006968,"19":0.006968,"20":0,"21":0,"22":0.076648,"23":0,"24":0,"25":0,"26":0.041808,"27":0.006968,"28":0,"29":0.020904,"30":0.006968,"31":0.020904,"32":0.006968,"33":0.006968,"34":0.03484,"35":0.006968,"36":0.048776,"37":0.006968,"38":0.076648,"39":0.013936,"40":0.006968,"41":0.013936,"42":0.006968,"43":0.10452,"44":0.048776,"45":0.03484,"46":0.048776,"47":0.06968,"48":0.041808,"49":1.226368,"50":0.055744,"51":0.257816,"52":0.055744,"53":0.097552,"54":0.167232,"55":0.264784,"56":0.480792,"57":0.285688,"58":0.822224,"59":11.685336,"60":41.362048,"61":0.083616,"62":0.020904,"63":0},"firefox":{"2":0,"3":0.027872,"3.5":0,"3.6":0.006968,"4":0,"5":0,"6":0,"7":0,"8":0,"9":0,"10":0,"11":0,"12":0,"13":0,"14":0,"15":0,"16":0,"17":0,"18":0,"19":0,"20":0,"21":0.006968,"22":0,"23":0,"24":0,"25":0,"26":0,"27":0.006968,"28":0,"29":0,"30":0.006968,"31":0.006968,"32":0,"33":0,"34":0.006968,"35":0.006968,"36":0,"37":0.020904,"38":0.013936,"39":0.013936,"40":0.006968,"41":0.006968,"42":0.006968,"43":0.020904,"44":0.006968,"45":0.041808,"46":0.006968,"47":0.06968,"48":0.10452,"49":0.027872,"50":0.06968,"51":0.041808,"52":0.146328,"53":0.083616,"54":1.98588,"55":0.864032,"56":0.013936,"57":0.006968,"58":0},"opera":{"9":0,"9.5-9.6":0,"10.0-10.1":0,"10.5":0,"10.6":0,"11":0,"11.1":0,"11.5":0,"11.6":0,"12":0,"12.1":0.006968,"15":0,"16":0,"17":0,"18":0,"19":0,"20":0,"21":0,"22":0,"23":0,"24":0,"25":0,"26":0,"27":0,"28":0.006968,"29":0,"30":0,"31":0,"32":0,"33":0,"34":0,"35":0,"36":0.006968,"37":0,"38":0,"39":0,"40":0,"41":0,"42":0.006968,"43":0.006968,"44":0,"45":0.006968,"46":0.31356,"47":0.306592,"48":0,"49":0},"safari":{"3.1":0,"3.2":0,"4":0.006968,"5":0.006968,"5.1":0.013936,"6":0,"6.1":0.006968,"7":0.006968,"7.1":0,"8":0.10452,"9":0.097552,"9.1":0.438984,"10":0.3484,"10.1":1.937104,"11":0.006968,"0":null},"ios_saf":{"3.2":0,"4.0-4.1":0,"4.2-4.3":0,"5.0-5.1":0,"6.0-6.1":0,"7.0-7.1":0.0138616726233,"8":0,"8.1-8.4":0.0112213540284,"9.0-9.2":0.145547562545,"9.3":0.105282703972,"10.0-10.2":0.406939103441,"10.3":2.54922760339,"11":null},"android":{"2.1":0,"2.2":0,"2.3":0,"3":0,"4":0,"4.1":0.101870646905,"4.2-4.3":0.263165837838,"4.4":0.72865809939,"4.4.3-4.4.4":0.529161415867,"56":null},"op_mob":{"10":null,"11":null,"11.1":null,"11.5":null,"12":null,"12.1":null,"0":null},"ie":{"5.5":0,"6":0.00719423376623,"7":0.00719423376623,"8":0.129496207792,"9":0.0647481038961,"10":0.0791365714286,"11":0.812948415584},"edge":{"12":0.041808,"13":0.083616,"14":0.306592,"15":null,"16":null},"bb":{"7":0.0127344,"10":0.0509376},"samsung":{"4":0,"5":0},"ie_mob":{"10":null,"11":null},"baidu":{"0":null},"and_ff":{"0":0.01516},"and_qq":{"1.2":null},"and_uc":{"0":1.006624},"op_mini":{"0":0.208997165563},"and_chr":{"0":24.644368}},"total":97.2403789318}