{"id":"CR","name":"Costa Rica","month":"2017-08","access_date":"2017-09-04","data":{"chrome":{"4":0,"5":0,"6":0,"7":0,"8":0,"9":0,"10":0,"11":0.005927,"12":0,"13":0,"14":0,"15":0,"16":0,"17":0,"18":0,"19":0,"20":0,"21":0,"22":0.011854,"23":0.005927,"24":0,"25":0,"26":0,"27":0,"28":0.005927,"29":0.023708,"30":0,"31":0.005927,"32":0.017781,"33":0.005927,"34":0.011854,"35":0.005927,"36":0.100759,"37":0.011854,"38":0.011854,"39":0.029635,"40":0.005927,"41":0.011854,"42":0,"43":0.035562,"44":0.017781,"45":0.011854,"46":0.017781,"47":0.035562,"48":0.023708,"49":0.918685,"50":0.029635,"51":0.065197,"52":0.017781,"53":0.035562,"54":1.701049,"55":0.082978,"56":0.213372,"57":0.094832,"58":2.003326,"59":8.493391,"60":27.293835,"61":0.041489,"62":0.011854,"63":0},"firefox":{"2":0,"3":0,"3.5":0,"3.6":0.005927,"4":0,"5":0,"6":0,"7":0,"8":0,"9":0.005927,"10":0,"11":0,"12":0,"13":0,"14":0,"15":0,"16":0,"17":0,"18":0,"19":0,"20":0,"21":0.005927,"22":0,"23":0,"24":0.005927,"25":0,"26":0,"27":0,"28":0,"29":0.005927,"30":0,"31":0.005927,"32":0,"33":0.011854,"34":0.011854,"35":0.011854,"36":0.005927,"37":0.005927,"38":0.023708,"39":0.005927,"40":0.005927,"41":0.011854,"42":0.005927,"43":0.017781,"44":0.005927,"45":0.065197,"46":0.011854,"47":0.05927,"48":0.171883,"49":0.053343,"50":0.041489,"51":0.041489,"52":0.314131,"53":0.05927,"54":3.43766,"55":1.339502,"56":0.017781,"57":0,"58":0},"opera":{"9":0,"9.5-9.6":0,"10.0-10.1":0,"10.5":0,"10.6":0,"11":0,"11.1":0,"11.5":0,"11.6":0,"12":0.005927,"12.1":0.005927,"15":0,"16":0,"17":0,"18":0,"19":0,"20":0,"21":0,"22":0,"23":0,"24":0,"25":0,"26":0,"27":0.005927,"28":0.005927,"29":0.011854,"30":0,"31":0,"32":0,"33":0,"34":0,"35":0,"36":0.005927,"37":0.005927,"38":0,"39":0.011854,"40":0,"41":0.005927,"42":0,"43":0,"44":0,"45":0.011854,"46":0.272642,"47":0.278569,"48":0.005927,"49":0},"safari":{"3.1":0,"3.2":0,"4":0,"5":0.017781,"5.1":0.029635,"6":0.011854,"6.1":0.035562,"7":0.005927,"7.1":0,"8":0.11854,"9":0.171883,"9.1":0.646043,"10":0.563065,"10.1":3.609543,"11":0.011854,"0":null},"ios_saf":{"3.2":0,"4.0-4.1":0,"4.2-4.3":0,"5.0-5.1":0,"6.0-6.1":0,"7.0-7.1":0.0298638270193,"8":0,"8.1-8.4":0.0241754790156,"9.0-9.2":0.313570183703,"9.3":0.226822876647,"10.0-10.2":0.876716636067,"10.3":5.49209999755,"11":null},"android":{"2.1":0,"2.2":0,"2.3":0,"3":0,"4":0,"4.1":0.181213768091,"4.2-4.3":0.468135567568,"4.4":1.29618181343,"4.4.3-4.4.4":0.941304850915,"56":null},"op_mob":{"10":null,"11":null,"11.1":null,"11.5":null,"12":null,"12.1":null,"0":null},"ie":{"5.5":0,"6":0,"7":0,"8":0.0595200843882,"9":0.0357120506329,"10":0.0416640590717,"11":1.27372980591},"edge":{"12":0.05927,"13":0.130394,"14":0.47416,"15":null,"16":null},"bb":{"7":0.0024438,"10":0.0097752},"samsung":{"4":0,"5":0},"ie_mob":{"10":null,"11":null},"baidu":{"0":null},"and_ff":{"0":0.057022},"and_qq":{"1.2":null},"and_uc":{"0":0.28511},"op_mini":{"0":1.3344469702},"and_chr":{"0":27.282878}},"total":93.9428609702}