{"id":"CU","name":"Cuba","month":"2017-08","access_date":"2017-09-04","data":{"chrome":{"4":0,"5":0,"6":0.007844,"7":0,"8":0,"9":0,"10":0,"11":0.007844,"12":0,"13":0,"14":0,"15":0,"16":0,"17":0.007844,"18":0.007844,"19":0,"20":0,"21":0,"22":0.007844,"23":0.015688,"24":0,"25":0.015688,"26":0.007844,"27":0.015688,"28":0.031376,"29":0.047064,"30":0.015688,"31":0.03922,"32":0.015688,"33":0.047064,"34":0.070596,"35":0.015688,"36":0.03922,"37":0.031376,"38":0.423576,"39":0.031376,"40":0.054908,"41":0.015688,"42":0.070596,"43":0.031376,"44":0.031376,"45":0.031376,"46":0.086284,"47":0.062752,"48":0.062752,"49":0.23532,"50":0.141192,"51":0.070596,"52":0.054908,"53":0.086284,"54":0.180412,"55":0.125504,"56":0.11766,"57":0.141192,"58":0.478484,"59":1.537424,"60":4.400484,"61":0.007844,"62":0,"63":0},"firefox":{"2":0.015688,"3":0.023532,"3.5":0.031376,"3.6":0.180412,"4":0.023532,"5":0.023532,"6":0.023532,"7":0.054908,"8":0.015688,"9":0.15688,"10":0.062752,"11":0.03922,"12":0.054908,"13":0.03922,"14":0.023532,"15":0.180412,"16":0.047064,"17":0.07844,"18":0.054908,"19":0.047064,"20":0.062752,"21":0.086284,"22":0.023532,"23":0.360824,"24":0.141192,"25":0.180412,"26":0.203944,"27":0.188256,"28":0.047064,"29":0.141192,"30":0.298072,"31":0.219632,"32":0.258852,"33":0.251008,"34":1.262884,"35":0.305916,"36":0.227476,"37":1.317792,"38":0.611832,"39":0.415732,"40":1.168756,"41":0.729492,"42":0.580456,"43":2.015908,"44":0.368668,"45":5.56924,"46":1.121692,"47":3.616084,"48":2.27476,"49":1.874716,"50":2.455172,"51":1.349168,"52":4.149476,"53":2.31398,"54":20.221832,"55":5.200572,"56":0.298072,"57":0.007844,"58":0},"opera":{"9":0,"9.5-9.6":0,"10.0-10.1":0,"10.5":0,"10.6":0,"11":0.007844,"11.1":0,"11.5":0.015688,"11.6":0.047064,"12":0.007844,"12.1":0.023532,"15":0,"16":0,"17":0,"18":0,"19":0,"20":0.015688,"21":0,"22":0,"23":0,"24":0,"25":0,"26":0,"27":0,"28":0,"29":0.007844,"30":0,"31":0.007844,"32":0.007844,"33":0,"34":0.007844,"35":0,"36":0.015688,"37":0.015688,"38":0.007844,"39":0,"40":0.015688,"41":0,"42":0.023532,"43":0,"44":0.007844,"45":0.054908,"46":0.556924,"47":0.651052,"48":0.015688,"49":0},"safari":{"3.1":0,"3.2":0,"4":0,"5":0,"5.1":0,"6":0.007844,"6.1":0,"7":0,"7.1":0,"8":0.007844,"9":0.015688,"9.1":0.015688,"10":0.047064,"10.1":0.180412,"11":0.007844,"0":null},"ios_saf":{"3.2":0,"4.0-4.1":0,"4.2-4.3":0,"5.0-5.1":0,"6.0-6.1":0,"7.0-7.1":0.00972799428163,"8":0,"8.1-8.4":0.00787504298989,"9.0-9.2":0.102143939957,"9.3":0.0738864327581,"10.0-10.2":0.285586117839,"10.3":1.78902447217,"11":null},"android":{"2.1":0,"2.2":0,"2.3":0,"3":0,"4":0,"4.1":0.109170580645,"4.2-4.3":0.282024,"4.4":0.780872903226,"4.4.3-4.4.4":0.567080516129,"56":null},"op_mob":{"10":null,"11":null,"11.1":null,"11.5":null,"12":null,"12.1":null,"0":null},"ie":{"5.5":0,"6":0.015688,"7":0.023532,"8":0.596144,"9":0.070596,"10":0.164724,"11":1.388388},"edge":{"12":0.07844,"13":0.1961,"14":0.109816,"15":null,"16":null},"bb":{"7":0.0060368,"10":0.0241472},"samsung":{"4":0,"5":0},"ie_mob":{"10":null,"11":null},"baidu":{"0":null},"and_ff":{"0":0.329868},"and_qq":{"1.2":null},"and_uc":{"0":0.532532},"op_mini":{"0":0.201821589404},"and_chr":{"0":15.990536}},"total":97.5556455894}