{"id":"CV","name":"Cape Verde","month":"2017-08","access_date":"2017-09-04","data":{"chrome":{"4":0,"5":0,"6":0,"7":0,"8":0,"9":0,"10":0,"11":0,"12":0.008842,"13":0,"14":0,"15":0,"16":0,"17":0.004421,"18":0,"19":0.022105,"20":0,"21":0,"22":0,"23":0.026526,"24":0,"25":0,"26":0.004421,"27":0,"28":0.022105,"29":0.004421,"30":0,"31":0.004421,"32":0.004421,"33":0.026526,"34":0,"35":0.008842,"36":0.596835,"37":0,"38":0.013263,"39":0.013263,"40":0.110525,"41":0.004421,"42":0.017684,"43":1.211354,"44":0.004421,"45":0.092841,"46":0.092841,"47":0.070736,"48":0.030947,"49":0.579151,"50":0.013263,"51":0.04421,"52":0.04421,"53":0.128209,"54":0.022105,"55":0.247576,"56":0.114946,"57":0.079578,"58":0.539362,"59":6.008139,"60":18.559358,"61":0.070736,"62":0.04421,"63":0},"firefox":{"2":0.008842,"3":0.004421,"3.5":0,"3.6":0,"4":0,"5":0,"6":0,"7":0,"8":0,"9":0,"10":0.004421,"11":0,"12":0.004421,"13":0.004421,"14":0,"15":0,"16":0,"17":0,"18":0,"19":0,"20":0,"21":0,"22":0,"23":0,"24":0,"25":0,"26":0.004421,"27":0,"28":0,"29":0,"30":0.008842,"31":0,"32":0.017684,"33":0,"34":0,"35":0.022105,"36":0,"37":0,"38":0.004421,"39":0,"40":0.022105,"41":0.004421,"42":0.013263,"43":0.013263,"44":0.022105,"45":0.013263,"46":0,"47":0.061894,"48":0.026526,"49":0.013263,"50":0.013263,"51":0.026526,"52":0.159156,"53":0.061894,"54":1.909872,"55":0.844411,"56":0.030947,"57":0,"58":0},"opera":{"9":0,"9.5-9.6":0.004421,"10.0-10.1":0,"10.5":0,"10.6":0,"11":0,"11.1":0,"11.5":0,"11.6":0,"12":0,"12.1":0.004421,"15":0,"16":0,"17":0,"18":0,"19":0,"20":0,"21":0,"22":0,"23":0,"24":0,"25":0,"26":0,"27":0,"28":0,"29":0,"30":0,"31":0.004421,"32":0,"33":0,"34":0.004421,"35":0,"36":0.057473,"37":0.013263,"38":0.004421,"39":0,"40":0.004421,"41":0,"42":0.013263,"43":0.004421,"44":0,"45":0.008842,"46":0.481889,"47":0.393469,"48":0,"49":0},"safari":{"3.1":0,"3.2":0,"4":0,"5":0,"5.1":0.048631,"6":0,"6.1":0.004421,"7":0.008842,"7.1":0,"8":0.097262,"9":0.04421,"9.1":0.114946,"10":0.172419,"10.1":2.34313,"11":0.008842,"0":null},"ios_saf":{"3.2":0,"4.0-4.1":0,"4.2-4.3":0,"5.0-5.1":0,"6.0-6.1":0,"7.0-7.1":0.0277603273767,"8":0,"8.1-8.4":0.0224726459716,"9.0-9.2":0.291483437455,"9.3":0.210846296028,"10.0-10.2":0.814963896559,"10.3":5.10525639661,"11":null},"android":{"2.1":0,"2.2":0,"2.3":0,"3":0,"4":0,"4.1":0.613013712293,"4.2-4.3":1.58361875676,"4.4":4.38475085876,"4.4.3-4.4.4":3.18426567219,"56":null},"op_mob":{"10":null,"11":null,"11.1":null,"11.5":null,"12":null,"12.1":null,"0":null},"ie":{"5.5":0,"6":0,"7":0,"8":0.152017274788,"9":0.0670664447592,"10":0.080479733711,"11":1.27873354674},"edge":{"12":0.128209,"13":0.212208,"14":0.499573,"15":null,"16":null},"bb":{"7":0.0022316,"10":0.0089264},"samsung":{"4":0,"5":0},"ie_mob":{"10":null,"11":null},"baidu":{"0":null},"and_ff":{"0":0.022316},"and_qq":{"1.2":null},"and_uc":{"0":1.372434},"op_mini":{"0":1.59047683775},"and_chr":{"0":37.43293}},"total":95.1392888377}