{"id":"CY","name":"Cyprus","month":"2017-08","access_date":"2017-09-04","data":{"chrome":{"4":0.00615,"5":0,"6":0,"7":0,"8":0,"9":0.0123,"10":0,"11":0.00615,"12":0.00615,"13":0,"14":0,"15":0,"16":0,"17":0,"18":0.00615,"19":0,"20":0.00615,"21":0,"22":0.03075,"23":0.00615,"24":0,"25":0,"26":0.01845,"27":0,"28":0.00615,"29":0.00615,"30":0,"31":0.03075,"32":0.00615,"33":0.00615,"34":0.01845,"35":0.0123,"36":0.0369,"37":0.0246,"38":0.07995,"39":0.01845,"40":0.00615,"41":0,"42":0.95325,"43":0.11685,"44":0.0123,"45":0.00615,"46":0.0123,"47":0.01845,"48":0.0123,"49":2.23245,"50":0.01845,"51":0.89175,"52":0.0123,"53":0.04305,"54":0.0246,"55":0.12915,"56":0.123,"57":0.0861,"58":0.3321,"59":7.749,"60":24.9567,"61":0.09225,"62":0.03075,"63":0},"firefox":{"2":0,"3":0.00615,"3.5":0,"3.6":0.01845,"4":0,"5":0,"6":0,"7":0,"8":0,"9":0,"10":0,"11":0,"12":0.00615,"13":0,"14":0,"15":0,"16":0,"17":0,"18":0,"19":0,"20":0,"21":0.00615,"22":0,"23":0,"24":0,"25":0,"26":0.0246,"27":0,"28":0.0123,"29":0,"30":0,"31":0.00615,"32":0,"33":0,"34":0,"35":0.00615,"36":0.00615,"37":0,"38":0.00615,"39":0.00615,"40":0.00615,"41":0,"42":0.00615,"43":0.00615,"44":0.00615,"45":0.0615,"46":0.0123,"47":0.03075,"48":0.17835,"49":0.01845,"50":0.0492,"51":0.0369,"52":0.6642,"53":0.0861,"54":3.6777,"55":1.2669,"56":0.0246,"57":0,"58":0},"opera":{"9":0,"9.5-9.6":0,"10.0-10.1":0,"10.5":0,"10.6":0,"11":0,"11.1":0,"11.5":0,"11.6":0,"12":0.00615,"12.1":0.0123,"15":0,"16":0,"17":0,"18":0,"19":0,"20":0,"21":0,"22":0,"23":0,"24":0,"25":0,"26":0,"27":0,"28":0,"29":0,"30":0,"31":0.00615,"32":0,"33":0,"34":0,"35":0,"36":0.0123,"37":0,"38":0,"39":0,"40":0,"41":0,"42":0.00615,"43":0.00615,"44":0,"45":0,"46":0.5412,"47":0.492,"48":0.00615,"49":0},"safari":{"3.1":0,"3.2":0,"4":0.00615,"5":0.01845,"5.1":0.03075,"6":0,"6.1":0.0246,"7":0.0123,"7.1":0.00615,"8":0.0369,"9":0.05535,"9.1":0.2952,"10":0.25215,"10.1":1.6236,"11":0.00615,"0":null},"ios_saf":{"3.2":0,"4.0-4.1":0,"4.2-4.3":0,"5.0-5.1":0,"6.0-6.1":0,"7.0-7.1":0.0525561829878,"8":0,"8.1-8.4":0.0425454814664,"9.0-9.2":0.551839921372,"9.3":0.39917672317,"10.0-10.2":1.542899372,"10.3":9.665332319,"11":null},"android":{"2.1":0,"2.2":0,"2.3":0,"3":0,"4":0,"4.1":0.110818482999,"4.2-4.3":0.286281081081,"4.4":0.792659982563,"4.4.3-4.4.4":0.575640453357,"56":null},"op_mob":{"10":null,"11":null,"11.1":null,"11.5":null,"12":null,"12.1":null,"0":null},"ie":{"5.5":0,"6":0.006232,"7":0,"8":0.423776,"9":0.068552,"10":0.081016,"11":3.159624},"edge":{"12":0.04305,"13":0.0984,"14":0.8364,"15":null,"16":null},"bb":{"7":0.00539,"10":0.02156},"samsung":{"4":0,"5":0},"ie_mob":{"10":null,"11":null},"baidu":{"0":null},"and_ff":{"0":0.0308},"and_qq":{"1.2":null},"and_uc":{"0":1.72095},"op_mini":{"0":0.285040231788},"and_chr":{"0":23.43635}},"total":92.1330902318}