{"id":"CZ","name":"Czech Republic","month":"2017-08","access_date":"2017-09-04","data":{"chrome":{"4":0,"5":0,"6":0,"7":0,"8":0,"9":0,"10":0.008252,"11":0.016504,"12":0.008252,"13":0,"14":0,"15":0,"16":0,"17":0,"18":0.008252,"19":0,"20":0,"21":0,"22":0.033008,"23":0,"24":0,"25":0.008252,"26":0.016504,"27":0.008252,"28":0.008252,"29":0.066016,"30":0.008252,"31":0.016504,"32":0.008252,"33":0,"34":0.321828,"35":0.008252,"36":0.008252,"37":0.016504,"38":0.033008,"39":0.024756,"40":0.024756,"41":0.033008,"42":0.008252,"43":0.585892,"44":0.008252,"45":0.016504,"46":0.008252,"47":0.354836,"48":0.033008,"49":2.005236,"50":0.024756,"51":0.363088,"52":0.024756,"53":0.429104,"54":0.12378,"55":0.24756,"56":0.280568,"57":0.272316,"58":1.724668,"59":10.89264,"60":23.922548,"61":0.049512,"62":0.033008,"63":0},"firefox":{"2":0,"3":0.008252,"3.5":0,"3.6":0.024756,"4":0,"5":0,"6":0,"7":0,"8":0,"9":0.008252,"10":0,"11":0,"12":0.008252,"13":0,"14":0,"15":0,"16":0.008252,"17":0,"18":0,"19":0,"20":0,"21":0.016504,"22":0,"23":0.008252,"24":0.04126,"25":0.008252,"26":0,"27":0,"28":0.008252,"29":0.008252,"30":0.008252,"31":0.016504,"32":0.008252,"33":0.008252,"34":0.008252,"35":0.008252,"36":0.008252,"37":0.016504,"38":0.074268,"39":0.033008,"40":0.140284,"41":0.057764,"42":0.024756,"43":0.04126,"44":0.016504,"45":0.08252,"46":0.016504,"47":0.090772,"48":0.264064,"49":0.074268,"50":0.099024,"51":0.346584,"52":1.56788,"53":0.173292,"54":9.753864,"55":3.936204,"56":0.024756,"57":0.008252,"58":0},"opera":{"9":0,"9.5-9.6":0,"10.0-10.1":0,"10.5":0,"10.6":0.008252,"11":0,"11.1":0,"11.5":0,"11.6":0.008252,"12":0.008252,"12.1":0.148536,"15":0.008252,"16":0,"17":0,"18":0,"19":0,"20":0,"21":0,"22":0,"23":0,"24":0,"25":0,"26":0,"27":0,"28":0.016504,"29":0,"30":0,"31":0,"32":0.008252,"33":0,"34":0.016504,"35":0.008252,"36":0.115528,"37":0.016504,"38":0,"39":0.008252,"40":0.008252,"41":0.008252,"42":0.008252,"43":0.008252,"44":0.008252,"45":0.033008,"46":3.416328,"47":1.724668,"48":0.04126,"49":0},"safari":{"3.1":0,"3.2":0,"4":0.008252,"5":0.008252,"5.1":0.024756,"6":0.008252,"6.1":0.008252,"7":0.008252,"7.1":0,"8":0.024756,"9":0.338332,"9.1":0.28882,"10":0.132032,"10.1":1.798936,"11":0.016504,"0":null},"ios_saf":{"3.2":0,"4.0-4.1":0,"4.2-4.3":0,"5.0-5.1":0,"6.0-6.1":0,"7.0-7.1":0.0196227877055,"8":0,"8.1-8.4":0.0158851138568,"9.0-9.2":0.206039270908,"9.3":0.149039744716,"10.0-10.2":0.576068981926,"10.3":3.60872410089,"11":null},"android":{"2.1":0,"2.2":0,"2.3":0,"3":0,"4":0,"4.1":0.0731434629468,"4.2-4.3":0.188953945946,"4.4":0.523178936356,"4.4.3-4.4.4":0.379939654752,"56":null},"op_mob":{"10":null,"11":null,"11.1":null,"11.5":null,"12":null,"12.1":null,"0":null},"ie":{"5.5":0,"6":0,"7":0.00835793068036,"8":0.217306197689,"9":0.091937237484,"10":0.167158613607,"11":6.02606802054},"edge":{"12":0.338332,"13":0.099024,"14":1.180036,"15":null,"16":null},"bb":{"7":0.0118864,"10":0.0475456},"samsung":{"4":0,"5":0},"ie_mob":{"10":null,"11":null},"baidu":{"0":null},"and_ff":{"0":0.02622},"and_qq":{"1.2":null},"and_uc":{"0":0.082156},"op_mini":{"0":0.39122207947},"and_chr":{"0":12.185524}},"total":94.0569660795}