{"id":"DE","name":"Germany","month":"2017-08","access_date":"2017-09-04","data":{"chrome":{"4":0,"5":0,"6":0,"7":0,"8":0,"9":0,"10":0,"11":0.012578,"12":0,"13":0,"14":0,"15":0,"16":0,"17":0,"18":0.006289,"19":0,"20":0,"21":0.006289,"22":0.031445,"23":0.006289,"24":0.006289,"25":0,"26":0.012578,"27":0.006289,"28":0.006289,"29":0.069179,"30":0.006289,"31":0.012578,"32":0.006289,"33":0.006289,"34":0.025156,"35":0.006289,"36":0.006289,"37":0.025156,"38":0.031445,"39":0.018867,"40":0.012578,"41":0.031445,"42":0.012578,"43":0.031445,"44":0.012578,"45":0.031445,"46":0.018867,"47":0.025156,"48":0.044023,"49":0.760969,"50":0.025156,"51":0.201248,"52":0.025156,"53":0.081757,"54":0.132069,"55":0.270427,"56":0.213826,"57":0.144647,"58":0.283005,"59":4.050116,"60":11.502581,"61":0.050312,"62":0.025156,"63":0},"firefox":{"2":0.006289,"3":0.006289,"3.5":0.006289,"3.6":0.025156,"4":0,"5":0.006289,"6":0,"7":0,"8":0,"9":0,"10":0.006289,"11":0.006289,"12":0.018867,"13":0.006289,"14":0,"15":0.006289,"16":0.018867,"17":0.006289,"18":0.006289,"19":0.006289,"20":0.006289,"21":0.006289,"22":0.006289,"23":0.006289,"24":0.031445,"25":0.006289,"26":0.012578,"27":0.006289,"28":0.012578,"29":0.006289,"30":0.012578,"31":0.025156,"32":0.018867,"33":0.031445,"34":0.018867,"35":0.018867,"36":0.037734,"37":0.018867,"38":0.918194,"39":0.056601,"40":0.056601,"41":0.050312,"42":0.113202,"43":0.094335,"44":0.037734,"45":0.415074,"46":0.069179,"47":0.169803,"48":0.31445,"49":0.138358,"50":0.207537,"51":0.18867,"52":1.628851,"53":0.270427,"54":10.659855,"55":4.226208,"56":0.06289,"57":0.006289,"58":0},"opera":{"9":0,"9.5-9.6":0,"10.0-10.1":0,"10.5":0,"10.6":0,"11":0,"11.1":0,"11.5":0,"11.6":0.006289,"12":0.006289,"12.1":0.194959,"15":0,"16":0,"17":0,"18":0,"19":0,"20":0,"21":0,"22":0,"23":0,"24":0,"25":0,"26":0,"27":0,"28":0.006289,"29":0,"30":0,"31":0.006289,"32":0.006289,"33":0,"34":0,"35":0,"36":0.06289,"37":0.006289,"38":0.006289,"39":0.006289,"40":0.006289,"41":0.006289,"42":0.012578,"43":0.012578,"44":0.006289,"45":0.025156,"46":0.88046,"47":0.88046,"48":0.018867,"49":0},"safari":{"3.1":0,"3.2":0,"4":0.018867,"5":0.037734,"5.1":0.094335,"6":0.006289,"6.1":0.044023,"7":0.018867,"7.1":0.006289,"8":0.119491,"9":0.113202,"9.1":0.421363,"10":0.352184,"10.1":2.760871,"11":0.025156,"0":null},"ios_saf":{"3.2":0,"4.0-4.1":0,"4.2-4.3":0,"5.0-5.1":0,"6.0-6.1":0,"7.0-7.1":0.0610439399571,"8":0,"8.1-8.4":0.0494165228224,"9.0-9.2":0.64096136955,"9.3":0.463643258246,"10.0-10.2":1.79207566588,"10.3":11.2262712435,"11":null},"android":{"2.1":0,"2.2":0,"2.3":0,"3":0,"4":0,"4.1":0.115737332171,"4.2-4.3":0.298988108108,"4.4":0.827843417611,"4.4.3-4.4.4":0.60119114211,"56":null},"op_mob":{"10":null,"11":null,"11.1":null,"11.5":null,"12":null,"12.1":null,"0":null},"ie":{"5.5":0,"6":0.0190434920486,"7":0.0190434920486,"8":0.184087089804,"9":0.152347936389,"10":0.171391428438,"11":6.23991756127},"edge":{"12":0.050312,"13":0.132069,"14":1.150887,"15":null,"16":null},"bb":{"7":0.0089064,"10":0.0356256},"samsung":{"4":0,"5":0},"ie_mob":{"10":null,"11":null},"baidu":{"0":null},"and_ff":{"0":0.081642},"and_qq":{"1.2":null},"and_uc":{"0":0.315435},"op_mini":{"0":0.284223278146},"and_chr":{"0":20.061618}},"total":89.5538642781}