{"id":"DJ","name":"Djibouti","month":"2017-08","access_date":"2017-09-04","data":{"chrome":{"4":0,"5":0,"6":0,"7":0,"8":0,"9":0.004452,"10":0,"11":0.004452,"12":0,"13":0,"14":0,"15":0.017808,"16":0,"17":0.008904,"18":0,"19":0,"20":0,"21":0.004452,"22":0,"23":0.004452,"24":0,"25":0.017808,"26":0,"27":0.02226,"28":0,"29":0.004452,"30":0.008904,"31":0.017808,"32":0,"33":0.013356,"34":0,"35":0.013356,"36":0.974988,"37":0.004452,"38":0.04452,"39":0.008904,"40":0,"41":0.004452,"42":0,"43":0.293832,"44":0.008904,"45":0.115752,"46":0.008904,"47":0.008904,"48":0.008904,"49":0.752388,"50":0.06678,"51":0.06678,"52":0.013356,"53":0.071232,"54":0,"55":0.51198,"56":0.080136,"57":0.115752,"58":0.204792,"59":6.081432,"60":20.21208,"61":0.1113,"62":0.048972,"63":0},"firefox":{"2":0,"3":0.013356,"3.5":0,"3.6":0,"4":0,"5":0,"6":0,"7":0.008904,"8":0,"9":0,"10":0,"11":0.004452,"12":0.004452,"13":0,"14":0.008904,"15":0,"16":0.004452,"17":0,"18":0,"19":0,"20":0,"21":0,"22":0,"23":0.004452,"24":0.008904,"25":0.008904,"26":0.008904,"27":0,"28":0.004452,"29":0.017808,"30":0.017808,"31":0.004452,"32":0,"33":0.057876,"34":0,"35":0.013356,"36":0.013356,"37":0.062328,"38":0.017808,"39":0,"40":0.004452,"41":0.008904,"42":0,"43":0.075684,"44":0.008904,"45":0.013356,"46":0.013356,"47":0.075684,"48":0.06678,"49":0.008904,"50":0.008904,"51":0.013356,"52":0.685608,"53":0.02226,"54":3.352356,"55":1.282176,"56":0.102396,"57":0,"58":0},"opera":{"9":0,"9.5-9.6":0,"10.0-10.1":0,"10.5":0,"10.6":0,"11":0,"11.1":0,"11.5":0,"11.6":0,"12":0,"12.1":0.013356,"15":0,"16":0,"17":0,"18":0,"19":0,"20":0,"21":0.057876,"22":0,"23":0,"24":0,"25":0,"26":0,"27":0,"28":0,"29":0.004452,"30":0,"31":0,"32":0,"33":0,"34":0.004452,"35":0,"36":0.004452,"37":0,"38":0,"39":0,"40":0,"41":0,"42":0,"43":0,"44":0.04452,"45":0.008904,"46":0.721224,"47":0.396228,"48":0,"49":0},"safari":{"3.1":0.026712,"3.2":0,"4":0,"5":0,"5.1":0.004452,"6":0,"6.1":0,"7":0,"7.1":0.004452,"8":0.004452,"9":0.02226,"9.1":0.093492,"10":0.062328,"10.1":0.529788,"11":0.013356,"0":null},"ios_saf":{"3.2":0,"4.0-4.1":0,"4.2-4.3":0,"5.0-5.1":0,"6.0-6.1":0,"7.0-7.1":0.0220723316655,"8":0,"8.1-8.4":0.0178680780149,"9.0-9.2":0.231759482487,"9.3":0.167644614316,"10.0-10.2":0.647980593894,"10.3":4.05920689962,"11":null},"android":{"2.1":0,"2.2":0,"2.3":0,"3":0,"4":0,"4.1":0.466338287707,"4.2-4.3":1.20470724324,"4.4":3.33561414124,"4.4.3-4.4.4":2.42236832781,"56":null},"op_mob":{"10":null,"11":null,"11.1":null,"11.5":null,"12":null,"12.1":null,"0":null},"ie":{"5.5":0,"6":0,"7":0.00899532307692,"8":0.197897107692,"9":0.0449766153846,"10":0.0179906461538,"11":1.48422830769},"edge":{"12":0.164724,"13":0.160272,"14":0.338352,"15":null,"16":null},"bb":{"7":0.0022192,"10":0.0088768},"samsung":{"4":0,"5":0},"ie_mob":{"10":null,"11":null},"baidu":{"0":null},"and_ff":{"0":0.011096},"and_qq":{"1.2":null},"and_uc":{"0":3.417568},"op_mini":{"0":4.64577027815},"and_chr":{"0":33.0501}},"total":94.1353502781}