{"id":"DK","name":"Denmark","month":"2017-08","access_date":"2017-09-04","data":{"chrome":{"4":0,"5":0,"6":0,"7":0,"8":0,"9":0,"10":0,"11":0,"12":0,"13":0,"14":0,"15":0,"16":0,"17":0,"18":0.007325,"19":0,"20":0,"21":0,"22":0.007325,"23":0,"24":0,"25":0,"26":0,"27":0,"28":0,"29":0.241725,"30":0,"31":0.007325,"32":0,"33":0.007325,"34":0.2344,"35":0.007325,"36":0.007325,"37":0.007325,"38":0.0293,"39":0.007325,"40":0.01465,"41":0.0586,"42":0.0586,"43":0.42485,"44":0.01465,"45":0.01465,"46":0.01465,"47":0.212425,"48":0.021975,"49":0.89365,"50":0.01465,"51":0.30765,"52":0.0293,"53":0.271025,"54":1.15735,"55":0.879,"56":0.358925,"57":0.293,"58":1.135375,"59":8.269925,"60":18.422375,"61":0.04395,"62":0.01465,"63":0},"firefox":{"2":0,"3":0.007325,"3.5":0,"3.6":0.007325,"4":0,"5":0,"6":0,"7":0,"8":0,"9":0,"10":0,"11":0,"12":0,"13":0,"14":0,"15":0,"16":0.007325,"17":0,"18":0,"19":0,"20":0,"21":0,"22":0,"23":0,"24":0.007325,"25":0,"26":0,"27":0,"28":0,"29":0.007325,"30":0,"31":0.007325,"32":0.007325,"33":0.007325,"34":0,"35":0,"36":0,"37":0.007325,"38":0.109875,"39":0.007325,"40":0.109875,"41":0.007325,"42":0.007325,"43":0.01465,"44":0.007325,"45":0.04395,"46":0.007325,"47":0.0293,"48":2.344,"49":0.10255,"50":0.0293,"51":0.197775,"52":0.586,"53":0.13185,"54":4.7173,"55":1.94845,"56":0.01465,"57":0,"58":0},"opera":{"9":0,"9.5-9.6":0,"10.0-10.1":0,"10.5":0,"10.6":0,"11":0,"11.1":0,"11.5":0,"11.6":0,"12":0,"12.1":0.01465,"15":0,"16":0,"17":0,"18":0,"19":0,"20":0,"21":0,"22":0,"23":0,"24":0,"25":0,"26":0,"27":0,"28":0.007325,"29":0,"30":0,"31":0,"32":0,"33":0,"34":0,"35":0,"36":0.021975,"37":0,"38":0,"39":0,"40":0.007325,"41":0,"42":0.007325,"43":0.01465,"44":0.007325,"45":0.0293,"46":1.589525,"47":0.3223,"48":0,"49":0},"safari":{"3.1":0,"3.2":0,"4":0.007325,"5":0.007325,"5.1":0.04395,"6":0,"6.1":0.0293,"7":0.0293,"7.1":0.04395,"8":0.62995,"9":0.578675,"9.1":1.076775,"10":0.4395,"10.1":3.391475,"11":0.021975,"0":null},"ios_saf":{"3.2":0,"4.0-4.1":0,"4.2-4.3":0,"5.0-5.1":0,"6.0-6.1":0,"7.0-7.1":0.08205,"8":0,"8.1-8.4":0.0664214285714,"9.0-9.2":0.861525,"9.3":0.623189285714,"10.0-10.2":2.40875357143,"10.3":15.0893857143,"11":null},"android":{"2.1":0,"2.2":0,"2.3":0,"3":0,"4":0,"4.1":0.0382299912816,"4.2-4.3":0.0987608108108,"4.4":0.273450632084,"4.4.3-4.4.4":0.198583565824,"56":null},"op_mob":{"10":null,"11":null,"11.1":null,"11.5":null,"12":null,"12.1":null,"0":null},"ie":{"5.5":0,"6":0.0147756911344,"7":0.0147756911344,"8":0.155144756911,"9":0.118205529075,"10":1.64010171592,"11":5.80684661582},"edge":{"12":0.3223,"13":0.095225,"14":1.12805,"15":null,"16":null},"bb":{"7":0.001605,"10":0.00642},"samsung":{"4":0,"5":0},"ie_mob":{"10":null,"11":null},"baidu":{"0":null},"and_ff":{"0":0.0321},"and_qq":{"1.2":null},"and_uc":{"0":0.419975},"op_mini":{"0":0.106991142384},"and_chr":{"0":11.83205}},"total":93.7280911424}