{"id":"DM","name":"Dominica","month":"2017-08","access_date":"2017-09-04","data":{"chrome":{"4":0,"5":0,"6":0,"7":0,"8":0,"9":0,"10":0,"11":0.006375,"12":0,"13":0,"14":0,"15":0,"16":0,"17":0,"18":0,"19":0.006375,"20":0,"21":0,"22":0.03825,"23":0,"24":0,"25":0,"26":0.006375,"27":0,"28":0,"29":0.044625,"30":0.006375,"31":0,"32":0.006375,"33":0,"34":0.121125,"35":0.006375,"36":0.669375,"37":0,"38":0.03825,"39":0.006375,"40":0.019125,"41":0,"42":0.006375,"43":0.146625,"44":0.006375,"45":0.223125,"46":0,"47":0.01275,"48":0.006375,"49":1.683,"50":0.01275,"51":0.019125,"52":0.070125,"53":0.452625,"54":0.146625,"55":0.796875,"56":0.62475,"57":0.133875,"58":0.459,"59":7.9305,"60":23.224125,"61":0.44625,"62":0.057375,"63":0},"firefox":{"2":0,"3":0.006375,"3.5":0,"3.6":0,"4":0,"5":0,"6":0,"7":0,"8":0,"9":0,"10":0,"11":0.03825,"12":0,"13":0,"14":0,"15":0.006375,"16":0,"17":0,"18":0,"19":0,"20":0,"21":0,"22":0,"23":0,"24":0,"25":0,"26":0,"27":0,"28":0.0765,"29":0,"30":0,"31":0,"32":0,"33":0,"34":0,"35":0,"36":0,"37":0,"38":0.01275,"39":0,"40":0.006375,"41":0.006375,"42":0,"43":0.031875,"44":0,"45":0.0255,"46":0,"47":0.006375,"48":0.044625,"49":0.031875,"50":0.044625,"51":0.019125,"52":0.1785,"53":0.0765,"54":2.295,"55":1.026375,"56":0.0255,"57":0.01275,"58":0},"opera":{"9":0,"9.5-9.6":0,"10.0-10.1":0,"10.5":0,"10.6":0,"11":0,"11.1":0,"11.5":0,"11.6":0,"12":0,"12.1":0.01275,"15":0,"16":0,"17":0,"18":0,"19":0,"20":0,"21":0,"22":0,"23":0,"24":0,"25":0,"26":0,"27":0,"28":0,"29":0,"30":0,"31":0,"32":0,"33":0,"34":0,"35":0,"36":0.006375,"37":0.01275,"38":0,"39":0.006375,"40":0,"41":0,"42":0,"43":0,"44":0.031875,"45":0.006375,"46":0.57375,"47":0.1275,"48":0,"49":0},"safari":{"3.1":0,"3.2":0,"4":0,"5":0,"5.1":0,"6":0,"6.1":0,"7":0.006375,"7.1":0,"8":0.019125,"9":0.0255,"9.1":0.095625,"10":0.095625,"10.1":1.778625,"11":0.006375,"0":null},"ios_saf":{"3.2":0,"4.0-4.1":0,"4.2-4.3":0,"5.0-5.1":0,"6.0-6.1":0,"7.0-7.1":0.0302594710508,"8":0,"8.1-8.4":0.0244957622792,"9.0-9.2":0.317724446033,"9.3":0.229827887266,"10.0-10.2":0.888331614418,"10.3":5.56486081895,"11":null},"android":{"2.1":0,"2.2":0,"2.3":0,"3":0,"4":0,"4.1":0.368097646033,"4.2-4.3":0.950918918919,"4.4":2.6329206626,"4.4.3-4.4.4":1.91206277245,"56":null},"op_mob":{"10":null,"11":null,"11.1":null,"11.5":null,"12":null,"12.1":null,"0":null},"ie":{"5.5":0,"6":0,"7":0.00639036144578,"8":0.0127807228916,"9":0.140587951807,"10":0.108636144578,"11":2.37721445783},"edge":{"12":0.42075,"13":0.2805,"14":1.434375,"15":null,"16":null},"bb":{"7":0.02465,"10":0.0986},"samsung":{"4":0,"5":0},"ie_mob":{"10":null,"11":null},"baidu":{"0":null},"and_ff":{"0":0.003625},"and_qq":{"1.2":null},"and_uc":{"0":0.503875},"op_mini":{"0":0.289975993377},"and_chr":{"0":30.218625}},"total":93.0507106319}