{"id":"DO","name":"Dominican Republic","month":"2017-08","access_date":"2017-09-04","data":{"chrome":{"4":0,"5":0,"6":0,"7":0,"8":0,"9":0,"10":0,"11":0.01171,"12":0,"13":0,"14":0,"15":0,"16":0.005855,"17":0,"18":0.005855,"19":0,"20":0,"21":0.005855,"22":0.029275,"23":0.005855,"24":0,"25":0.01171,"26":0.005855,"27":0.005855,"28":0.005855,"29":0.064405,"30":0,"31":0.017565,"32":0.01171,"33":0.005855,"34":0.03513,"35":0.005855,"36":0.052695,"37":0.01171,"38":0.02342,"39":0.05855,"40":0.005855,"41":0.017565,"42":0.005855,"43":0.064405,"44":0.02342,"45":0.02342,"46":0.017565,"47":0.052695,"48":0.07026,"49":2.816255,"50":0.02342,"51":0.42156,"52":0.04684,"53":0.17565,"54":0.31617,"55":0.4684,"56":0.49182,"57":0.15223,"58":0.51524,"59":8.870325,"60":27.489225,"61":0.09368,"62":0.02342,"63":0},"firefox":{"2":0,"3":0.01171,"3.5":0,"3.6":0.005855,"4":0.005855,"5":0,"6":0,"7":0,"8":0,"9":0,"10":0,"11":0,"12":0,"13":0,"14":0,"15":0,"16":0.005855,"17":0,"18":0,"19":0,"20":0,"21":0,"22":0,"23":0,"24":0,"25":0,"26":0,"27":0,"28":0,"29":0.005855,"30":0,"31":0,"32":0,"33":0.005855,"34":0,"35":0.005855,"36":0.005855,"37":0.005855,"38":0.005855,"39":0,"40":0.005855,"41":0.005855,"42":0,"43":0.017565,"44":0.005855,"45":0.064405,"46":0.005855,"47":0.04684,"48":0.14052,"49":0.07026,"50":0.146375,"51":0.052695,"52":0.22249,"53":0.076115,"54":1.93215,"55":0.90167,"56":0.017565,"57":0.005855,"58":0},"opera":{"9":0,"9.5-9.6":0,"10.0-10.1":0,"10.5":0,"10.6":0.005855,"11":0,"11.1":0,"11.5":0,"11.6":0,"12":0,"12.1":0.01171,"15":0,"16":0,"17":0,"18":0,"19":0,"20":0,"21":0,"22":0,"23":0,"24":0,"25":0,"26":0,"27":0,"28":0.005855,"29":0,"30":0,"31":0,"32":0,"33":0,"34":0,"35":0,"36":0.017565,"37":0,"38":0,"39":0,"40":0.005855,"41":0.017565,"42":0.052695,"43":0.01171,"44":0,"45":0.005855,"46":0.474255,"47":0.42156,"48":0,"49":0},"safari":{"3.1":0,"3.2":0,"4":0.017565,"5":0.017565,"5.1":0.02342,"6":0.005855,"6.1":0.02342,"7":0.01171,"7.1":0,"8":0.099535,"9":0.111245,"9.1":0.38643,"10":0.403995,"10.1":2.31858,"11":0.005855,"0":null},"ios_saf":{"3.2":0,"4.0-4.1":0,"4.2-4.3":0,"5.0-5.1":0,"6.0-6.1":0,"7.0-7.1":0.0384309220872,"8":0,"8.1-8.4":0.0311107464515,"9.0-9.2":0.403524681916,"9.3":0.291892003472,"10.0-10.2":1.12822206985,"10.3":7.06762957623,"11":null},"android":{"2.1":0,"2.2":0,"2.3":0,"3":0,"4":0,"4.1":0.173269851787,"4.2-4.3":0.447613783784,"4.4":1.23936074542,"4.4.3-4.4.4":0.900040619006,"56":null},"op_mob":{"10":null,"11":null,"11.1":null,"11.5":null,"12":null,"12.1":null,"0":null},"ie":{"5.5":0,"6":0.013248540146,"7":0.00662427007299,"8":0.370959124088,"9":0.119236861314,"10":0.192103832117,"11":1.11287737226},"edge":{"12":0.08197,"13":0.099535,"14":0.403995,"15":null,"16":null},"bb":{"7":0.018238,"10":0.072952},"samsung":{"4":0,"5":0},"ie_mob":{"10":null,"11":null},"baidu":{"0":null},"and_ff":{"0":0.012435},"and_qq":{"1.2":null},"and_uc":{"0":0.227975},"op_mini":{"0":0.444448311258},"and_chr":{"0":30.430365}},"total":96.1318933113}