{"id":"DZ","name":"Algeria","month":"2017-08","access_date":"2017-09-04","data":{"chrome":{"4":0.00569,"5":0.00569,"6":0.00569,"7":0.00569,"8":0.00569,"9":0.00569,"10":0.00569,"11":0.03983,"12":0.01138,"13":0.01138,"14":0.01138,"15":0.02845,"16":0.01707,"17":0.01707,"18":0.04552,"19":0.00569,"20":0.01707,"21":0.01138,"22":0.03983,"23":0.01138,"24":0.01707,"25":0.03414,"26":0.04552,"27":0.02276,"28":0.01707,"29":0.26174,"30":0.03983,"31":0.07966,"32":0.05121,"33":0.13087,"34":0.0569,"35":0.01138,"36":0.1138,"37":0.02276,"38":0.05121,"39":0.07966,"40":0.1138,"41":0.01707,"42":0.02845,"43":2.00288,"44":0.04552,"45":0.06828,"46":0.05121,"47":0.06828,"48":0.09104,"49":2.6743,"50":0.1138,"51":0.26174,"52":0.06828,"53":0.12518,"54":0.18777,"55":0.55762,"56":0.31864,"57":0.29588,"58":0.6828,"59":6.5435,"60":20.95058,"61":0.14225,"62":0.06828,"63":0},"firefox":{"2":0.00569,"3":0.03414,"3.5":0.01138,"3.6":0.04552,"4":0.00569,"5":0.00569,"6":0.00569,"7":0,"8":0.00569,"9":0.00569,"10":0.00569,"11":0.01138,"12":0.02276,"13":0.00569,"14":0.00569,"15":0.01138,"16":0.01138,"17":0.00569,"18":0.00569,"19":0.01138,"20":0.01138,"21":0.01138,"22":0.01707,"23":0.01138,"24":0.01138,"25":0.01138,"26":0.01707,"27":0.01138,"28":0.01138,"29":0.04552,"30":0.03414,"31":0.02276,"32":0.02276,"33":0.02845,"34":0.03983,"35":0.03983,"36":0.03983,"37":0.03983,"38":0.03983,"39":0.03414,"40":0.08535,"41":0.04552,"42":0.03983,"43":0.19346,"44":0.03983,"45":0.0569,"46":0.03414,"47":0.27881,"48":0.1707,"49":0.1138,"50":0.14794,"51":0.10811,"52":0.90471,"53":0.17639,"54":4.33009,"55":1.76959,"56":0.10811,"57":0.00569,"58":0},"opera":{"9":0,"9.5-9.6":0,"10.0-10.1":0,"10.5":0,"10.6":0,"11":0,"11.1":0,"11.5":0,"11.6":0.00569,"12":0.00569,"12.1":0.02276,"15":0,"16":0,"17":0,"18":0.00569,"19":0,"20":0.00569,"21":0,"22":0,"23":0,"24":0,"25":0.00569,"26":0,"27":0,"28":0,"29":0,"30":0.00569,"31":0.00569,"32":0,"33":0,"34":0.00569,"35":0.00569,"36":0.10811,"37":0.01138,"38":0.00569,"39":0.00569,"40":0.01138,"41":0.01138,"42":0.02845,"43":0.02276,"44":0.01138,"45":0.03414,"46":1.0811,"47":1.0811,"48":0.01138,"49":0},"safari":{"3.1":0,"3.2":0,"4":0.01707,"5":0.00569,"5.1":0.01138,"6":0.01138,"6.1":0,"7":0.00569,"7.1":0,"8":0.02276,"9":0.02845,"9.1":0.04552,"10":0.03414,"10.1":0.19915,"11":0,"0":null},"ios_saf":{"3.2":0,"4.0-4.1":0,"4.2-4.3":0,"5.0-5.1":0,"6.0-6.1":0,"7.0-7.1":0.00895947105075,"8":0,"8.1-8.4":0.00725290513632,"9.0-9.2":0.0940744460329,"9.3":0.0680493158378,"10.0-10.2":0.263024471561,"10.3":1.64768939038,"11":null},"android":{"2.1":0,"2.2":0,"2.3":0,"3":0,"4":0,"4.1":0.342907689625,"4.2-4.3":0.885844864865,"4.4":2.45274250218,"4.4.3-4.4.4":1.78121494333,"56":null},"op_mob":{"10":null,"11":null,"11.1":null,"11.5":null,"12":null,"12.1":null,"0":null},"ie":{"5.5":0,"6":0.0322859550562,"7":0.0258287640449,"8":0.484289325843,"9":0.148515393258,"10":0.15497258427,"11":0.878177977528},"edge":{"12":0.04552,"13":0.04552,"14":0.11949,"15":null,"16":null},"bb":{"7":0.006034,"10":0.024136},"samsung":{"4":0,"5":0},"ie_mob":{"10":null,"11":null},"baidu":{"0":null},"and_ff":{"0":0.02155},"and_qq":{"1.2":null},"and_uc":{"0":1.22404},"op_mini":{"0":1.21403566225},"and_chr":{"0":35.04599}},"total":96.0528756623}