{"id":"EC","name":"Ecuador","month":"2017-08","access_date":"2017-09-04","data":{"chrome":{"4":0,"5":0,"6":0,"7":0,"8":0,"9":0,"10":0,"11":0.006879,"12":0,"13":0,"14":0,"15":0,"16":0,"17":0,"18":0.020637,"19":0,"20":0,"21":0.006879,"22":0.123822,"23":0.006879,"24":0,"25":0.006879,"26":0.041274,"27":0.006879,"28":0.006879,"29":0.020637,"30":0.006879,"31":0.006879,"32":0.006879,"33":0.006879,"34":0.027516,"35":0.006879,"36":0.110064,"37":0.006879,"38":0.06879,"39":0.020637,"40":0.027516,"41":0.013758,"42":0.006879,"43":0.055032,"44":0.027516,"45":0.034395,"46":0.020637,"47":0.034395,"48":0.034395,"49":1.65096,"50":0.034395,"51":0.13758,"52":0.048153,"53":0.096306,"54":0.130701,"55":0.220128,"56":0.288918,"57":0.192612,"58":0.543441,"59":10.187799,"60":34.195509,"61":0.130701,"62":0.041274,"63":0},"firefox":{"2":0,"3":0.006879,"3.5":0,"3.6":0.006879,"4":0.006879,"5":0,"6":0,"7":0,"8":0,"9":0,"10":0,"11":0.006879,"12":0.006879,"13":0,"14":0,"15":0,"16":0.006879,"17":0,"18":0,"19":0,"20":0.006879,"21":0.006879,"22":0,"23":0.006879,"24":0,"25":0.006879,"26":0.006879,"27":0.006879,"28":0.013758,"29":0.006879,"30":0.006879,"31":0.013758,"32":0.013758,"33":0.013758,"34":0.013758,"35":0.013758,"36":0.013758,"37":0.020637,"38":0.034395,"39":0.020637,"40":0.020637,"41":0.027516,"42":0.013758,"43":0.075669,"44":0.027516,"45":0.075669,"46":0.075669,"47":0.151338,"48":0.295797,"49":0.096306,"50":0.123822,"51":0.103185,"52":0.323313,"53":0.171975,"54":5.998488,"55":2.13249,"56":0.061911,"57":0,"58":0},"opera":{"9":0,"9.5-9.6":0,"10.0-10.1":0,"10.5":0,"10.6":0,"11":0,"11.1":0,"11.5":0,"11.6":0,"12":0,"12.1":0.006879,"15":0,"16":0,"17":0,"18":0,"19":0,"20":0,"21":0,"22":0,"23":0,"24":0,"25":0,"26":0,"27":0,"28":0.006879,"29":0,"30":0,"31":0,"32":0,"33":0,"34":0,"35":0,"36":0.006879,"37":0.013758,"38":0,"39":0,"40":0.006879,"41":0,"42":0.006879,"43":0.013758,"44":0,"45":0.006879,"46":0.502167,"47":0.48153,"48":0,"49":0},"safari":{"3.1":0,"3.2":0,"4":0.006879,"5":0.013758,"5.1":0.041274,"6":0.006879,"6.1":0.020637,"7":0.013758,"7.1":0,"8":0.116943,"9":0.110064,"9.1":0.467772,"10":0.392103,"10.1":2.0637,"11":0.006879,"0":null},"ios_saf":{"3.2":0,"4.0-4.1":0,"4.2-4.3":0,"5.0-5.1":0,"6.0-6.1":0,"7.0-7.1":0.0163183230879,"8":0,"8.1-8.4":0.0132100710712,"9.0-9.2":0.171342392423,"9.3":0.123941549168,"10.0-10.2":0.479059342081,"10.3":3.00101732217,"11":null},"android":{"2.1":0,"2.2":0,"2.3":0,"3":0,"4":0,"4.1":0.134848278989,"4.2-4.3":0.348358054054,"4.4":0.964539773322,"4.4.3-4.4.4":0.700461893636,"56":null},"op_mob":{"10":null,"11":null,"11.1":null,"11.5":null,"12":null,"12.1":null,"0":null},"ie":{"5.5":0,"6":0,"7":0,"8":0.16981958,"9":0.05906768,"10":0.09598498,"11":0.78264676},"edge":{"12":0.048153,"13":0.075669,"14":0.295797,"15":null,"16":null},"bb":{"7":0.018726,"10":0.074904},"samsung":{"4":0,"5":0},"ie_mob":{"10":null,"11":null},"baidu":{"0":null},"and_ff":{"0":0.018726},"and_qq":{"1.2":null},"and_uc":{"0":0.308979},"op_mini":{"0":0.735698241722},"and_chr":{"0":23.100255}},"total":94.7629212417}