{"id":"EE","name":"Estonia","month":"2017-08","access_date":"2017-09-04","data":{"chrome":{"4":0.007806,"5":0,"6":0.007806,"7":0,"8":0,"9":0,"10":0,"11":0.015612,"12":0,"13":0.007806,"14":0.015612,"15":0.03903,"16":0,"17":0.015612,"18":0.03903,"19":0.007806,"20":0.015612,"21":0.007806,"22":0.023418,"23":0.007806,"24":0.007806,"25":0.007806,"26":0.023418,"27":0.007806,"28":0,"29":0,"30":0,"31":0.007806,"32":0,"33":0.015612,"34":0.023418,"35":0.007806,"36":0.031224,"37":0.015612,"38":0.023418,"39":0.03903,"40":0.062448,"41":0.007806,"42":0.054642,"43":0.054642,"44":0.062448,"45":0.007806,"46":0.015612,"47":0.031224,"48":0.023418,"49":1.100646,"50":0.015612,"51":0.148314,"52":0.03903,"53":0.07806,"54":0.046836,"55":0.140508,"56":0.15612,"57":0.187344,"58":0.405912,"59":9.632604,"60":31.442568,"61":0.085866,"62":0.070254,"63":0},"firefox":{"2":0.015612,"3":0.03903,"3.5":0.046836,"3.6":0.163926,"4":0.007806,"5":0.007806,"6":0,"7":0,"8":0,"9":0,"10":0,"11":0.007806,"12":0.023418,"13":0.015612,"14":0,"15":0.007806,"16":0.054642,"17":0.015612,"18":0.007806,"19":0.031224,"20":0.03903,"21":0.031224,"22":0.031224,"23":0.031224,"24":0.03903,"25":0.062448,"26":0.046836,"27":0.031224,"28":0.062448,"29":0.054642,"30":0.03903,"31":0.07806,"32":0.070254,"33":0.015612,"34":0.031224,"35":0.023418,"36":0.023418,"37":0.015612,"38":0.031224,"39":0.007806,"40":0.031224,"41":0.015612,"42":0.023418,"43":0.023418,"44":0.015612,"45":0.171732,"46":0.015612,"47":0.140508,"48":0.35127,"49":0.109284,"50":0.140508,"51":0.046836,"52":0.913302,"53":0.187344,"54":6.533622,"55":2.646234,"56":0.031224,"57":0.015612,"58":0},"opera":{"9":0,"9.5-9.6":0,"10.0-10.1":0.015612,"10.5":0.015612,"10.6":0.015612,"11":0.023418,"11.1":0,"11.5":0.007806,"11.6":0.046836,"12":0.03903,"12.1":0.202956,"15":0,"16":0,"17":0,"18":0.007806,"19":0,"20":0.007806,"21":0.007806,"22":0.007806,"23":0.007806,"24":0,"25":0,"26":0.007806,"27":0.023418,"28":0,"29":0,"30":0.007806,"31":0,"32":0,"33":0,"34":0,"35":0.007806,"36":0.070254,"37":0.015612,"38":0.007806,"39":0,"40":0,"41":0,"42":0.007806,"43":0.007806,"44":0,"45":0.171732,"46":0.85866,"47":0.796212,"48":0.007806,"49":0},"safari":{"3.1":0,"3.2":0,"4":0.015612,"5":0.03903,"5.1":0.062448,"6":0.015612,"6.1":0.015612,"7":0.015612,"7.1":0,"8":0.046836,"9":0.085866,"9.1":0.405912,"10":0.3903,"10.1":3.216072,"11":0.031224,"0":null},"ios_saf":{"3.2":0,"4.0-4.1":0,"4.2-4.3":0,"5.0-5.1":0,"6.0-6.1":0,"7.0-7.1":0.0360511393853,"8":0,"8.1-8.4":0.0291842556928,"9.0-9.2":0.378536963545,"9.3":0.273816987236,"10.0-10.2":1.0583584491,"10.3":6.62997620504,"11":null},"android":{"2.1":0,"2.2":0,"2.3":0,"3":0,"4":0,"4.1":0.0459819494333,"4.2-4.3":0.118786702703,"4.4":0.328898666085,"4.4.3-4.4.4":0.238850681779,"56":null},"op_mob":{"10":null,"11":null,"11.1":null,"11.5":null,"12":null,"12.1":null,"0":null},"ie":{"5.5":0,"6":0.0156322227979,"7":0.00781611139896,"8":0.125057782383,"9":0.156322227979,"10":0.14850611658,"11":5.58070353886},"edge":{"12":0.015612,"13":0.257598,"14":0.62448,"15":null,"16":null},"bb":{"7":0.0017552,"10":0.0070208},"samsung":{"4":0,"5":0},"ie_mob":{"10":null,"11":null},"baidu":{"0":null},"and_ff":{"0":0.024134},"and_qq":{"1.2":null},"and_uc":{"0":0.063626},"op_mini":{"0":0.126961403974},"and_chr":{"0":13.533004}},"total":93.476795404}