{"id":"ER","name":"Eritrea","month":"2017-08","access_date":"2017-09-04","data":{"chrome":{"4":0,"5":0,"6":0,"7":0,"8":0,"9":0.003936,"10":0,"11":0,"12":0,"13":0,"14":0,"15":0,"16":0,"17":0,"18":0,"19":0,"20":0,"21":0,"22":0,"23":0,"24":0.035424,"25":0,"26":0,"27":0.251904,"28":0.007872,"29":0,"30":0,"31":0,"32":0.015744,"33":0,"34":0,"35":0,"36":0,"37":0,"38":0,"39":0,"40":0,"41":0,"42":0,"43":0.023616,"44":0,"45":0.015744,"46":0,"47":0.003936,"48":0,"49":0.0984,"50":0.15744,"51":0.173184,"52":0,"53":0.023616,"54":0.122016,"55":0.003936,"56":0.070848,"57":0.003936,"58":0.015744,"59":0.503808,"60":1.668864,"61":0.015744,"62":0,"63":0},"firefox":{"2":0,"3":0.003936,"3.5":0,"3.6":0.23616,"4":0.909216,"5":0.082656,"6":0,"7":0.125952,"8":0.003936,"9":0.01968,"10":0.003936,"11":0.326688,"12":0.031488,"13":0.027552,"14":0.003936,"15":0,"16":0.051168,"17":0.070848,"18":0.125952,"19":0.102336,"20":0.003936,"21":0.0984,"22":0,"23":0.027552,"24":0.031488,"25":0.007872,"26":0.003936,"27":0.01968,"28":0.015744,"29":0.043296,"30":0.558912,"31":0.169248,"32":0.102336,"33":0.771456,"34":0.07872,"35":0.149568,"36":0.141696,"37":0.145632,"38":0.25584,"39":0.082656,"40":0.535296,"41":1.440576,"42":1.625568,"43":0.814752,"44":0.094464,"45":0.212544,"46":0.460512,"47":0.72816,"48":3.274752,"49":0.956448,"50":0.145632,"51":0.527424,"52":10.757088,"53":0.51168,"54":5.581248,"55":0.779328,"56":0.133824,"57":0,"58":0},"opera":{"9":0,"9.5-9.6":0,"10.0-10.1":0,"10.5":0,"10.6":0,"11":0,"11.1":0,"11.5":0,"11.6":0,"12":0,"12.1":0,"15":0,"16":0,"17":0,"18":0,"19":0,"20":0,"21":0,"22":0,"23":0,"24":0,"25":0.007872,"26":0,"27":0,"28":0,"29":0,"30":0,"31":0,"32":0.003936,"33":0,"34":0,"35":0,"36":0,"37":0,"38":0,"39":0.015744,"40":0,"41":0,"42":0,"43":0,"44":0,"45":0,"46":0.05904,"47":0.035424,"48":0,"49":0},"safari":{"3.1":0,"3.2":0,"4":0,"5":0,"5.1":0,"6":0,"6.1":0,"7":0,"7.1":0,"8":0,"9":0,"9.1":0,"10":0.003936,"10.1":0,"11":0,"0":null},"ios_saf":{"3.2":0,"4.0-4.1":0,"4.2-4.3":0,"5.0-5.1":0,"6.0-6.1":0,"7.0-7.1":0.0020376154396,"8":0,"8.1-8.4":0.00164949821301,"9.0-9.2":0.0213949621158,"9.3":0.0154761744103,"10.0-10.2":0.0598185675482,"10.3":0.374727182273,"11":null},"android":{"2.1":0,"2.2":0,"2.3":0,"3":0,"4":0,"4.1":0.40510326068,"4.2-4.3":1.04651675676,"4.4":2.8976136007,"4.4.3-4.4.4":2.10428638187,"56":null},"op_mob":{"10":null,"11":null,"11.1":null,"11.5":null,"12":null,"12.1":null,"0":null},"ie":{"5.5":0,"6":0.007872,"7":0,"8":0.015744,"9":0.066912,"10":0.003936,"11":0.125952},"edge":{"12":0.05904,"13":0,"14":0.035424,"15":null,"16":null},"bb":{"7":0,"10":0},"samsung":{"4":0,"5":0},"ie_mob":{"10":null,"11":null},"baidu":{"0":null},"and_ff":{"0":0.072768},"and_qq":{"1.2":null},"and_uc":{"0":12.388752},"op_mini":{"0":0.964999258278},"and_chr":{"0":40.359312}},"total":97.7837032583}