{"id":"ES","name":"Spain","month":"2017-08","access_date":"2017-09-04","data":{"chrome":{"4":0,"5":0,"6":0,"7":0,"8":0,"9":0,"10":0,"11":0.024815,"12":0,"13":0,"14":0,"15":0,"16":0,"17":0,"18":0.029778,"19":0,"20":0,"21":0.004963,"22":0.019852,"23":0,"24":0,"25":0,"26":0.009926,"27":0.004963,"28":0.004963,"29":0.044667,"30":0.004963,"31":0.019852,"32":0.004963,"33":0.004963,"34":0.019852,"35":0.014889,"36":0.034741,"37":0.014889,"38":0.039704,"39":0.029778,"40":0.014889,"41":0.019852,"42":0.004963,"43":0.029778,"44":0.024815,"45":0.034741,"46":0.029778,"47":0.034741,"48":0.034741,"49":1.543493,"50":0.029778,"51":0.119112,"52":0.024815,"53":0.044667,"54":0.124075,"55":0.143927,"56":0.178668,"57":0.109186,"58":0.282891,"59":5.618116,"60":17.534279,"61":0.04963,"62":0.019852,"63":0},"firefox":{"2":0,"3":0.004963,"3.5":0.004963,"3.6":0.009926,"4":0.004963,"5":0,"6":0,"7":0,"8":0,"9":0,"10":0,"11":0,"12":0.004963,"13":0,"14":0,"15":0,"16":0.009926,"17":0.004963,"18":0,"19":0.004963,"20":0.009926,"21":0.004963,"22":0.004963,"23":0.004963,"24":0.004963,"25":0.004963,"26":0.004963,"27":0.004963,"28":0.004963,"29":0.009926,"30":0.004963,"31":0.014889,"32":0.024815,"33":0.009926,"34":0.004963,"35":0.009926,"36":0.009926,"37":0.014889,"38":0.034741,"39":0.009926,"40":0.009926,"41":0.014889,"42":0.019852,"43":0.029778,"44":0.009926,"45":0.074445,"46":0.019852,"47":0.064519,"48":0.168742,"49":0.044667,"50":0.074445,"51":0.054593,"52":0.570745,"53":0.104223,"54":3.881066,"55":1.63779,"56":0.014889,"57":0.004963,"58":0},"opera":{"9":0,"9.5-9.6":0,"10.0-10.1":0,"10.5":0,"10.6":0,"11":0,"11.1":0,"11.5":0,"11.6":0,"12":0,"12.1":0.014889,"15":0,"16":0,"17":0,"18":0,"19":0,"20":0,"21":0,"22":0,"23":0,"24":0,"25":0,"26":0,"27":0,"28":0.004963,"29":0,"30":0,"31":0,"32":0,"33":0,"34":0,"35":0.004963,"36":0.039704,"37":0.004963,"38":0,"39":0,"40":0,"41":0,"42":0.004963,"43":0.004963,"44":0,"45":0.004963,"46":0.322595,"47":0.327558,"48":0,"49":0},"safari":{"3.1":0,"3.2":0,"4":0.009926,"5":0.024815,"5.1":0.04963,"6":0.004963,"6.1":0.024815,"7":0.014889,"7.1":0,"8":0.064519,"9":0.069482,"9.1":0.292817,"10":0.258076,"10.1":1.717198,"11":0.009926,"0":null},"ios_saf":{"3.2":0,"4.0-4.1":0,"4.2-4.3":0,"5.0-5.1":0,"6.0-6.1":0,"7.0-7.1":0.0645655882773,"8":0,"8.1-8.4":0.0522673809864,"9.0-9.2":0.677938676912,"9.3":0.490391015726,"10.0-10.2":1.89546119871,"10.3":11.8739191394,"11":null},"android":{"2.1":0,"2.2":0,"2.3":0,"3":0,"4":0,"4.1":0.105964352223,"4.2-4.3":0.273741243243,"4.4":0.757939463819,"4.4.3-4.4.4":0.550425940715,"56":null},"op_mob":{"10":null,"11":null,"11.1":null,"11.5":null,"12":null,"12.1":null,"0":null},"ie":{"5.5":0,"6":0.00502252623688,"7":0.0100450524738,"8":0.200901049475,"9":0.115518103448,"10":0.110495577211,"11":2.90804269115},"edge":{"12":0.024815,"13":0.084371,"14":0.754376,"15":null,"16":null},"bb":{"7":0.0040296,"10":0.0161184},"samsung":{"4":0,"5":0},"ie_mob":{"10":0.0355256086957,"11":0.236837391304},"baidu":{"0":null},"and_ff":{"0":0.035259},"and_qq":{"1.2":null},"and_uc":{"0":0.090666},"op_mini":{"0":0.128593609272},"and_chr":{"0":36.669686}},"total":94.8792646093}