{"id":"ET","name":"Ethiopia","month":"2017-08","access_date":"2017-09-04","data":{"chrome":{"4":0,"5":0,"6":0,"7":0,"8":0.003666,"9":0.001833,"10":0.005499,"11":0.082485,"12":0.014664,"13":0.001833,"14":0,"15":0.001833,"16":0,"17":0.001833,"18":0.001833,"19":0.005499,"20":0.003666,"21":0.001833,"22":0.001833,"23":0.005499,"24":0.001833,"25":0.009165,"26":0.01833,"27":0.003666,"28":0.009165,"29":0.007332,"30":0.012831,"31":0.058656,"32":0.027495,"33":0.032994,"34":0.005499,"35":0.001833,"36":0.005499,"37":0.001833,"38":0.007332,"39":0.010998,"40":0.032994,"41":0.007332,"42":0.003666,"43":1.134627,"44":0.254787,"45":0.012831,"46":0.01833,"47":0.012831,"48":0.01833,"49":0.141141,"50":0.025662,"51":0.051324,"52":0.010998,"53":0.01833,"54":0.034827,"55":0.163137,"56":0.051324,"57":0.07332,"58":0.177801,"59":1.218945,"60":3.499197,"61":0.045825,"62":0.020163,"63":0},"firefox":{"2":0,"3":0.007332,"3.5":0,"3.6":0.007332,"4":0.029328,"5":0.014664,"6":0.003666,"7":0.010998,"8":0.009165,"9":0.001833,"10":0.01833,"11":0.031161,"12":0.031161,"13":0.007332,"14":0.016497,"15":0.009165,"16":0.021996,"17":0.009165,"18":0.009165,"19":0.016497,"20":0.069654,"21":0.012831,"22":0.014664,"23":0.010998,"24":0.038493,"25":0.027495,"26":0.029328,"27":0.010998,"28":0.03666,"29":0.060489,"30":0.043992,"31":0.078819,"32":0.05499,"33":0.029328,"34":0.03666,"35":0.064155,"36":0.043992,"37":0.062322,"38":0.086151,"39":0.069654,"40":0.082485,"41":0.064155,"42":0.045825,"43":0.212628,"44":0.190632,"45":0.065988,"46":0.040326,"47":0.340938,"48":0.153972,"49":0.084318,"50":0.078819,"51":0.087984,"52":0.285948,"53":0.095316,"54":2.197767,"55":1.041144,"56":0.306111,"57":0,"58":0},"opera":{"9":0,"9.5-9.6":0,"10.0-10.1":0,"10.5":0,"10.6":0.001833,"11":0.001833,"11.1":0,"11.5":0.001833,"11.6":0.005499,"12":0.005499,"12.1":0.010998,"15":0.001833,"16":0,"17":0.010998,"18":0.003666,"19":0,"20":0.001833,"21":0.001833,"22":0.003666,"23":0.001833,"24":0.001833,"25":0,"26":0.003666,"27":0,"28":0.003666,"29":0.001833,"30":0.001833,"31":0.001833,"32":0.001833,"33":0,"34":0.007332,"35":0.003666,"36":0.009165,"37":0.034827,"38":0.005499,"39":0.003666,"40":0.009165,"41":0.001833,"42":0.025662,"43":0.007332,"44":0.007332,"45":0.014664,"46":0.428922,"47":0.333606,"48":0,"49":0},"safari":{"3.1":0,"3.2":0,"4":0.003666,"5":0,"5.1":0.010998,"6":0.01833,"6.1":0,"7":0.009165,"7.1":0,"8":0.016497,"9":0.005499,"9.1":0.049491,"10":0.034827,"10.1":0.142974,"11":0,"0":null},"ios_saf":{"3.2":0,"4.0-4.1":0,"4.2-4.3":0,"5.0-5.1":0,"6.0-6.1":0,"7.0-7.1":0.00433603145104,"8":0,"8.1-8.4":0.00351012069846,"9.0-9.2":0.0455283302359,"9.3":0.0329331912591,"10.0-10.2":0.127293494741,"10.3":0.797416831614,"11":null},"android":{"2.1":0,"2.2":0,"2.3":0,"3":0,"4":0,"4.1":0.605615727986,"4.2-4.3":1.5645072973,"4.4":4.33183472101,"4.4.3-4.4.4":3.14583725371,"56":null},"op_mob":{"10":null,"11":null,"11.1":null,"11.5":null,"12":null,"12.1":null,"0":null},"ie":{"5.5":0,"6":0.0038206835443,"7":0.0286551265823,"8":0.227330670886,"9":0.038206835443,"10":0.0725929873418,"11":0.53298535443},"edge":{"12":0.100815,"13":0.130143,"14":0.221793,"15":null,"16":null},"bb":{"7":0.0049002,"10":0.0196008},"samsung":{"4":0,"5":0},"ie_mob":{"10":null,"11":null},"baidu":{"0":null},"and_ff":{"0":0.032668},"and_qq":{"1.2":null},"and_uc":{"0":4.287675},"op_mini":{"0":29.1833141755},"and_chr":{"0":28.2711}},"total":88.9549938337}