{"id":"FJ","name":"Fiji","month":"2017-08","access_date":"2017-09-04","data":{"chrome":{"4":0,"5":0,"6":0,"7":0.003791,"8":0,"9":0,"10":0,"11":0.003791,"12":0,"13":0,"14":0.007582,"15":0,"16":0,"17":0,"18":0.003791,"19":0,"20":0.003791,"21":0,"22":0.003791,"23":0,"24":0,"25":0,"26":0.003791,"27":0,"28":0.003791,"29":0.011373,"30":0,"31":0.022746,"32":0.007582,"33":0.007582,"34":0.011373,"35":0.003791,"36":0.003791,"37":0.003791,"38":0.007582,"39":0.132685,"40":0.011373,"41":0.011373,"42":0.022746,"43":0.015164,"44":0.003791,"45":0.094775,"46":0.026537,"47":0.003791,"48":0.007582,"49":0.447338,"50":0.011373,"51":0.041701,"52":0.030328,"53":0.041701,"54":0.026537,"55":0.079611,"56":0.053074,"57":0.053074,"58":0.166804,"59":3.711389,"60":12.138782,"61":0.045492,"62":0.041701,"63":0},"firefox":{"2":0.015164,"3":0.018955,"3.5":0,"3.6":0.011373,"4":0.011373,"5":0,"6":0.003791,"7":0.003791,"8":0.003791,"9":0,"10":0.003791,"11":0.045492,"12":0.03791,"13":0.007582,"14":0.003791,"15":0.003791,"16":0.018955,"17":0,"18":0.003791,"19":0.003791,"20":0.011373,"21":0.003791,"22":0.003791,"23":0.003791,"24":0.018955,"25":0,"26":0,"27":0.003791,"28":0.003791,"29":0.03791,"30":0.022746,"31":0.003791,"32":0.007582,"33":0.003791,"34":0.007582,"35":0.007582,"36":0.015164,"37":0.026537,"38":0.049283,"39":0.007582,"40":0.041701,"41":0.007582,"42":0.007582,"43":0.098566,"44":0.026537,"45":0.056865,"46":0.060656,"47":0.178177,"48":0.515576,"49":0.072029,"50":0.045492,"51":0.102357,"52":0.576232,"53":0.121312,"54":5.948079,"55":1.732487,"56":0.147849,"57":0,"58":0},"opera":{"9":0,"9.5-9.6":0.003791,"10.0-10.1":0,"10.5":0,"10.6":0,"11":0,"11.1":0,"11.5":0,"11.6":0,"12":0,"12.1":0.003791,"15":0,"16":0,"17":0,"18":0,"19":0,"20":0,"21":0,"22":0,"23":0,"24":0,"25":0,"26":0,"27":0,"28":0.003791,"29":0,"30":0,"31":0,"32":0,"33":0,"34":0.003791,"35":0,"36":0,"37":0,"38":0,"39":0,"40":0,"41":0.007582,"42":0.003791,"43":0.003791,"44":0,"45":0,"46":0.159222,"47":0.231251,"48":0,"49":0},"safari":{"3.1":0,"3.2":0,"4":0.003791,"5":0.003791,"5.1":0.011373,"6":0.026537,"6.1":0.015164,"7":0.007582,"7.1":0,"8":0.034119,"9":0.018955,"9.1":0.223669,"10":0.318444,"10.1":0.856766,"11":0.003791,"0":null},"ios_saf":{"3.2":0,"4.0-4.1":0,"4.2-4.3":0,"5.0-5.1":0,"6.0-6.1":0,"7.0-7.1":0.0256960914939,"8":0,"8.1-8.4":0.020801597876,"9.0-9.2":0.269808960686,"9.3":0.195167933013,"10.0-10.2":0.754363828857,"10.3":4.72563358807,"11":null},"android":{"2.1":0,"2.2":0,"2.3":0,"3":0,"4":0,"4.1":0.203799295554,"4.2-4.3":0.526481513514,"4.4":1.45773107236,"4.4.3-4.4.4":1.05862411857,"56":null},"op_mob":{"10":null,"11":null,"11.1":null,"11.5":null,"12":null,"12.1":null,"0":null},"ie":{"5.5":0,"6":0,"7":0.00381873902439,"8":0.12219964878,"9":0.0458248682927,"10":0.0801935195122,"11":1.30982748537},"edge":{"12":0.068238,"13":0.246415,"14":0.45492,"15":null,"16":null},"bb":{"7":0.0074508,"10":0.0298032},"samsung":{"4":0,"5":0},"ie_mob":{"10":null,"11":null},"baidu":{"0":null},"and_ff":{"0":0.149016},"and_qq":{"1.2":null},"and_uc":{"0":5.041708},"op_mini":{"0":2.09239188079},"and_chr":{"0":37.386907}},"total":85.7291011418}