{"id":"FK","name":"Falkland Islands (Malvinas)","month":"2017-08","access_date":"2017-09-04","data":{"chrome":{"4":0,"5":0,"6":0,"7":0,"8":0,"9":0,"10":0,"11":0,"12":0,"13":0,"14":0,"15":0,"16":0,"17":0,"18":0,"19":0,"20":0,"21":0,"22":0,"23":0,"24":0,"25":0,"26":0,"27":0,"28":0,"29":0,"30":0,"31":0,"32":0,"33":0,"34":0,"35":0,"36":0,"37":0,"38":0,"39":0,"40":0,"41":0.011792,"42":0,"43":0,"44":0,"45":0,"46":0,"47":0,"48":0,"49":2.606032,"50":0,"51":0,"52":0,"53":0,"54":0,"55":0,"56":0,"57":0.377344,"58":0,"59":2.411464,"60":5.536344,"61":0,"62":0,"63":0},"firefox":{"2":0,"3":0,"3.5":0,"3.6":0,"4":0,"5":0,"6":0,"7":0,"8":0,"9":0,"10":0,"11":0,"12":0,"13":0,"14":0,"15":0,"16":0,"17":0,"18":0,"19":0,"20":0,"21":0,"22":0,"23":0,"24":0,"25":0,"26":0,"27":0,"28":0,"29":0,"30":0.076648,"31":0,"32":0,"33":0.041272,"34":0,"35":0,"36":0,"37":0,"38":0,"39":0,"40":0,"41":0,"42":0,"43":0,"44":0,"45":0,"46":0,"47":0,"48":0.224048,"49":0,"50":0,"51":0.05896,"52":0.259424,"53":0.017688,"54":2.570656,"55":0.890296,"56":0,"57":0,"58":0},"opera":{"9":0,"9.5-9.6":0,"10.0-10.1":0,"10.5":0,"10.6":0,"11":0,"11.1":0,"11.5":0,"11.6":0,"12":0,"12.1":0,"15":0,"16":0,"17":0,"18":0,"19":0,"20":0,"21":0,"22":0,"23":0,"24":0,"25":0,"26":0,"27":0,"28":0,"29":0,"30":0,"31":0,"32":0,"33":0,"34":0,"35":0,"36":0,"37":0,"38":0,"39":0,"40":0,"41":0,"42":0,"43":0,"44":0,"45":0,"46":0.106128,"47":0.076648,"48":0,"49":0},"safari":{"3.1":0,"3.2":0,"4":0,"5":0,"5.1":0,"6":0,"6.1":0.017688,"7":0,"7.1":0,"8":0.1474,"9":0.347864,"9.1":0.08844,"10":0.017688,"10.1":1.627296,"11":0,"0":null},"ios_saf":{"3.2":0,"4.0-4.1":0,"4.2-4.3":0,"5.0-5.1":0,"6.0-6.1":0,"7.0-7.1":0.151947242316,"8":0,"8.1-8.4":0.123004910446,"9.0-9.2":1.59544604432,"9.3":1.1540754833,"10.0-10.2":4.46073689942,"10.3":27.9438214202,"11":null},"android":{"2.1":0,"2.2":0,"2.3":0,"3":0,"4":0,"4.1":0.0494235117698,"4.2-4.3":0.127677405405,"4.4":0.353515396687,"4.4.3-4.4.4":0.256727686138,"56":null},"op_mob":{"10":null,"11":null,"11.1":null,"11.5":null,"12":null,"12.1":null,"0":null},"ie":{"5.5":0,"6":0,"7":0,"8":0.041272,"9":0.229944,"10":0.288904,"11":10.984248},"edge":{"12":0.011792,"13":0.253528,"14":0.283008,"15":null,"16":null},"bb":{"7":0,"10":0},"samsung":{"4":0,"5":0},"ie_mob":{"10":null,"11":null},"baidu":{"0":null},"and_ff":{"0":0.02052},"and_qq":{"1.2":null},"and_uc":{"0":0.188784},"op_mini":{"0":0.799777192053},"and_chr":{"0":16.071384}},"total":82.9006571921}