{"id":"FM","name":"Micronesia, Federated States of","month":"2017-08","access_date":"2017-09-04","data":{"chrome":{"4":0,"5":0,"6":0,"7":0,"8":0,"9":0,"10":0,"11":0.06706,"12":0,"13":0,"14":0,"15":0,"16":0,"17":0,"18":0,"19":0,"20":0.013412,"21":0,"22":0,"23":0,"24":0,"25":0,"26":1.153432,"27":0,"28":0,"29":0,"30":0,"31":0.006706,"32":0,"33":0,"34":0,"35":0,"36":0,"37":0,"38":0,"39":0,"40":0.006706,"41":0,"42":0,"43":0.006706,"44":0.06706,"45":0.006706,"46":0.013412,"47":0,"48":0.006706,"49":0.851662,"50":0,"51":0,"52":0.020118,"53":0,"54":0.006706,"55":0.107296,"56":0.060354,"57":0.046942,"58":0.596834,"59":6.249992,"60":24.128188,"61":0.006706,"62":0.026824,"63":0},"firefox":{"2":0,"3":0,"3.5":0,"3.6":0.013412,"4":0,"5":0,"6":0,"7":0,"8":0,"9":0,"10":0.020118,"11":0.013412,"12":0,"13":0.006706,"14":0,"15":0,"16":0.006706,"17":0,"18":0,"19":0.006706,"20":0,"21":0,"22":0,"23":0,"24":0,"25":0,"26":0,"27":0,"28":0.006706,"29":0,"30":0,"31":0,"32":0,"33":0,"34":0,"35":0,"36":0,"37":0,"38":0.006706,"39":0.006706,"40":0.006706,"41":0.006706,"42":0.006706,"43":0.020118,"44":0,"45":0.013412,"46":0,"47":0.160944,"48":0.06706,"49":0.006706,"50":0.026824,"51":0.013412,"52":0.395654,"53":0.053648,"54":4.848438,"55":2.494632,"56":0.16765,"57":0,"58":0},"opera":{"9":0,"9.5-9.6":0,"10.0-10.1":0,"10.5":0,"10.6":0,"11":0,"11.1":0,"11.5":0,"11.6":0,"12":0,"12.1":0,"15":0,"16":0,"17":0,"18":0,"19":0,"20":0,"21":0,"22":0,"23":0,"24":0,"25":0,"26":0,"27":0,"28":0,"29":0,"30":0,"31":0,"32":0,"33":0,"34":0,"35":0,"36":0,"37":0,"38":0,"39":0,"40":0,"41":0,"42":0,"43":0,"44":0,"45":0,"46":0.241416,"47":0.228004,"48":0,"49":0},"safari":{"3.1":0,"3.2":0,"4":0,"5":0.006706,"5.1":0.013412,"6":0,"6.1":0.006706,"7":0,"7.1":0,"8":0.851662,"9":0.046942,"9.1":0.308476,"10":0.093884,"10.1":2.025212,"11":0,"0":null},"ios_saf":{"3.2":0,"4.0-4.1":0,"4.2-4.3":0,"5.0-5.1":0,"6.0-6.1":0,"7.0-7.1":0.0391129749821,"8":0,"8.1-8.4":0.0316628845093,"9.0-9.2":0.410686237312,"9.3":0.297072357602,"10.0-10.2":1.14824519412,"10.3":7.19306235148,"11":null},"android":{"2.1":0,"2.2":0,"2.3":0,"3":0,"4":0,"4.1":0.317465011334,"4.2-4.3":0.820117945946,"4.4":2.27075667829,"4.4.3-4.4.4":1.64905436443,"56":null},"op_mob":{"10":null,"11":null,"11.1":null,"11.5":null,"12":null,"12.1":null,"0":null},"ie":{"5.5":0,"6":0,"7":0,"8":0.073766,"9":0.160944,"10":0.120708,"11":3.601122},"edge":{"12":0.187768,"13":0.952252,"14":0.697424,"15":null,"16":null},"bb":{"7":0,"10":0},"samsung":{"4":0,"5":0},"ie_mob":{"10":null,"11":null},"baidu":{"0":null},"and_ff":{"0":0.069174},"and_qq":{"1.2":null},"and_uc":{"0":1.785348},"op_mini":{"0":0.793297728477},"and_chr":{"0":28.14871}},"total":96.4154917285}