{"id":"FO","name":"Faroe Islands","month":"2017-08","access_date":"2017-09-04","data":{"chrome":{"4":0,"5":0,"6":0,"7":0,"8":0,"9":0,"10":0,"11":0.006145,"12":0,"13":0,"14":0,"15":0,"16":0,"17":0,"18":0,"19":0,"20":0,"21":0,"22":0.006145,"23":0,"24":0,"25":0,"26":0.006145,"27":0,"28":0,"29":0,"30":0,"31":0.006145,"32":0,"33":0.02458,"34":0.030725,"35":0,"36":0.030725,"37":0,"38":0.055305,"39":0,"40":0,"41":0,"42":0,"43":0,"44":0,"45":0,"46":0.006145,"47":0.006145,"48":0,"49":0.829575,"50":0,"51":0,"52":0,"53":0,"54":0.01229,"55":0.030725,"56":0.01229,"57":0.018435,"58":0.18435,"59":4.14173,"60":14.963075,"61":0.02458,"62":0.018435,"63":0},"firefox":{"2":0,"3":0,"3.5":0,"3.6":0,"4":0,"5":0,"6":0,"7":0,"8":0,"9":0,"10":0,"11":0,"12":0,"13":0,"14":0,"15":0,"16":0,"17":0,"18":0,"19":0,"20":0,"21":0,"22":0,"23":0,"24":0,"25":0,"26":0,"27":0,"28":0,"29":0,"30":0,"31":0,"32":0,"33":0,"34":0,"35":0,"36":0,"37":0,"38":0.018435,"39":0,"40":0,"41":0.03687,"42":0,"43":0,"44":0.01229,"45":0.2458,"46":0.006145,"47":0.006145,"48":0.07374,"49":0.01229,"50":0.02458,"51":0.04916,"52":0.60221,"53":0.030725,"54":2.390405,"55":0.94633,"56":0.006145,"57":0,"58":0},"opera":{"9":0,"9.5-9.6":0,"10.0-10.1":0,"10.5":0,"10.6":0,"11":0,"11.1":0,"11.5":0,"11.6":0,"12":0,"12.1":0.006145,"15":0,"16":0,"17":0,"18":0,"19":0,"20":0,"21":0,"22":0,"23":0,"24":0,"25":0,"26":0,"27":0,"28":0,"29":0,"30":0,"31":0,"32":0,"33":0,"34":0,"35":0,"36":0,"37":0,"38":0,"39":0,"40":0,"41":0,"42":0,"43":0,"44":0,"45":0.018435,"46":0.08603,"47":0.067595,"48":0,"49":0},"safari":{"3.1":0,"3.2":0,"4":0,"5":0.01229,"5.1":0.02458,"6":0.006145,"6.1":0.07374,"7":0.01229,"7.1":0,"8":0.07374,"9":0.03687,"9.1":0.71282,"10":0.153625,"10.1":1.92953,"11":0.01229,"0":null},"ios_saf":{"3.2":0,"4.0-4.1":0,"4.2-4.3":0,"5.0-5.1":0,"6.0-6.1":0,"7.0-7.1":0.168955110793,"8":0,"8.1-8.4":0.136773184928,"9.0-9.2":1.77402866333,"9.3":1.28325429388,"10.0-10.2":4.96003932401,"10.3":31.0716494231,"11":null},"android":{"2.1":0,"2.2":0,"2.3":0,"3":0,"4":0,"4.1":0.0259476198779,"4.2-4.3":0.0670313513514,"4.4":0.185597558849,"4.4.3-4.4.4":0.134783469922,"56":null},"op_mob":{"10":null,"11":null,"11.1":null,"11.5":null,"12":null,"12.1":null,"0":null},"ie":{"5.5":0,"6":0,"7":0.02458,"8":0.079885,"9":0.092175,"10":0.116755,"11":10.305165},"edge":{"12":0.018435,"13":0.2458,"14":1.444075,"15":null,"16":null},"bb":{"7":0.000771,"10":0.003084},"samsung":{"4":0,"5":0},"ie_mob":{"10":null,"11":null},"baidu":{"0":null},"and_ff":{"0":0.02313},"and_qq":{"1.2":null},"and_uc":{"0":0},"op_mini":{"0":0.0590504304636},"and_chr":{"0":9.115615}},"total":89.4376654305}