{"id":"FR","name":"France","month":"2017-08","access_date":"2017-09-04","data":{"chrome":{"4":0,"5":0,"6":0,"7":0,"8":0,"9":0,"10":0,"11":0.013306,"12":0,"13":0,"14":0,"15":0,"16":0.013306,"17":0,"18":0.019959,"19":0,"20":0,"21":0.006653,"22":0.013306,"23":0.006653,"24":0.006653,"25":0.019959,"26":0.006653,"27":0.006653,"28":0.006653,"29":0.286079,"30":0.006653,"31":0.019959,"32":0.006653,"33":0.006653,"34":0.046571,"35":0.019959,"36":0.026612,"37":0.019959,"38":0.033265,"39":0.026612,"40":0.019959,"41":0.033265,"42":0.026612,"43":0.079836,"44":0.033265,"45":0.053224,"46":0.046571,"47":0.06653,"48":0.106448,"49":1.437048,"50":0.059877,"51":0.26612,"52":0.059877,"53":0.13306,"54":0.379221,"55":0.33265,"56":0.306038,"57":0.19959,"58":0.439098,"59":6.247167,"60":18.508646,"61":0.053224,"62":0.026612,"63":0},"firefox":{"2":0,"3":0.013306,"3.5":0,"3.6":0.013306,"4":0,"5":0,"6":0,"7":0,"8":0,"9":0,"10":0.006653,"11":0,"12":0.013306,"13":0,"14":0,"15":0.006653,"16":0.019959,"17":0.006653,"18":0,"19":0,"20":0.006653,"21":0.006653,"22":0.006653,"23":0.006653,"24":0.019959,"25":0.006653,"26":0.006653,"27":0.006653,"28":0.006653,"29":0.006653,"30":0.006653,"31":0.039918,"32":0.006653,"33":0.013306,"34":0.013306,"35":0.013306,"36":0.013306,"37":0.013306,"38":0.159672,"39":0.013306,"40":0.026612,"41":0.053224,"42":0.026612,"43":0.039918,"44":0.019959,"45":0.319344,"46":0.026612,"47":0.093142,"48":0.472363,"49":0.079836,"50":0.139713,"51":0.106448,"52":1.170928,"53":0.146366,"54":6.892508,"55":2.99385,"56":0.033265,"57":0.006653,"58":0},"opera":{"9":0,"9.5-9.6":0,"10.0-10.1":0,"10.5":0,"10.6":0,"11":0,"11.1":0,"11.5":0,"11.6":0,"12":0.006653,"12.1":0.019959,"15":0,"16":0,"17":0,"18":0,"19":0,"20":0,"21":0,"22":0,"23":0,"24":0,"25":0,"26":0,"27":0,"28":0.006653,"29":0,"30":0,"31":0,"32":0,"33":0,"34":0.006653,"35":0,"36":0.033265,"37":0,"38":0,"39":0,"40":0.006653,"41":0.006653,"42":0.006653,"43":0.006653,"44":0,"45":0.006653,"46":0.525587,"47":0.39918,"48":0.006653,"49":0},"safari":{"3.1":0,"3.2":0,"4":0.033265,"5":0.046571,"5.1":0.119754,"6":0.006653,"6.1":0.099795,"7":0.019959,"7.1":0.006653,"8":0.099795,"9":0.146366,"9.1":0.578811,"10":0.485669,"10.1":3.293235,"11":0.019959,"0":null},"ios_saf":{"3.2":0,"4.0-4.1":0,"4.2-4.3":0,"5.0-5.1":0,"6.0-6.1":0,"7.0-7.1":0.0684394653324,"8":0,"8.1-8.4":0.0554033766976,"9.0-9.2":0.71861438599,"9.3":0.51981403431,"10.0-10.2":2.00918716083,"10.3":12.5863435768,"11":null},"android":{"2.1":0,"2.2":0,"2.3":0,"3":0,"4":0,"4.1":0.0846021970357,"4.2-4.3":0.218555675676,"4.4":0.605140714908,"4.4.3-4.4.4":0.43946141238,"56":null},"op_mob":{"10":null,"11":null,"11.1":null,"11.5":null,"12":null,"12.1":null,"0":null},"ie":{"5.5":0,"6":0.0205988692972,"7":0.0205988692972,"8":0.322715618989,"9":0.185389823674,"10":0.322715618989,"11":4.69654219975},"edge":{"12":0.079836,"13":0.146366,"14":1.257417,"15":null,"16":null},"bb":{"7":0.0087022,"10":0.0348088},"samsung":{"4":0,"5":0},"ie_mob":{"10":null,"11":null},"baidu":{"0":null},"and_ff":{"0":0.080328},"and_qq":{"1.2":null},"and_uc":{"0":0.3347},"op_mini":{"0":0.156655115894},"and_chr":{"0":18.645052}},"total":92.2447651159}