{"id":"GA","name":"Gabon","month":"2017-08","access_date":"2017-09-04","data":{"chrome":{"4":0.006704,"5":0.003352,"6":0.003352,"7":0,"8":0,"9":0,"10":0.003352,"11":0.01676,"12":0.003352,"13":0.003352,"14":0.003352,"15":0,"16":0.003352,"17":0.003352,"18":0.063688,"19":0,"20":0,"21":0.003352,"22":0.006704,"23":0,"24":0.003352,"25":0.003352,"26":0.020112,"27":0.328496,"28":0.164248,"29":0.164248,"30":0.053632,"31":0.11732,"32":0.154192,"33":0.063688,"34":0.10056,"35":0.191064,"36":0.264808,"37":0.140784,"38":0.023464,"39":0.013408,"40":0.010056,"41":1.686056,"42":0.003352,"43":0.140784,"44":0.010056,"45":0.113968,"46":0.013408,"47":0.006704,"48":0.006704,"49":0.593304,"50":0.05028,"51":0.030168,"52":0.006704,"53":0.020112,"54":0.013408,"55":0.1676,"56":0.036872,"57":0.046928,"58":0.204472,"59":2.038016,"60":5.651472,"61":0.020112,"62":0.026816,"63":0},"firefox":{"2":0.020112,"3":0.05028,"3.5":0.010056,"3.6":0.026816,"4":0.006704,"5":0.003352,"6":0.003352,"7":0,"8":0,"9":0.13408,"10":0.003352,"11":0,"12":0.006704,"13":0.003352,"14":0.046928,"15":0.003352,"16":0.006704,"17":0.006704,"18":0.003352,"19":0,"20":0.003352,"21":1.012304,"22":0.15084,"23":0.160896,"24":0.147488,"25":0.214528,"26":0.003352,"27":0.103912,"28":0.103912,"29":0.107264,"30":0.010056,"31":0.160896,"32":0.013408,"33":0.073744,"34":0.020112,"35":0.063688,"36":0.053632,"37":0.985488,"38":0.013408,"39":0.040224,"40":0.020112,"41":0.020112,"42":0.013408,"43":0.127376,"44":0.010056,"45":0.03352,"46":0.020112,"47":0.375424,"48":0.5028,"49":0.023464,"50":0.036872,"51":0.040224,"52":0.328496,"53":0.05028,"54":3.03356,"55":0.646936,"56":0.03352,"57":0.026816,"58":0},"opera":{"9":0.003352,"9.5-9.6":0.003352,"10.0-10.1":0,"10.5":0,"10.6":0,"11":0.003352,"11.1":0,"11.5":0,"11.6":0.0838,"12":0.160896,"12.1":0.177656,"15":0,"16":0,"17":0,"18":0,"19":0,"20":0,"21":0,"22":0.006704,"23":0,"24":0,"25":0,"26":0,"27":0,"28":1.836896,"29":0.003352,"30":0.030168,"31":0,"32":0,"33":0,"34":0.003352,"35":0.003352,"36":0.030168,"37":0.010056,"38":0,"39":0,"40":0,"41":0.003352,"42":0.010056,"43":0.01676,"44":0.003352,"45":0.063688,"46":0.382128,"47":0.311736,"48":0.003352,"49":0},"safari":{"3.1":0.003352,"3.2":0.003352,"4":0.010056,"5":0.090504,"5.1":0.090504,"6":0.003352,"6.1":0.006704,"7":0.046928,"7.1":0.013408,"8":0.030168,"9":0.01676,"9.1":0.080448,"10":0.056984,"10.1":0.455872,"11":0,"0":null},"ios_saf":{"3.2":0,"4.0-4.1":0,"4.2-4.3":0,"5.0-5.1":0,"6.0-6.1":0,"7.0-7.1":0.0152809835597,"8":0,"8.1-8.4":0.0123703200245,"9.0-9.2":0.160450327377,"9.3":0.116062708465,"10.0-10.2":0.448606017359,"10.3":2.81024564321,"11":null},"android":{"2.1":0,"2.2":0,"2.3":0,"3":0,"4":0,"4.1":0.444048795118,"4.2-4.3":1.14712605405,"4.4":3.17618235397,"4.4.3-4.4.4":2.30658679686,"56":null},"op_mob":{"10":null,"11":null,"11.1":null,"11.5":null,"12":null,"12.1":null,"0":null},"ie":{"5.5":0,"6":0.00672608896211,"7":0.0100891334432,"8":0.208508757825,"9":0.464100138386,"10":0.3194892257,"11":1.02572856672},"edge":{"12":0.124024,"13":0.077096,"14":0.207824,"15":null,"16":null},"bb":{"7":0.372288,"10":1.489152},"samsung":{"4":0,"5":0},"ie_mob":{"10":null,"11":null},"baidu":{"0":null},"and_ff":{"0":0.139608},"and_qq":{"1.2":null},"and_uc":{"0":2.685792},"op_mini":{"0":14.1774543576},"and_chr":{"0":28.918936}},"total":86.8719442687}