{"id":"GB","name":"United Kingdom","month":"2017-08","access_date":"2017-09-04","data":{"chrome":{"4":0,"5":0,"6":0,"7":0,"8":0,"9":0,"10":0,"11":0.005608,"12":0,"13":0,"14":0,"15":0,"16":0,"17":0,"18":0.005608,"19":0.005608,"20":0,"21":0.005608,"22":0.039256,"23":0.005608,"24":0.005608,"25":0,"26":0.005608,"27":0.005608,"28":0.005608,"29":0.044864,"30":0.005608,"31":0.011216,"32":0.005608,"33":0.011216,"34":0.02804,"35":0.011216,"36":0.02804,"37":0.016824,"38":0.044864,"39":0.016824,"40":0.011216,"41":0.02804,"42":0.016824,"43":0.078512,"44":0.016824,"45":0.02804,"46":0.022432,"47":0.02804,"48":0.02804,"49":0.717824,"50":0.050472,"51":0.134592,"52":0.050472,"53":0.061688,"54":0.325264,"55":0.185064,"56":0.241144,"57":0.151416,"58":0.30844,"59":5.669688,"60":15.354704,"61":0.061688,"62":0.02804,"63":0},"firefox":{"2":0,"3":0.005608,"3.5":0,"3.6":0.005608,"4":0,"5":0,"6":0,"7":0,"8":0,"9":0,"10":0,"11":0,"12":0.005608,"13":0.005608,"14":0,"15":0,"16":0.011216,"17":0.005608,"18":0,"19":0.005608,"20":0.005608,"21":0.016824,"22":0.005608,"23":0.005608,"24":0.011216,"25":0.005608,"26":0.005608,"27":0.005608,"28":0.005608,"29":0.011216,"30":0.011216,"31":0.016824,"32":0.011216,"33":0.011216,"34":0.011216,"35":0.011216,"36":0.011216,"37":0.005608,"38":0.050472,"39":0.005608,"40":0.016824,"41":0.011216,"42":0.011216,"43":0.022432,"44":0.011216,"45":0.078512,"46":0.011216,"47":0.039256,"48":0.134592,"49":0.02804,"50":0.050472,"51":0.05608,"52":0.465464,"53":0.061688,"54":2.949808,"55":1.222544,"56":0.02804,"57":0,"58":0},"opera":{"9":0,"9.5-9.6":0,"10.0-10.1":0,"10.5":0,"10.6":0,"11":0,"11.1":0,"11.5":0,"11.6":0,"12":0,"12.1":0.016824,"15":0,"16":0,"17":0,"18":0,"19":0,"20":0,"21":0,"22":0,"23":0,"24":0,"25":0,"26":0,"27":0,"28":0.005608,"29":0,"30":0,"31":0.005608,"32":0,"33":0,"34":0,"35":0,"36":0.022432,"37":0.005608,"38":0,"39":0,"40":0.005608,"41":0,"42":0.005608,"43":0.005608,"44":0,"45":0.011216,"46":0.347696,"47":0.274792,"48":0.005608,"49":0},"safari":{"3.1":0,"3.2":0,"4":0.011216,"5":0.022432,"5.1":0.095336,"6":0.005608,"6.1":0.039256,"7":0.022432,"7.1":0.011216,"8":0.190672,"9":0.157024,"9.1":0.549584,"10":0.375736,"10.1":2.770352,"11":0.022432,"0":null},"ios_saf":{"3.2":0,"4.0-4.1":0,"4.2-4.3":0,"5.0-5.1":0,"6.0-6.1":0,"7.0-7.1":0.120965832738,"8":0,"8.1-8.4":0.09792472174,"9.0-9.2":1.27014124375,"9.3":0.918764301031,"10.0-10.2":3.55121123251,"10.3":22.2461926682,"11":null},"android":{"2.1":0,"2.2":0,"2.3":0,"3":0,"4":0,"4.1":0.13046425109,"4.2-4.3":0.337032648649,"4.4":0.93318179599,"4.4.3-4.4.4":0.677689304272,"56":null},"op_mob":{"10":null,"11":null,"11.1":null,"11.5":null,"12":null,"12.1":null,"0":null},"ie":{"5.5":0,"6":0.00564315987461,"7":0.0112863197492,"8":0.152365316614,"9":0.163651636364,"10":0.158008476489,"11":4.90954909091},"edge":{"12":0.067296,"13":0.173848,"14":1.362744,"15":null,"16":null},"bb":{"7":0.0377712,"10":0.1510848},"samsung":{"4":0,"5":0},"ie_mob":{"10":0.2454056,"11":0.4238824},"baidu":{"0":null},"and_ff":{"0":0.06588},"and_qq":{"1.2":null},"and_uc":{"0":0.715896},"op_mini":{"0":0.261629403974},"and_chr":{"0":18.41768}},"total":91.973013404}