{"id":"GD","name":"Grenada","month":"2017-08","access_date":"2017-09-04","data":{"chrome":{"4":0,"5":0,"6":0,"7":0,"8":0,"9":0,"10":0,"11":0.005978,"12":0,"13":0,"14":0,"15":0,"16":0,"17":0,"18":0,"19":0,"20":0,"21":0.304878,"22":0.083692,"23":0,"24":0,"25":0.005978,"26":0,"27":0,"28":0,"29":0,"30":0,"31":0.011956,"32":0,"33":0,"34":0.023912,"35":0,"36":0.011956,"37":0,"38":0.041846,"39":0.017934,"40":0.005978,"41":0.005978,"42":0.005978,"43":0.005978,"44":0,"45":0.155428,"46":0.005978,"47":0.005978,"48":0.23912,"49":0.561932,"50":0.083692,"51":0.113582,"52":0.011956,"53":0.011956,"54":0.011956,"55":0.316834,"56":0.077714,"57":0.083692,"58":0.215208,"59":7.317072,"60":22.333808,"61":0.035868,"62":0.047824,"63":0},"firefox":{"2":0,"3":0.02989,"3.5":0,"3.6":0,"4":0,"5":0,"6":0,"7":0,"8":0,"9":0,"10":0,"11":0,"12":0,"13":0,"14":0,"15":0,"16":0,"17":0,"18":0,"19":0,"20":0,"21":0.02989,"22":0,"23":0,"24":0,"25":0,"26":0,"27":0,"28":0,"29":0,"30":0,"31":0,"32":0,"33":0,"34":0,"35":0.023912,"36":0,"37":0,"38":0,"39":0,"40":0.023912,"41":0,"42":0,"43":0.011956,"44":0.023912,"45":0.011956,"46":0.005978,"47":0.023912,"48":0.05978,"49":0.011956,"50":0.203252,"51":0.011956,"52":0.101626,"53":0.490196,"54":2.504782,"55":0.860832,"56":0.071736,"57":0,"58":0},"opera":{"9":0,"9.5-9.6":0.005978,"10.0-10.1":0,"10.5":0,"10.6":0,"11":0,"11.1":0,"11.5":0,"11.6":0,"12":0,"12.1":0,"15":0,"16":0,"17":0,"18":0,"19":0,"20":0,"21":0,"22":0,"23":0,"24":0,"25":0,"26":0,"27":0,"28":0,"29":0.017934,"30":0,"31":0,"32":0,"33":0,"34":0,"35":0,"36":0,"37":0,"38":0.005978,"39":0,"40":0,"41":0,"42":0,"43":0,"44":0,"45":0,"46":0.364658,"47":0.406504,"48":0,"49":0},"safari":{"3.1":0,"3.2":0,"4":0.047824,"5":0,"5.1":0.011956,"6":0,"6.1":0.005978,"7":0,"7.1":0,"8":0.077714,"9":0.053802,"9.1":0.083692,"10":0.878766,"10.1":2.558584,"11":0.005978,"0":null},"ios_saf":{"3.2":0,"4.0-4.1":0,"4.2-4.3":0,"5.0-5.1":0,"6.0-6.1":0,"7.0-7.1":0.0442935611151,"8":0,"8.1-8.4":0.0358566923313,"9.0-9.2":0.465082391708,"9.3":0.336420142755,"10.0-10.2":1.30033240131,"10.3":8.14579681078,"11":null},"android":{"2.1":0,"2.2":0,"2.3":0,"3":0,"4":0,"4.1":0.272755459459,"4.2-4.3":0.70461827027,"4.4":1.95095918919,"4.4.3-4.4.4":1.41681308108,"56":null},"op_mob":{"10":null,"11":null,"11.1":null,"11.5":null,"12":null,"12.1":null,"0":null},"ie":{"5.5":0,"6":0.0857388152174,"7":0.0791435217391,"8":0.402312902174,"9":0.178072923913,"10":0.336359967391,"11":2.55897386957},"edge":{"12":0.041846,"13":0.20923,"14":1.141798,"15":null,"16":null},"bb":{"7":0.0546992,"10":0.2187968},"samsung":{"4":0,"5":0},"ie_mob":{"10":null,"11":null},"baidu":{"0":null},"and_ff":{"0":0.004022},"and_qq":{"1.2":null},"and_uc":{"0":0.349914},"op_mini":{"0":0.489445437086},"and_chr":{"0":30.64353}},"total":92.6552314371}