{"id":"GE","name":"Georgia","month":"2017-08","access_date":"2017-09-04","data":{"chrome":{"4":0.007243,"5":0.007243,"6":0,"7":0.007243,"8":0.007243,"9":0.007243,"10":0.007243,"11":0.028972,"12":0.007243,"13":0.021729,"14":0.007243,"15":0.014486,"16":0.007243,"17":0.021729,"18":0.028972,"19":0.007243,"20":0.014486,"21":0.028972,"22":0.043458,"23":0.028972,"24":0.028972,"25":0.021729,"26":0.014486,"27":0.050701,"28":0.036215,"29":0.043458,"30":0.036215,"31":0.101402,"32":0.028972,"33":0.050701,"34":0.036215,"35":0.050701,"36":0.036215,"37":0.021729,"38":0.014486,"39":0.195561,"40":0.014486,"41":0.195561,"42":0.014486,"43":0.07243,"44":0.036215,"45":0.057944,"46":0.014486,"47":0.043458,"48":0.021729,"49":1.839722,"50":0.028972,"51":0.115888,"52":0.043458,"53":0.065187,"54":0.086916,"55":0.36215,"56":0.398365,"57":0.239019,"58":0.557711,"59":9.068236,"60":33.861025,"61":0.159346,"62":0.130374,"63":0},"firefox":{"2":0.014486,"3":0.021729,"3.5":0.021729,"3.6":0.130374,"4":0.007243,"5":0,"6":0.007243,"7":0,"8":0,"9":0.007243,"10":0.007243,"11":0.021729,"12":0.007243,"13":0.007243,"14":0.021729,"15":0.014486,"16":0.014486,"17":0,"18":0,"19":0.007243,"20":0.007243,"21":0.086916,"22":0.021729,"23":0.028972,"24":0.021729,"25":0.028972,"26":0.007243,"27":0.014486,"28":0.007243,"29":0.007243,"30":0,"31":0.021729,"32":0.007243,"33":0.014486,"34":0.021729,"35":0.028972,"36":0.007243,"37":0.086916,"38":0.007243,"39":0.007243,"40":0.007243,"41":0.014486,"42":0.007243,"43":0.021729,"44":0,"45":0.021729,"46":0,"47":0.036215,"48":0.021729,"49":0.014486,"50":0.028972,"51":0.043458,"52":0.478038,"53":0.108645,"54":1.694862,"55":0.7243,"56":0.021729,"57":0,"58":0},"opera":{"9":0,"9.5-9.6":0,"10.0-10.1":0.007243,"10.5":0.007243,"10.6":0.021729,"11":0,"11.1":0.007243,"11.5":0,"11.6":0.021729,"12":0.043458,"12.1":0.202804,"15":0.014486,"16":0.007243,"17":0.007243,"18":0.021729,"19":0.007243,"20":0.050701,"21":0.007243,"22":0,"23":0,"24":0,"25":0,"26":0,"27":0.014486,"28":0.152103,"29":0.007243,"30":0.014486,"31":0.014486,"32":0.014486,"33":0.021729,"34":0.028972,"35":0.028972,"36":0.369393,"37":0.028972,"38":0.028972,"39":0.036215,"40":0.021729,"41":0.043458,"42":0.115888,"43":0.115888,"44":0.036215,"45":0.137617,"46":4.309585,"47":4.736922,"48":0.021729,"49":0},"safari":{"3.1":0.007243,"3.2":0,"4":0.021729,"5":0.036215,"5.1":0.028972,"6":0.007243,"6.1":0.007243,"7":0.007243,"7.1":0,"8":0.014486,"9":0.021729,"9.1":0.065187,"10":0.057944,"10.1":0.50701,"11":0.007243,"0":null},"ios_saf":{"3.2":0,"4.0-4.1":0,"4.2-4.3":0,"5.0-5.1":0,"6.0-6.1":0,"7.0-7.1":0.0270538970693,"8":0,"8.1-8.4":0.021900773818,"9.0-9.2":0.284065919228,"9.3":0.205480789646,"10.0-10.2":0.794225121107,"10.3":4.97534049913,"11":null},"android":{"2.1":0,"2.2":0,"2.3":0,"3":0,"4":0,"4.1":0.0761598047079,"4.2-4.3":0.196746162162,"4.4":0.544754158675,"4.4.3-4.4.4":0.395607874455,"56":null},"op_mob":{"10":null,"11":null,"11.1":null,"11.5":null,"12":null,"12.1":null,"0":null},"ie":{"5.5":0,"6":0.00731133018868,"7":0.0146226603774,"8":0.438679811321,"9":0.190094584906,"10":0.204717245283,"11":1.46957736792},"edge":{"12":0.050701,"13":0.79673,"14":0.449066,"15":null,"16":null},"bb":{"7":0.0143364,"10":0.0573456},"samsung":{"4":0,"5":0},"ie_mob":{"10":null,"11":null},"baidu":{"0":null},"and_ff":{"0":0.016542},"and_qq":{"1.2":null},"and_uc":{"0":0.380466},"op_mini":{"0":1.09567014238},"and_chr":{"0":18.127046}},"total":94.8406321424}