{"id":"GF","name":"French Guiana","month":"2017-08","access_date":"2017-09-04","data":{"chrome":{"4":0,"5":0,"6":0,"7":0,"8":0,"9":0,"10":0,"11":0,"12":0.006438,"13":0,"14":0,"15":0,"16":0,"17":0,"18":0,"19":0,"20":0,"21":0,"22":0,"23":0,"24":0,"25":0.006438,"26":0.006438,"27":0,"28":0,"29":0,"30":0,"31":0.025752,"32":0.012876,"33":0,"34":0.019314,"35":0,"36":0.167388,"37":0.012876,"38":0.103008,"39":0.025752,"40":0,"41":0,"42":0.006438,"43":0.038628,"44":0.006438,"45":0.12876,"46":0.057942,"47":0.109446,"48":0.019314,"49":0.882006,"50":1.570872,"51":0.180264,"52":0.006438,"53":0.019314,"54":0.057942,"55":0.19314,"56":0.25752,"57":0.057942,"58":0.630924,"59":6.85647,"60":20.511468,"61":0.057942,"62":0.019314,"63":0},"firefox":{"2":0.006438,"3":0,"3.5":0,"3.6":0,"4":0,"5":0,"6":0,"7":0,"8":0,"9":0,"10":0,"11":0,"12":0,"13":0,"14":0,"15":0,"16":0,"17":0,"18":0,"19":0,"20":0,"21":0,"22":0,"23":0,"24":0,"25":0,"26":0,"27":0,"28":0,"29":0,"30":0,"31":0.006438,"32":0,"33":0.012876,"34":0.006438,"35":0.025752,"36":0.006438,"37":0.006438,"38":0.090132,"39":0,"40":0.006438,"41":0,"42":0,"43":0.03219,"44":0,"45":0.122322,"46":0.006438,"47":0.070818,"48":0.22533,"49":0.09657,"50":0.019314,"51":0.122322,"52":0.457098,"53":0.186702,"54":6.528132,"55":2.96148,"56":0.025752,"57":0,"58":0},"opera":{"9":0,"9.5-9.6":0,"10.0-10.1":0,"10.5":0,"10.6":0,"11":0,"11.1":0,"11.5":0,"11.6":0,"12":0,"12.1":0.006438,"15":0.006438,"16":0,"17":0,"18":0,"19":0,"20":0,"21":0,"22":0,"23":0,"24":0,"25":0,"26":0,"27":0,"28":0,"29":0,"30":0,"31":0,"32":0.006438,"33":0,"34":0,"35":0,"36":0.057942,"37":0,"38":0,"39":0,"40":0,"41":0,"42":0,"43":0,"44":0,"45":0.012876,"46":0.701742,"47":0.360528,"48":0,"49":0},"safari":{"3.1":0,"3.2":0,"4":0,"5":0.006438,"5.1":0.019314,"6":0,"6.1":0.019314,"7":0,"7.1":0,"8":0.03219,"9":0.025752,"9.1":0.366966,"10":0.16095,"10.1":2.96148,"11":0,"0":null},"ios_saf":{"3.2":0,"4.0-4.1":0,"4.2-4.3":0,"5.0-5.1":0,"6.0-6.1":0,"7.0-7.1":0.0396767090779,"8":0,"8.1-8.4":0.0321192406821,"9.0-9.2":0.416605445318,"9.3":0.301354052282,"10.0-10.2":1.1647948165,"10.3":7.29673573614,"11":null},"android":{"2.1":0,"2.2":0,"2.3":0,"3":0,"4":0,"4.1":0.107662158675,"4.2-4.3":0.278127243243,"4.4":0.770083496077,"4.4.3-4.4.4":0.559245102005,"56":null},"op_mob":{"10":null,"11":null,"11.1":null,"11.5":null,"12":null,"12.1":null,"0":null},"ie":{"5.5":0,"6":0.00675446082949,"7":0,"8":0.0337723041475,"9":0.0337723041475,"10":0.114825834101,"11":4.20802909677},"edge":{"12":0.057942,"13":0.16095,"14":1.622376,"15":null,"16":null},"bb":{"7":0.0092612,"10":0.0370448},"samsung":{"4":0,"5":0},"ie_mob":{"10":null,"11":null},"baidu":{"0":null},"and_ff":{"0":0.028496},"and_qq":{"1.2":null},"and_uc":{"0":0.10686},"op_mini":{"0":0.345561178808},"and_chr":{"0":26.970998}},"total":92.5245111788}