{"id":"GG","name":"Guernsey","month":"2017-08","access_date":"2017-09-04","data":{"chrome":{"4":0,"5":0,"6":0,"7":0,"8":0,"9":0,"10":0,"11":0.006431,"12":0,"13":0,"14":0,"15":0,"16":0,"17":0,"18":0,"19":0,"20":0,"21":0,"22":0.012862,"23":0,"24":0,"25":0,"26":0,"27":0,"28":0,"29":0,"30":0,"31":0.012862,"32":0,"33":0,"34":0.06431,"35":0,"36":0.006431,"37":0,"38":0.006431,"39":0,"40":0.006431,"41":0.006431,"42":0,"43":0.012862,"44":0.032155,"45":0.012862,"46":0,"47":0.006431,"48":0.012862,"49":1.176873,"50":0,"51":0.057879,"52":0,"53":0.006431,"54":0.006431,"55":0.045017,"56":0.057879,"57":0.06431,"58":0.212223,"59":5.215541,"60":13.974563,"61":0.057879,"62":0.019293,"63":0},"firefox":{"2":0.006431,"3":0,"3.5":0,"3.6":0,"4":0,"5":0,"6":0,"7":0,"8":0.012862,"9":0,"10":0,"11":0,"12":0,"13":0,"14":0,"15":0,"16":0,"17":0,"18":0,"19":0,"20":0,"21":0.012862,"22":0,"23":0,"24":0.006431,"25":0.006431,"26":0,"27":0,"28":0,"29":0,"30":0.06431,"31":0,"32":0.012862,"33":0,"34":0.025724,"35":0,"36":0.006431,"37":0,"38":0,"39":0,"40":0,"41":0.006431,"42":0.006431,"43":0.006431,"44":0.006431,"45":0.469463,"46":0.006431,"47":0.051448,"48":0.199361,"49":0.006431,"50":0.032155,"51":0.012862,"52":0.154344,"53":0.045017,"54":2.578831,"55":1.421251,"56":0.668824,"57":0.012862,"58":0},"opera":{"9":0,"9.5-9.6":0,"10.0-10.1":0,"10.5":0,"10.6":0,"11":0,"11.1":0,"11.5":0,"11.6":0,"12":0,"12.1":0.006431,"15":0,"16":0,"17":0,"18":0,"19":0,"20":0,"21":0,"22":0,"23":0,"24":0,"25":0,"26":0,"27":0,"28":0,"29":0,"30":0,"31":0,"32":0.006431,"33":0,"34":0,"35":0,"36":0,"37":0,"38":0,"39":0,"40":0,"41":0,"42":0,"43":0,"44":0,"45":0,"46":0.199361,"47":0.135051,"48":0,"49":0},"safari":{"3.1":0,"3.2":0,"4":0,"5":0.057879,"5.1":0.06431,"6":0,"6.1":0.154344,"7":0.006431,"7.1":0,"8":0.06431,"9":0.147913,"9.1":0.533773,"10":0.482325,"10.1":3.845738,"11":0.006431,"0":null},"ios_saf":{"3.2":0,"4.0-4.1":0,"4.2-4.3":0,"5.0-5.1":0,"6.0-6.1":0,"7.0-7.1":0.168264862044,"8":0,"8.1-8.4":0.136214412131,"9.0-9.2":1.76678105147,"9.3":1.27801169029,"10.0-10.2":4.93977559287,"10.3":30.9447093912,"11":null},"android":{"2.1":0,"2.2":0,"2.3":0,"3":0,"4":0,"4.1":0.14749648823,"4.2-4.3":0.381032594595,"4.4":1.05500960331,"4.4.3-4.4.4":0.766162313862,"56":null},"op_mob":{"10":null,"11":null,"11.1":null,"11.5":null,"12":null,"12.1":null,"0":null},"ie":{"5.5":0,"6":0,"7":0.006431,"8":0.038586,"9":0.411584,"10":0.025724,"11":6.977635},"edge":{"12":0.06431,"13":0.225085,"14":1.112563,"15":null,"16":null},"bb":{"7":0.003569,"10":0.014276},"samsung":{"4":0,"5":0},"ie_mob":{"10":null,"11":null},"baidu":{"0":null},"and_ff":{"0":0.024983},"and_qq":{"1.2":null},"and_uc":{"0":0.021414},"op_mini":{"0":0.0151859768212},"and_chr":{"0":10.458795}},"total":93.6273549768}