{"id":"GH","name":"Ghana","month":"2017-08","access_date":"2017-09-04","data":{"chrome":{"4":0,"5":0,"6":0,"7":0,"8":0,"9":0,"10":0.002674,"11":0.034762,"12":0,"13":0,"14":0.002674,"15":0,"16":0.002674,"17":0.002674,"18":0.002674,"19":0.008022,"20":0.002674,"21":0.002674,"22":0.002674,"23":0.008022,"24":0.005348,"25":0.010696,"26":0.002674,"27":0.01337,"28":0.005348,"29":0.008022,"30":0.008022,"31":0.032088,"32":0.016044,"33":0.032088,"34":0.002674,"35":0.018718,"36":0.010696,"37":0.010696,"38":0.005348,"39":0.008022,"40":0.010696,"41":0.024066,"42":0.005348,"43":0.125678,"44":0.008022,"45":0.021392,"46":0.010696,"47":0.021392,"48":0.029414,"49":0.58828,"50":0.037436,"51":0.069524,"52":0.010696,"53":0.02674,"54":0.018718,"55":0.342272,"56":0.074872,"57":0.077546,"58":0.18718,"59":2.52693,"60":7.051338,"61":0.082894,"62":0.056154,"63":0},"firefox":{"2":0.002674,"3":0.016044,"3.5":0.002674,"3.6":0.005348,"4":0.008022,"5":0.005348,"6":0.008022,"7":0.008022,"8":0.002674,"9":0.005348,"10":0.010696,"11":0.010696,"12":0.01337,"13":0.008022,"14":0.010696,"15":0.010696,"16":0.008022,"17":0.008022,"18":0.010696,"19":0.008022,"20":0.01337,"21":0.024066,"22":0.008022,"23":0.010696,"24":0.008022,"25":0.01337,"26":0.010696,"27":0.016044,"28":0.018718,"29":0.037436,"30":0.032088,"31":0.02674,"32":0.01337,"33":0.018718,"34":0.02674,"35":0.024066,"36":0.02674,"37":0.058828,"38":0.048132,"39":0.032088,"40":0.074872,"41":0.045458,"42":0.045458,"43":0.176484,"44":0.141722,"45":0.08022,"46":0.069524,"47":0.270074,"48":0.179158,"49":0.123004,"50":0.104286,"51":0.09359,"52":0.34762,"53":0.18718,"54":3.26228,"55":1.422568,"56":0.331576,"57":0.008022,"58":0},"opera":{"9":0,"9.5-9.6":0,"10.0-10.1":0,"10.5":0,"10.6":0.002674,"11":0.002674,"11.1":0,"11.5":0.002674,"11.6":0.010696,"12":0.008022,"12.1":0.018718,"15":0.005348,"16":0.002674,"17":0.002674,"18":0.002674,"19":0.002674,"20":0.005348,"21":0.002674,"22":0.002674,"23":0,"24":0,"25":0,"26":0.002674,"27":0.002674,"28":0.032088,"29":0.002674,"30":0.002674,"31":0.002674,"32":0.002674,"33":0.005348,"34":0.005348,"35":0.008022,"36":0.02674,"37":0.02674,"38":0.002674,"39":0.002674,"40":0.016044,"41":0.002674,"42":0.034762,"43":0.008022,"44":0.005348,"45":0.024066,"46":0.56154,"47":0.483994,"48":0.005348,"49":0},"safari":{"3.1":0,"3.2":0,"4":0.002674,"5":0.005348,"5.1":0.010696,"6":0.005348,"6.1":0.010696,"7":0.005348,"7.1":0.005348,"8":0.016044,"9":0.037436,"9.1":0.048132,"10":0.09359,"10.1":0.363664,"11":0.002674,"0":null},"ios_saf":{"3.2":0,"4.0-4.1":0,"4.2-4.3":0,"5.0-5.1":0,"6.0-6.1":0,"7.0-7.1":0.0176366032881,"8":0,"8.1-8.4":0.0142772502808,"9.0-9.2":0.185184334525,"9.3":0.133954201164,"10.0-10.2":0.517760282242,"10.3":3.2434553285,"11":null},"android":{"2.1":0,"2.2":0,"2.3":0,"3":0,"4":0,"4.1":0.212678960767,"4.2-4.3":0.549420648649,"4.4":1.52124534438,"4.4.3-4.4.4":1.10474904621,"56":null},"op_mob":{"10":null,"11":null,"11.1":null,"11.5":null,"12":null,"12.1":null,"0":null},"ie":{"5.5":0,"6":0.00270265,"7":0,"8":0.1351325,"9":0.0378371,"10":0.0648636,"11":0.51620615},"edge":{"12":0.144396,"13":0.114982,"14":0.208572,"15":null,"16":null},"bb":{"7":0.0380952,"10":0.1523808},"samsung":{"4":0,"5":0},"ie_mob":{"10":null,"11":null},"baidu":{"0":null},"and_ff":{"0":0.058608},"and_qq":{"1.2":null},"and_uc":{"0":9.81684},"op_mini":{"0":29.2454647748},"and_chr":{"0":19.45819}},"total":88.7048007748}