{"id":"GI","name":"Gibraltar","month":"2017-08","access_date":"2017-09-04","data":{"chrome":{"4":0,"5":0,"6":0,"7":0,"8":0,"9":0,"10":0,"11":0,"12":0,"13":0,"14":0,"15":0,"16":0,"17":0,"18":0,"19":0,"20":0.21117,"21":0.007039,"22":0.014078,"23":0,"24":0,"25":0,"26":0,"27":0,"28":0,"29":2.273597,"30":0,"31":0.007039,"32":0.007039,"33":0,"34":0.014078,"35":0.007039,"36":0.014078,"37":0,"38":0.028156,"39":0,"40":0,"41":0.112624,"42":0.007039,"43":0.077429,"44":0,"45":0.007039,"46":0.007039,"47":0.028156,"48":0.014078,"49":1.027694,"50":0.049273,"51":0.527925,"52":0.007039,"53":0.056312,"54":0.56312,"55":0.323794,"56":1.400761,"57":0.232287,"58":0.358989,"59":7.419106,"60":22.80636,"61":0.133741,"62":0.021117,"63":0},"firefox":{"2":0,"3":0,"3.5":0,"3.6":0.035195,"4":0,"5":0,"6":0,"7":0,"8":0,"9":0,"10":0,"11":0,"12":0,"13":0,"14":0,"15":0,"16":0,"17":0,"18":0,"19":0,"20":0,"21":0,"22":0,"23":0,"24":0,"25":0,"26":0,"27":0,"28":0,"29":0,"30":0,"31":0,"32":0,"33":0.049273,"34":0.007039,"35":0,"36":0.063351,"37":0.007039,"38":0,"39":0,"40":0.007039,"41":0,"42":0,"43":0,"44":0,"45":0.021117,"46":0.014078,"47":0.014078,"48":0.077429,"49":0.028156,"50":0.056312,"51":0.063351,"52":0.161897,"53":0.014078,"54":3.498383,"55":1.520424,"56":0.042234,"57":0,"58":0},"opera":{"9":0,"9.5-9.6":0,"10.0-10.1":0,"10.5":0,"10.6":0,"11":0,"11.1":0,"11.5":0,"11.6":0,"12":0,"12.1":0.007039,"15":0,"16":0,"17":0,"18":0,"19":0,"20":0,"21":0,"22":0,"23":0,"24":0,"25":0,"26":0,"27":0,"28":0,"29":0,"30":0,"31":0,"32":0,"33":0,"34":0,"35":0,"36":0,"37":0.007039,"38":0,"39":0,"40":0,"41":0,"42":0,"43":0,"44":0,"45":0.007039,"46":0.464574,"47":0.232287,"48":0,"49":0},"safari":{"3.1":0,"3.2":0,"4":0,"5":0.042234,"5.1":0.014078,"6":0,"6.1":0.007039,"7":0.007039,"7.1":0,"8":0.091507,"9":0.056312,"9.1":0.471613,"10":0.394184,"10.1":2.695937,"11":0.014078,"0":null},"ios_saf":{"3.2":0,"4.0-4.1":0,"4.2-4.3":0,"5.0-5.1":0,"6.0-6.1":0,"7.0-7.1":0.10528564975,"8":0,"8.1-8.4":0.0852312402737,"9.0-9.2":1.10549932237,"9.3":0.799669577862,"10.0-10.2":3.09088586051,"10.3":19.3625323492,"11":null},"android":{"2.1":0,"2.2":0,"2.3":0,"3":0,"4":0,"4.1":0.0535324707934,"4.2-4.3":0.138292216216,"4.4":0.38290586748,"4.4.3-4.4.4":0.27807144551,"56":null},"op_mob":{"10":null,"11":null,"11.1":null,"11.5":null,"12":null,"12.1":null,"0":null},"ie":{"5.5":0,"6":0,"7":0,"8":2.991575,"9":0.014078,"10":0.07039,"11":3.934801},"edge":{"12":0.323794,"13":0.119663,"14":0.950265,"15":null,"16":null},"bb":{"7":0.0053298,"10":0.0213192},"samsung":{"4":0,"5":0},"ie_mob":{"10":null,"11":null},"baidu":{"0":null},"and_ff":{"0":0.014805},"and_qq":{"1.2":null},"and_uc":{"0":0.115479},"op_mini":{"0":0.0151187483444},"and_chr":{"0":11.590823}},"total":93.5260537483}