{"id":"GL","name":"Greenland","month":"2017-08","access_date":"2017-09-04","data":{"chrome":{"4":0,"5":0,"6":0,"7":0,"8":0,"9":0,"10":0,"11":0,"12":0,"13":0,"14":0,"15":0,"16":0,"17":0,"18":0,"19":0,"20":0,"21":0,"22":0,"23":0,"24":0,"25":0,"26":0,"27":0,"28":0,"29":0.004833,"30":0,"31":0,"32":0,"33":0,"34":0.19332,"35":0.004833,"36":0,"37":0,"38":0.004833,"39":0,"40":0.004833,"41":0,"42":0,"43":0.004833,"44":0,"45":0,"46":0,"47":0,"48":0.004833,"49":0.454302,"50":0.004833,"51":0.009666,"52":0.004833,"53":0.019332,"54":0,"55":0.091827,"56":0.024165,"57":0.19332,"58":0.04833,"59":2.986794,"60":13.111929,"61":0.028998,"62":0.004833,"63":0},"firefox":{"2":0,"3":0.043497,"3.5":0,"3.6":0.004833,"4":0,"5":0,"6":0,"7":0,"8":0,"9":0,"10":0,"11":0,"12":0,"13":0,"14":0,"15":0,"16":0,"17":0,"18":0,"19":0,"20":0,"21":0,"22":0,"23":0,"24":0,"25":0,"26":0,"27":0,"28":0,"29":0,"30":0.004833,"31":0,"32":0,"33":0.009666,"34":0,"35":0,"36":0,"37":0,"38":0,"39":0,"40":0,"41":0,"42":0,"43":0,"44":0,"45":0.004833,"46":0,"47":0.024165,"48":0.086994,"49":0.019332,"50":0,"51":0.009666,"52":0.169155,"53":0.04833,"54":2.334339,"55":1.184085,"56":0,"57":0.004833,"58":0},"opera":{"9":0,"9.5-9.6":0,"10.0-10.1":0,"10.5":0,"10.6":0,"11":0,"11.1":0,"11.5":0,"11.6":0,"12":0,"12.1":0.019332,"15":0,"16":0,"17":0,"18":0,"19":0,"20":0,"21":0,"22":0,"23":0,"24":0,"25":0,"26":0,"27":0,"28":0,"29":0,"30":0,"31":0,"32":0,"33":0,"34":0,"35":0,"36":0,"37":0,"38":0,"39":0,"40":0,"41":0,"42":0.009666,"43":0,"44":0,"45":0,"46":0.212652,"47":0.236817,"48":0,"49":0},"safari":{"3.1":0,"3.2":0,"4":0,"5":0,"5.1":0.033831,"6":0,"6.1":0.043497,"7":0.004833,"7.1":0,"8":0.04833,"9":0.028998,"9.1":0.444636,"10":0.323811,"10.1":4.876497,"11":0.004833,"0":null},"ios_saf":{"3.2":0,"4.0-4.1":0,"4.2-4.3":0,"5.0-5.1":0,"6.0-6.1":0,"7.0-7.1":0.0861899356683,"8":0,"8.1-8.4":0.0697728050648,"9.0-9.2":0.904994324518,"9.3":0.654633082814,"10.0-10.2":2.53029025426,"10.3":15.8507395977,"11":null},"android":{"2.1":0,"2.2":0,"2.3":0,"3":0,"4":0,"4.1":0.0305821726242,"4.2-4.3":0.0790039459459,"4.4":0.218747484743,"4.4.3-4.4.4":0.158857396687,"56":null},"op_mob":{"10":null,"11":null,"11.1":null,"11.5":null,"12":null,"12.1":null,"0":null},"ie":{"5.5":0,"6":0,"7":0,"8":0.028998,"9":0.106326,"10":0.057996,"11":7.138341},"edge":{"12":0.028998,"13":0.169155,"14":0.9666,"15":null,"16":null},"bb":{"7":0,"10":0},"samsung":{"4":0,"5":0},"ie_mob":{"10":null,"11":null},"baidu":{"0":null},"and_ff":{"0":0.015501},"and_qq":{"1.2":null},"and_uc":{"0":12.395633},"op_mini":{"0":2.82732422848},"and_chr":{"0":14.365536}},"total":86.1259932285}