{"id":"GM","name":"Gambia","month":"2017-08","access_date":"2017-09-04","data":{"chrome":{"4":0.007695,"5":0,"6":0,"7":0,"8":0,"9":0.002565,"10":0,"11":0.0513,"12":0,"13":0.11799,"14":0.00513,"15":0.002565,"16":0,"17":0.002565,"18":0,"19":0,"20":0.007695,"21":0.00513,"22":0.007695,"23":0.017955,"24":0,"25":0.02052,"26":0.01026,"27":0.023085,"28":0.01026,"29":0.01026,"30":0.00513,"31":0.01539,"32":0.023085,"33":0.012825,"34":0.064125,"35":0.017955,"36":0.03591,"37":0.012825,"38":0.023085,"39":0.02565,"40":0.002565,"41":0.13851,"42":0.00513,"43":0.03078,"44":0.007695,"45":0.012825,"46":0.007695,"47":0.012825,"48":0.00513,"49":0.2052,"50":0.017955,"51":0.012825,"52":0.01539,"53":0.017955,"54":0.012825,"55":0.941355,"56":0.017955,"57":0.04617,"58":0.058995,"59":2.30337,"60":6.789555,"61":0.094905,"62":0.058995,"63":0},"firefox":{"2":0.012825,"3":0.094905,"3.5":0.002565,"3.6":0.01026,"4":0,"5":0,"6":0.002565,"7":0.00513,"8":0.007695,"9":0.002565,"10":0,"11":0.012825,"12":0.007695,"13":0.012825,"14":0.002565,"15":0.04104,"16":0,"17":0.007695,"18":0.002565,"19":0.02052,"20":0.007695,"21":0.074385,"22":0.01026,"23":0.01539,"24":0.01539,"25":0.023085,"26":0.00513,"27":0.01026,"28":0.012825,"29":0.259065,"30":0.002565,"31":0.017955,"32":0.002565,"33":0.007695,"34":0.012825,"35":0.028215,"36":0.04617,"37":0.23598,"38":0.02565,"39":0.017955,"40":0.03591,"41":0.01539,"42":0.00513,"43":0.07182,"44":0.12825,"45":0.03591,"46":0.06156,"47":0.13851,"48":0.09234,"49":0.038475,"50":0.02565,"51":0.01539,"52":0.38475,"53":0.08721,"54":2.798415,"55":1.654425,"56":0.45657,"57":0.007695,"58":0},"opera":{"9":0,"9.5-9.6":0.002565,"10.0-10.1":0,"10.5":0,"10.6":0,"11":0,"11.1":0.002565,"11.5":0.002565,"11.6":0.01026,"12":0.012825,"12.1":0.033345,"15":0,"16":0,"17":0,"18":0,"19":0,"20":0,"21":0,"22":0,"23":0,"24":0,"25":0,"26":0.00513,"27":0,"28":0.151335,"29":0.00513,"30":0,"31":0,"32":0,"33":0,"34":0,"35":0,"36":0.038475,"37":0.002565,"38":0.002565,"39":0,"40":0.00513,"41":0.002565,"42":0.01026,"43":0,"44":0.002565,"45":0.017955,"46":0.500175,"47":0.597645,"48":0,"49":0},"safari":{"3.1":0.002565,"3.2":0.002565,"4":0.012825,"5":0.01026,"5.1":0.02052,"6":0,"6.1":0.03078,"7":0.02565,"7.1":0.00513,"8":0.002565,"9":0.00513,"9.1":0.084645,"10":0.01539,"10.1":0.325755,"11":0,"0":null},"ios_saf":{"3.2":0,"4.0-4.1":0,"4.2-4.3":0,"5.0-5.1":0,"6.0-6.1":0,"7.0-7.1":0.0231068406004,"8":0,"8.1-8.4":0.0187055376289,"9.0-9.2":0.242621826305,"9.3":0.175501955989,"10.0-10.2":0.678350820484,"10.3":4.24945801899,"11":null},"android":{"2.1":0,"2.2":0,"2.3":0,"3":0,"4":0,"4.1":0.517366451613,"4.2-4.3":1.33653,"4.4":3.70060725806,"4.4.3-4.4.4":2.68743129032,"56":null},"op_mob":{"10":null,"11":null,"11.1":null,"11.5":null,"12":null,"12.1":null,"0":null},"ie":{"5.5":0,"6":0.00513,"7":0.00513,"8":0.08721,"9":0.05643,"10":0.0513,"11":0.72333},"edge":{"12":0.120555,"13":0.08208,"14":0.24624,"15":null,"16":null},"bb":{"7":0.032714,"10":0.130856},"samsung":{"4":0,"5":0},"ie_mob":{"10":null,"11":null},"baidu":{"0":null},"and_ff":{"0":0.05948},"and_qq":{"1.2":null},"and_uc":{"0":11.323505},"op_mini":{"0":16.4568801159},"and_chr":{"0":26.57954}},"total":90.0254151159}