{"id":"GN","name":"Guinea","month":"2017-08","access_date":"2017-09-04","data":{"chrome":{"4":0,"5":0,"6":0.000735,"7":0,"8":0,"9":0,"10":0,"11":0.018375,"12":0.000735,"13":0,"14":0.000735,"15":0,"16":0.003675,"17":0,"18":0.006615,"19":0.000735,"20":0,"21":0.00147,"22":0.000735,"23":0.00294,"24":0,"25":0.013965,"26":0.00294,"27":0.00294,"28":0.006615,"29":0.008085,"30":0.00147,"31":0.00441,"32":0.006615,"33":0.01764,"34":0.00147,"35":0.003675,"36":0.008085,"37":0.002205,"38":0.00147,"39":0.000735,"40":0.005145,"41":0.021315,"42":0.00588,"43":0.063945,"44":0.01029,"45":0.069825,"46":0.00294,"47":0.011025,"48":0.002205,"49":0.099225,"50":0.006615,"51":0.01764,"52":0.00147,"53":0.00588,"54":0.00294,"55":0.15435,"56":0.025725,"57":0.006615,"58":0.021315,"59":0.534345,"60":1.448685,"61":0.00441,"62":0.003675,"63":0},"firefox":{"2":0.002205,"3":0.028665,"3.5":0,"3.6":0.00441,"4":0.00147,"5":0.000735,"6":0.00147,"7":0.000735,"8":0.00147,"9":0.002205,"10":0.002205,"11":0.000735,"12":0.003675,"13":0.000735,"14":0.00588,"15":0.000735,"16":0.00735,"17":0.006615,"18":0.00147,"19":0.00882,"20":0.005145,"21":0.015435,"22":0.009555,"23":0.003675,"24":0.00735,"25":0.00735,"26":0.000735,"27":0.00294,"28":0.002205,"29":0.006615,"30":0.011025,"31":0.00588,"32":0.00735,"33":0.005145,"34":0.005145,"35":0.008085,"36":0.006615,"37":0.037485,"38":0.02646,"39":0.006615,"40":0.011025,"41":0.011025,"42":0.003675,"43":0.031605,"44":0.006615,"45":0.015435,"46":0.00588,"47":0.080115,"48":0.038955,"49":0.015435,"50":0.01911,"51":0.00735,"52":0.08673,"53":0.015435,"54":0.97167,"55":0.28959,"56":0.009555,"57":0,"58":0},"opera":{"9":0,"9.5-9.6":0,"10.0-10.1":0,"10.5":0,"10.6":0,"11":0.002205,"11.1":0,"11.5":0,"11.6":0.000735,"12":0.00147,"12.1":0.006615,"15":0,"16":0.000735,"17":0.000735,"18":0.00147,"19":0.000735,"20":0.00147,"21":0.000735,"22":0,"23":0,"24":0,"25":0.000735,"26":0.000735,"27":0,"28":0.01911,"29":0.00147,"30":0.000735,"31":0.000735,"32":0,"33":0.002205,"34":0.00147,"35":0.000735,"36":0.006615,"37":0.003675,"38":0.00147,"39":0.000735,"40":0,"41":0,"42":0.005145,"43":0.000735,"44":0,"45":0.00441,"46":0.150675,"47":0.11613,"48":0,"49":0},"safari":{"3.1":0,"3.2":0,"4":0,"5":0.00441,"5.1":0.00294,"6":0,"6.1":0,"7":0.00147,"7.1":0.000735,"8":0.00882,"9":0.00294,"9.1":0.053655,"10":0.025725,"10.1":0.106575,"11":0,"0":null},"ios_saf":{"3.2":0,"4.0-4.1":0,"4.2-4.3":0,"5.0-5.1":0,"6.0-6.1":0,"7.0-7.1":0.00737967834167,"8":0,"8.1-8.4":0.00597402532421,"9.0-9.2":0.0774866225876,"9.3":0.0560504140713,"10.0-10.2":0.216646271316,"10.3":1.35715798836,"11":null},"android":{"2.1":0,"2.2":0,"2.3":0,"3":0,"4":0,"4.1":0.373035640802,"4.2-4.3":0.963675405405,"4.4":2.66824104185,"4.4.3-4.4.4":1.93771291194,"56":null},"op_mob":{"10":null,"11":null,"11.1":null,"11.5":null,"12":null,"12.1":null,"0":null},"ie":{"5.5":0,"6":0,"7":0.00147715909091,"8":0.0553934659091,"9":0.0118172727273,"10":0.0472690909091,"11":0.339008011364},"edge":{"12":0.049245,"13":0.021315,"14":0.11907,"15":null,"16":null},"bb":{"7":0.003706,"10":0.014824},"samsung":{"4":0,"5":0},"ie_mob":{"10":null,"11":null},"baidu":{"0":null},"and_ff":{"0":0.11118},"and_qq":{"1.2":null},"and_uc":{"0":2.918475},"op_mini":{"0":20.9411088742},"and_chr":{"0":56.81545}},"total":94.1805238742}