{"id":"GP","name":"Guadeloupe","month":"2017-08","access_date":"2017-09-04","data":{"chrome":{"4":0,"5":0,"6":0,"7":0,"8":0,"9":0,"10":0,"11":0.012046,"12":0,"13":0,"14":0.006023,"15":0,"16":0,"17":0,"18":0,"19":0,"20":0,"21":0,"22":0.138529,"23":0,"24":0,"25":0,"26":0,"27":0,"28":0,"29":0.006023,"30":0,"31":0,"32":0,"33":0.006023,"34":0.006023,"35":0.006023,"36":0,"37":0.006023,"38":0.006023,"39":0.006023,"40":0.018069,"41":0,"42":0,"43":0.018069,"44":0.012046,"45":0.006023,"46":0.012046,"47":0.012046,"48":0.006023,"49":0.584231,"50":0.018069,"51":0.06023,"52":0.096368,"53":0.018069,"54":0.036138,"55":0.252966,"56":0.066253,"57":0.084322,"58":0.355357,"59":6.306081,"60":18.888128,"61":0.030115,"62":0.018069,"63":0},"firefox":{"2":0.012046,"3":0.006023,"3.5":0,"3.6":0.006023,"4":0,"5":0,"6":0,"7":0,"8":0,"9":0,"10":0,"11":0,"12":0,"13":0,"14":0,"15":0,"16":0,"17":0,"18":0,"19":0,"20":0,"21":0,"22":0,"23":0,"24":0.006023,"25":0.006023,"26":0,"27":0,"28":0,"29":0,"30":0,"31":0,"32":0,"33":0,"34":0,"35":0,"36":0.006023,"37":0.006023,"38":0.024092,"39":0.012046,"40":0.018069,"41":0,"42":0.006023,"43":0.018069,"44":0,"45":0.036138,"46":0.030115,"47":0.024092,"48":0.981749,"49":0.072276,"50":0.048184,"51":0.024092,"52":0.457748,"53":0.090345,"54":4.167916,"55":2.029751,"56":0.012046,"57":0.006023,"58":0},"opera":{"9":0,"9.5-9.6":0,"10.0-10.1":0,"10.5":0,"10.6":0,"11":0,"11.1":0,"11.5":0,"11.6":0,"12":0,"12.1":0.006023,"15":0,"16":0,"17":0,"18":0,"19":0,"20":0,"21":0,"22":0,"23":0,"24":0,"25":0,"26":0,"27":0,"28":0,"29":0,"30":0,"31":0,"32":0,"33":0,"34":0,"35":0,"36":0.006023,"37":0.006023,"38":0,"39":0,"40":0,"41":0,"42":0,"43":0,"44":0.006023,"45":0,"46":0.367403,"47":0.258989,"48":0,"49":0},"safari":{"3.1":0,"3.2":0,"4":0.006023,"5":0.012046,"5.1":0.078299,"6":0,"6.1":0.054207,"7":0.078299,"7.1":0,"8":0.066253,"9":0.174667,"9.1":0.873335,"10":0.96368,"10.1":3.631869,"11":0.006023,"0":null},"ios_saf":{"3.2":0,"4.0-4.1":0,"4.2-4.3":0,"5.0-5.1":0,"6.0-6.1":0,"7.0-7.1":0.0636722959257,"8":0,"8.1-8.4":0.0515442395589,"9.0-9.2":0.668559107219,"9.3":0.483606247626,"10.0-10.2":1.86923668753,"10.3":11.7096384221,"11":null},"android":{"2.1":0,"2.2":0,"2.3":0,"3":0,"4":0,"4.1":0.129311246731,"4.2-4.3":0.334054054054,"4.4":0.924934612031,"4.4.3-4.4.4":0.671700087184,"56":null},"op_mob":{"10":null,"11":null,"11.1":null,"11.5":null,"12":null,"12.1":null,"0":null},"ie":{"5.5":0,"6":0,"7":0.00608587056367,"8":0.0912880584551,"9":0.0426010939457,"10":0.127803281837,"11":2.6473536952},"edge":{"12":0.108414,"13":0.367403,"14":2.336924,"15":null,"16":null},"bb":{"7":0.0047724,"10":0.0190896},"samsung":{"4":0,"5":0},"ie_mob":{"10":null,"11":null},"baidu":{"0":null},"and_ff":{"0":0.055678},"and_qq":{"1.2":null},"and_uc":{"0":0.063632},"op_mini":{"0":0.0744568145695},"and_chr":{"0":27.370213}},"total":92.0215918146}