{"id":"GQ","name":"Equatorial Guinea","month":"2017-08","access_date":"2017-09-04","data":{"chrome":{"4":0.025848,"5":0,"6":0,"7":0,"8":0,"9":0,"10":0,"11":0.016155,"12":0.03231,"13":0.006462,"14":0,"15":0,"16":0,"17":0,"18":0.006462,"19":0,"20":0.012924,"21":0.003231,"22":0,"23":0,"24":0,"25":0.019386,"26":0,"27":0.045234,"28":0.087237,"29":0.022617,"30":0.012924,"31":0.019386,"32":0.038772,"33":0.006462,"34":0.054927,"35":0.029079,"36":0.019386,"37":0.025848,"38":0.006462,"39":0,"40":0,"41":0.213246,"42":0,"43":0.038772,"44":0.003231,"45":0.119547,"46":0.006462,"47":0.019386,"48":0.109854,"49":0.264942,"50":0.168012,"51":0.019386,"52":0.025848,"53":0.016155,"54":0.058158,"55":0.245556,"56":0.080775,"57":0.074313,"58":0.310176,"59":3.285927,"60":8.98218,"61":0.012924,"62":0.022617,"63":0},"firefox":{"2":0,"3":0.264942,"3.5":0,"3.6":0.045234,"4":0.006462,"5":0,"6":0,"7":0,"8":0.006462,"9":0,"10":0.009693,"11":0.019386,"12":0,"13":0,"14":0.009693,"15":0.003231,"16":0,"17":0.006462,"18":0,"19":0.006462,"20":0,"21":0.103392,"22":0.009693,"23":0.03231,"24":0.045234,"25":0.025848,"26":0.012924,"27":0.012924,"28":0.009693,"29":0.025848,"30":1.793205,"31":0.06462,"32":0.025848,"33":0.051696,"34":0.080775,"35":0.119547,"36":0.029079,"37":0.106623,"38":0.054927,"39":0.006462,"40":0.061389,"41":0.016155,"42":0.003231,"43":0.400644,"44":0.09693,"45":0.035541,"46":0.019386,"47":0.184167,"48":0.042003,"49":0.122778,"50":0.410337,"51":0.113085,"52":0.216477,"53":0.171243,"54":2.840049,"55":0.991917,"56":0.009693,"57":0.003231,"58":0},"opera":{"9":0,"9.5-9.6":0,"10.0-10.1":0,"10.5":0,"10.6":0,"11":0,"11.1":0,"11.5":0,"11.6":0.006462,"12":0.012924,"12.1":0.038772,"15":0,"16":0,"17":0,"18":0.003231,"19":0,"20":0,"21":0,"22":0,"23":0,"24":0.003231,"25":0,"26":0,"27":0,"28":0.184167,"29":0.003231,"30":0.003231,"31":0,"32":0,"33":0,"34":0.003231,"35":0.009693,"36":0.003231,"37":0,"38":0,"39":0,"40":0,"41":0,"42":0.006462,"43":0.074313,"44":0.003231,"45":0.009693,"46":0.529884,"47":0.384489,"48":0.003231,"49":0.006462},"safari":{"3.1":0,"3.2":0,"4":0,"5":0.025848,"5.1":0.016155,"6":0.061389,"6.1":0,"7":0.006462,"7.1":0,"8":0.006462,"9":0.003231,"9.1":0.054927,"10":0.045234,"10.1":0.219708,"11":0,"0":null},"ios_saf":{"3.2":0,"4.0-4.1":0,"4.2-4.3":0,"5.0-5.1":0,"6.0-6.1":0,"7.0-7.1":0.00847252751966,"8":0,"8.1-8.4":0.00685871275401,"9.0-9.2":0.0889615389564,"9.3":0.0643508637803,"10.0-10.2":0.248729200756,"10.3":1.55813815623,"11":null},"android":{"2.1":0,"2.2":0,"2.3":0,"3":0,"4":0,"4.1":0.490983002616,"4.2-4.3":1.26837275676,"4.4":3.51189231037,"4.4.3-4.4.4":2.55038393025,"56":null},"op_mob":{"10":null,"11":null,"11.1":null,"11.5":null,"12":null,"12.1":null,"0":null},"ie":{"5.5":0,"6":0,"7":0,"8":0.218143632164,"9":0.306052260051,"10":0.280005259196,"11":3.00191684859},"edge":{"12":0.132471,"13":0.148626,"14":0.164781,"15":null,"16":null},"bb":{"7":0.013538,"10":0.054152},"samsung":{"4":0,"5":0},"ie_mob":{"10":null,"11":null},"baidu":{"0":null},"and_ff":{"0":0.074459},"and_qq":{"1.2":null},"and_uc":{"0":15.582238},"op_mini":{"0":11.106001404},"and_chr":{"0":26.991646}},"total":92.895268404}