{"id":"GR","name":"Greece","month":"2017-08","access_date":"2017-09-04","data":{"chrome":{"4":0,"5":0,"6":0,"7":0,"8":0,"9":0.007226,"10":0,"11":0.14452,"12":0,"13":0,"14":0,"15":0.007226,"16":0.115616,"17":0,"18":0.007226,"19":0,"20":0,"21":0,"22":0.122842,"23":0.014452,"24":0,"25":0,"26":0.050582,"27":0.007226,"28":0,"29":0.021678,"30":0.03613,"31":0.021678,"32":0.007226,"33":0.007226,"34":0.10839,"35":0.021678,"36":0.050582,"37":0.007226,"38":0.050582,"39":0.021678,"40":0.021678,"41":0,"42":0.007226,"43":0.057808,"44":0.065034,"45":0.007226,"46":0.021678,"47":0.093938,"48":0.093938,"49":4.494572,"50":0.079486,"51":0.057808,"52":0.021678,"53":0.195102,"54":0.079486,"55":0.130068,"56":0.130068,"57":0.122842,"58":0.332396,"59":8.187058,"60":27.140856,"61":0.093938,"62":0.043356,"63":0},"firefox":{"2":0,"3":0.043356,"3.5":0,"3.6":0.07226,"4":0.115616,"5":0.115616,"6":0.115616,"7":0,"8":0,"9":0,"10":0.014452,"11":0.007226,"12":0.086712,"13":0,"14":0,"15":0,"16":0.007226,"17":0,"18":0,"19":0,"20":0.007226,"21":0,"22":0,"23":0.007226,"24":0.007226,"25":0.007226,"26":0,"27":0,"28":0,"29":0.007226,"30":0.007226,"31":0.007226,"32":0.007226,"33":0.007226,"34":0.007226,"35":0.007226,"36":0.007226,"37":0.007226,"38":0.021678,"39":0.014452,"40":0.014452,"41":0.007226,"42":0.014452,"43":0.043356,"44":0.014452,"45":0.043356,"46":0.014452,"47":0.093938,"48":0.158972,"49":0.07226,"50":0.065034,"51":0.07226,"52":1.813726,"53":0.115616,"54":7.392198,"55":2.977112,"56":0.03613,"57":0.007226,"58":0},"opera":{"9":0,"9.5-9.6":0.007226,"10.0-10.1":0,"10.5":0,"10.6":0,"11":0,"11.1":0,"11.5":0,"11.6":0.007226,"12":0.187876,"12.1":0.065034,"15":0,"16":0,"17":0,"18":0,"19":0,"20":0,"21":0,"22":0,"23":0,"24":0,"25":0,"26":0.028904,"27":0,"28":0,"29":0.007226,"30":0,"31":0.07226,"32":0,"33":0,"34":0,"35":0.007226,"36":0.130068,"37":0.007226,"38":0,"39":0,"40":0,"41":0,"42":0.007226,"43":0.007226,"44":0,"45":0.007226,"46":0.57808,"47":0.621436,"48":0.007226,"49":0},"safari":{"3.1":0,"3.2":0,"4":0.007226,"5":0.079486,"5.1":0.137294,"6":0,"6.1":0.014452,"7":0.007226,"7.1":0.007226,"8":0.021678,"9":0.021678,"9.1":0.137294,"10":0.065034,"10.1":0.635888,"11":0,"0":null},"ios_saf":{"3.2":0,"4.0-4.1":0,"4.2-4.3":0,"5.0-5.1":0,"6.0-6.1":0,"7.0-7.1":0.0250323345247,"8":0,"8.1-8.4":0.0202642708057,"9.0-9.2":0.262839512509,"9.3":0.190126540794,"10.0-10.2":0.734877820688,"10.3":4.60356552068,"11":null},"android":{"2.1":0,"2.2":0,"2.3":0,"3":0,"4":0,"4.1":0.160620638187,"4.2-4.3":0.414936648649,"4.4":1.14888373147,"4.4.3-4.4.4":0.834334981691,"56":null},"op_mob":{"10":null,"11":null,"11.1":null,"11.5":null,"12":null,"12.1":null,"0":null},"ie":{"5.5":0,"6":0.0362728063241,"7":0.145091225296,"8":0.515073849802,"9":0.239400521739,"10":0.253909644269,"11":2.48105995257},"edge":{"12":0.028904,"13":0.03613,"14":0.527498,"15":null,"16":null},"bb":{"7":0.0022192,"10":0.0088768},"samsung":{"4":0,"5":0},"ie_mob":{"10":null,"11":null},"baidu":{"0":null},"and_ff":{"0":0.01387},"and_qq":{"1.2":null},"and_uc":{"0":0.127604},"op_mini":{"0":0.146360649007},"and_chr":{"0":21.527304}},"total":93.340826649}