{"id":"GT","name":"Guatemala","month":"2017-08","access_date":"2017-09-04","data":{"chrome":{"4":0,"5":0,"6":0,"7":0.005107,"8":0,"9":0,"10":0,"11":0.015321,"12":0,"13":0,"14":0,"15":0,"16":0,"17":0,"18":0.005107,"19":0,"20":0,"21":0.025535,"22":0.025535,"23":0.005107,"24":0,"25":0.005107,"26":0.010214,"27":0,"28":0,"29":0.005107,"30":0,"31":0.015321,"32":0.005107,"33":0.005107,"34":0.025535,"35":0.010214,"36":0.035749,"37":0.015321,"38":0.05107,"39":0.015321,"40":0.015321,"41":0.010214,"42":0.005107,"43":0.030642,"44":0.015321,"45":0.025535,"46":0.030642,"47":0.020428,"48":0.030642,"49":1.435067,"50":0.076605,"51":0.05107,"52":0.020428,"53":0.076605,"54":0.061284,"55":0.117461,"56":0.168531,"57":0.117461,"58":0.291099,"59":7.45622,"60":25.060049,"61":0.040856,"62":0.015321,"63":0},"firefox":{"2":0,"3":0.137889,"3.5":0,"3.6":0.010214,"4":0,"5":0,"6":0,"7":0,"8":0,"9":0,"10":0.005107,"11":0,"12":0.005107,"13":0,"14":0,"15":0,"16":0,"17":0,"18":0,"19":0,"20":0,"21":0.005107,"22":0,"23":0,"24":0,"25":0,"26":0,"27":0,"28":0,"29":0,"30":0.005107,"31":0,"32":0.005107,"33":0.005107,"34":0,"35":0,"36":0,"37":0.010214,"38":0.010214,"39":0.010214,"40":0.005107,"41":0.010214,"42":0.020428,"43":0.040856,"44":0.015321,"45":0.056177,"46":0.015321,"47":0.045963,"48":0.112354,"49":0.030642,"50":0.030642,"51":0.040856,"52":0.270671,"53":0.05107,"54":2.579035,"55":0.965223,"56":0.025535,"57":0,"58":0},"opera":{"9":0,"9.5-9.6":0,"10.0-10.1":0,"10.5":0,"10.6":0,"11":0,"11.1":0,"11.5":0,"11.6":0,"12":0,"12.1":0.005107,"15":0,"16":0,"17":0,"18":0,"19":0,"20":0,"21":0,"22":0,"23":0,"24":0,"25":0,"26":0.005107,"27":0,"28":0.005107,"29":0.005107,"30":0,"31":0,"32":0.005107,"33":0,"34":0,"35":0.005107,"36":0.025535,"37":0.005107,"38":0,"39":0,"40":0,"41":0,"42":0,"43":0,"44":0.005107,"45":0.015321,"46":0.280885,"47":0.265564,"48":0,"49":0},"safari":{"3.1":0,"3.2":0,"4":0.010214,"5":0.015321,"5.1":0.040856,"6":0.005107,"6.1":0.025535,"7":0.010214,"7.1":0,"8":0.15321,"9":0.234922,"9.1":0.449416,"10":0.418774,"10.1":1.971302,"11":0.005107,"0":null},"ios_saf":{"3.2":0,"4.0-4.1":0,"4.2-4.3":0,"5.0-5.1":0,"6.0-6.1":0,"7.0-7.1":0.016767877055,"8":0,"8.1-8.4":0.0135739957112,"9.0-9.2":0.176062709078,"9.3":0.127356018585,"10.0-10.2":0.492256962116,"10.3":3.08369243746,"11":null},"android":{"2.1":0,"2.2":0,"2.3":0,"3":0,"4":0,"4.1":0.153643605929,"4.2-4.3":0.396912648649,"4.4":1.09897857018,"4.4.3-4.4.4":0.79809317524,"56":null},"op_mob":{"10":null,"11":null,"11.1":null,"11.5":null,"12":null,"12.1":null,"0":null},"ie":{"5.5":0,"6":0,"7":0,"8":0.0981701054688,"9":0.0361679335937,"10":0.062002171875,"11":1.12637278906},"edge":{"12":0.045963,"13":0.117461,"14":0.342169,"15":null,"16":null},"bb":{"7":0.0205506,"10":0.0822024},"samsung":{"4":0,"5":0},"ie_mob":{"10":null,"11":null},"baidu":{"0":null},"and_ff":{"0":0.009786},"and_qq":{"1.2":null},"and_uc":{"0":2.519895},"op_mini":{"0":2.06113574503},"and_chr":{"0":37.358682}},"total":94.183630745}