{"id":"GU","name":"Guam","month":"2017-08","access_date":"2017-09-04","data":{"chrome":{"4":0,"5":0,"6":0,"7":0,"8":0,"9":0,"10":0,"11":0,"12":0,"13":0,"14":0,"15":0,"16":0,"17":0,"18":0,"19":0,"20":0,"21":0,"22":0.010462,"23":0,"24":0,"25":0,"26":0,"27":0,"28":0,"29":0,"30":0,"31":0.005231,"32":0,"33":0,"34":0.010462,"35":0,"36":0.005231,"37":0.005231,"38":0.041848,"39":0,"40":0.005231,"41":0.005231,"42":0,"43":0.041848,"44":0.015693,"45":0.020924,"46":0.005231,"47":0,"48":0.036617,"49":1.46468,"50":0.031386,"51":0.026155,"52":0.010462,"53":0.005231,"54":0.036617,"55":0.083696,"56":0.068003,"57":0.068003,"58":0.188316,"59":5.743638,"60":15.630228,"61":0.099389,"62":0.073234,"63":0},"firefox":{"2":0,"3":0,"3.5":0,"3.6":0.005231,"4":0,"5":0,"6":0,"7":0,"8":0,"9":0,"10":0,"11":0.047079,"12":0,"13":0,"14":0,"15":0,"16":0,"17":0,"18":0,"19":0,"20":0.005231,"21":0,"22":0,"23":0,"24":0,"25":0,"26":0,"27":0,"28":0,"29":0,"30":0,"31":0,"32":0,"33":0.005231,"34":0,"35":0,"36":0.010462,"37":0.005231,"38":0.015693,"39":0,"40":0.005231,"41":0.099389,"42":0.005231,"43":0.026155,"44":0,"45":0.026155,"46":0.026155,"47":0.062772,"48":0.073234,"49":0.015693,"50":0.010462,"51":0.026155,"52":0.240626,"53":0.041848,"54":2.223175,"55":0.920656,"56":0.036617,"57":0,"58":0},"opera":{"9":0,"9.5-9.6":0.005231,"10.0-10.1":0,"10.5":0,"10.6":0,"11":0,"11.1":0,"11.5":0,"11.6":0,"12":0,"12.1":0.005231,"15":0,"16":0,"17":0,"18":0,"19":0,"20":0.010462,"21":0,"22":0,"23":0,"24":0.005231,"25":0,"26":0,"27":0,"28":0.005231,"29":0,"30":0,"31":0,"32":0,"33":0,"34":0,"35":0,"36":0,"37":0.010462,"38":0,"39":0,"40":0,"41":0,"42":0,"43":0,"44":0,"45":0,"46":0.062772,"47":0.05231,"48":0.005231,"49":0.005231},"safari":{"3.1":0,"3.2":0,"4":0,"5":0.020924,"5.1":0.068003,"6":0.010462,"6.1":0.041848,"7":0.047079,"7.1":0,"8":0.062772,"9":0.130775,"9.1":1.584993,"10":0.345246,"10.1":3.227527,"11":0.005231,"0":null},"ios_saf":{"3.2":0,"4.0-4.1":0,"4.2-4.3":0,"5.0-5.1":0,"6.0-6.1":0,"7.0-7.1":0.136292989278,"8":0,"8.1-8.4":0.110332419892,"9.0-9.2":1.43107638742,"9.3":1.03517770428,"10.0-10.2":4.00117275666,"10.3":25.0649297425,"11":null},"android":{"2.1":0,"2.2":0,"2.3":0,"3":0,"4":0,"4.1":0.101255414124,"4.2-4.3":0.261576486486,"4.4":0.724257476024,"4.4.3-4.4.4":0.525965623365,"56":null},"op_mob":{"10":null,"11":null,"11.1":null,"11.5":null,"12":null,"12.1":null,"0":null},"ie":{"5.5":0,"6":0,"7":0.00525424888889,"8":0.0525424888889,"9":0.09457648,"10":0.0683052355556,"11":3.32593954667},"edge":{"12":0.020924,"13":0.151699,"14":1.0462,"15":null,"16":null},"bb":{"7":0.0019076,"10":0.0076304},"samsung":{"4":0,"5":0},"ie_mob":{"10":null,"11":null},"baidu":{"0":null},"and_ff":{"0":0.128763},"and_qq":{"1.2":null},"and_uc":{"0":0.128763},"op_mini":{"0":0.527590364238},"and_chr":{"0":19.282946}},"total":91.6193203642}