{"id":"GW","name":"Guinea-Bissau","month":"2017-08","access_date":"2017-09-04","data":{"chrome":{"4":0,"5":0,"6":0,"7":0,"8":0,"9":0,"10":0,"11":0.00388,"12":0,"13":0,"14":0,"15":0,"16":0,"17":0,"18":0,"19":0,"20":0,"21":0.00582,"22":0,"23":0.00194,"24":0,"25":0.00388,"26":0.01164,"27":0,"28":0,"29":0.01552,"30":0.10088,"31":0,"32":0,"33":0.0485,"34":0.00388,"35":0,"36":0.44814,"37":0,"38":0.00194,"39":0.01552,"40":0.00582,"41":0,"42":0,"43":0.80898,"44":0,"45":0,"46":0.01164,"47":0.00194,"48":0.00194,"49":0.10088,"50":0.12416,"51":0.0097,"52":0.00582,"53":0.02522,"54":0.03104,"55":0.10864,"56":0.05626,"57":0.07566,"58":0.01552,"59":1.85852,"60":4.67734,"61":0.07566,"62":0.06984,"63":0},"firefox":{"2":0,"3":0.07954,"3.5":0,"3.6":0,"4":0.01358,"5":0,"6":0,"7":0.00582,"8":0,"9":0,"10":0,"11":0.23474,"12":0,"13":0,"14":0,"15":0.194,"16":0.03298,"17":0,"18":0,"19":0.00194,"20":0,"21":0.00388,"22":0,"23":0,"24":0,"25":0.00194,"26":0.00582,"27":0.00582,"28":0,"29":0.00388,"30":0,"31":0.00194,"32":0,"33":0,"34":0.00194,"35":0.00388,"36":0.00388,"37":0.00194,"38":0,"39":0.0097,"40":0,"41":0.02328,"42":0.00582,"43":0.03492,"44":0.0194,"45":0.0194,"46":0,"47":0.04074,"48":0.15132,"49":0.00194,"50":0.00194,"51":0.00194,"52":0.06596,"53":0.01164,"54":3.46872,"55":0.77406,"56":0.02328,"57":0,"58":0},"opera":{"9":0,"9.5-9.6":0,"10.0-10.1":0,"10.5":0,"10.6":0,"11":0,"11.1":0,"11.5":0,"11.6":0.00194,"12":0.00582,"12.1":0,"15":0,"16":0,"17":0,"18":0,"19":0.00194,"20":0,"21":0,"22":0,"23":0,"24":0,"25":0,"26":0.00582,"27":0,"28":0,"29":0,"30":0,"31":0,"32":0,"33":0,"34":0,"35":0,"36":0.00194,"37":0,"38":0,"39":0,"40":0,"41":0,"42":0,"43":0,"44":0,"45":0.00388,"46":0.37442,"47":0.27354,"48":0,"49":0},"safari":{"3.1":0,"3.2":0,"4":0,"5":0.00388,"5.1":0.00194,"6":0.00194,"6.1":0,"7":0,"7.1":0,"8":0,"9":0.00194,"9.1":0.00194,"10":0.05626,"10.1":0.04268,"11":0,"0":null},"ios_saf":{"3.2":0,"4.0-4.1":0,"4.2-4.3":0,"5.0-5.1":0,"6.0-6.1":0,"7.0-7.1":0.0122173552538,"8":0,"8.1-8.4":0.00989023996732,"9.0-9.2":0.128282230164,"9.3":0.0927937220464,"10.0-10.2":0.358666643521,"10.3":2.24682980905,"11":null},"android":{"2.1":0,"2.2":0,"2.3":0,"3":0,"4":0,"4.1":0.47417304272,"4.2-4.3":1.22494702703,"4.4":3.39165440279,"4.4.3-4.4.4":2.46306552746,"56":null},"op_mob":{"10":null,"11":null,"11.1":null,"11.5":null,"12":null,"12.1":null,"0":null},"ie":{"5.5":0,"6":0,"7":0.00194,"8":0.08536,"9":0.04462,"10":0.12222,"11":1.03014},"edge":{"12":0.02716,"13":0.05044,"14":0.1261,"15":null,"16":null},"bb":{"7":0.01612,"10":0.06448},"samsung":{"4":0,"5":0},"ie_mob":{"10":null,"11":null},"baidu":{"0":null},"and_ff":{"0":1.3702},"and_qq":{"1.2":null},"and_uc":{"0":3.12728},"op_mini":{"0":10.0895987417},"and_chr":{"0":50.56188}},"total":91.8776387417}