{"id":"GY","name":"Guyana","month":"2017-08","access_date":"2017-09-04","data":{"chrome":{"4":0,"5":0,"6":0,"7":0,"8":0,"9":0.004208,"10":0,"11":0.004208,"12":0.004208,"13":0,"14":0,"15":0,"16":0,"17":0,"18":0,"19":0,"20":0.004208,"21":0,"22":0.143072,"23":0,"24":0,"25":0.004208,"26":0.004208,"27":0,"28":0.04208,"29":0.012624,"30":0,"31":0.008416,"32":0,"33":0.008416,"34":0.016832,"35":0.008416,"36":0.054704,"37":0,"38":0.02104,"39":0.008416,"40":0.004208,"41":0.004208,"42":0.004208,"43":0.345056,"44":0.008416,"45":0.079952,"46":0.004208,"47":0.025248,"48":0.008416,"49":0.319808,"50":0.02104,"51":0.037872,"52":0.012624,"53":0.02104,"54":0.016832,"55":0.761648,"56":0.08416,"57":0.075744,"58":0.197776,"59":5.159008,"60":15.29608,"61":0.058912,"62":0.067328,"63":0},"firefox":{"2":0.004208,"3":0.008416,"3.5":0.004208,"3.6":0,"4":0,"5":0,"6":0,"7":0,"8":0,"9":0,"10":0,"11":0,"12":0.008416,"13":0,"14":0,"15":0,"16":0,"17":0,"18":0,"19":0,"20":0,"21":0,"22":0.12624,"23":0,"24":0,"25":0,"26":0,"27":0,"28":0,"29":0.004208,"30":0,"31":0,"32":0,"33":0.004208,"34":0.004208,"35":0.004208,"36":0,"37":0,"38":0.004208,"39":0,"40":0.08416,"41":0,"42":0.004208,"43":0.016832,"44":0.004208,"45":0.04208,"46":0.004208,"47":0.08416,"48":0.04208,"49":0.008416,"50":0.033664,"51":0.016832,"52":0.201984,"53":0.046288,"54":2.37752,"55":1.216112,"56":0.2104,"57":0,"58":0},"opera":{"9":0,"9.5-9.6":0,"10.0-10.1":0,"10.5":0,"10.6":0,"11":0,"11.1":0,"11.5":0,"11.6":0,"12":0,"12.1":0.004208,"15":0.008416,"16":0,"17":0,"18":0,"19":0,"20":0,"21":0,"22":0,"23":0,"24":0,"25":0,"26":0,"27":0.004208,"28":0,"29":0.016832,"30":0,"31":0,"32":0,"33":0.004208,"34":0,"35":0.004208,"36":0,"37":0.012624,"38":0,"39":0,"40":0,"41":0.004208,"42":0.02104,"43":0.004208,"44":0,"45":0.012624,"46":0.37872,"47":0.307184,"48":0,"49":0},"safari":{"3.1":0,"3.2":0,"4":0,"5":0.008416,"5.1":0.004208,"6":0,"6.1":0,"7":0.012624,"7.1":0.004208,"8":0.012624,"9":0.02104,"9.1":0.058912,"10":0.037872,"10.1":0.256688,"11":0,"0":null},"ios_saf":{"3.2":0,"4.0-4.1":0,"4.2-4.3":0,"5.0-5.1":0,"6.0-6.1":0,"7.0-7.1":0.0362265847034,"8":0,"8.1-8.4":0.0293262828551,"9.0-9.2":0.380379139385,"9.3":0.275149536199,"10.0-10.2":1.06350902236,"10.3":6.66224143449,"11":null},"android":{"2.1":0,"2.2":0,"2.3":0,"3":0,"4":0,"4.1":0.306924136007,"4.2-4.3":0.792887351351,"4.4":2.19536013949,"4.4.3-4.4.4":1.59430037315,"56":null},"op_mob":{"10":null,"11":null,"11.1":null,"11.5":null,"12":null,"12.1":null,"0":null},"ie":{"5.5":0,"6":0,"7":0,"8":0.080576625,"9":0.029686125,"10":0.05937225,"11":1.454620125},"edge":{"12":0.117824,"13":0.265104,"14":0.824768,"15":null,"16":null},"bb":{"7":0.0590784,"10":0.2363136},"samsung":{"4":0,"5":0},"ie_mob":{"10":null,"11":null},"baidu":{"0":null},"and_ff":{"0":0.017376},"and_qq":{"1.2":null},"and_uc":{"0":2.896},"op_mini":{"0":1.87300238411},"and_chr":{"0":43.128704}},"total":93.1067455091}