{"id":"HK","name":"Hong Kong","month":"2017-08","access_date":"2017-09-04","data":{"chrome":{"4":0,"5":0,"6":0,"7":0,"8":0,"9":0,"10":0,"11":0.013632,"12":0,"13":0,"14":0,"15":0,"16":0,"17":0,"18":0.020448,"19":0.013632,"20":0,"21":0.006816,"22":0.006816,"23":0,"24":0.006816,"25":0,"26":0.006816,"27":0.006816,"28":0.006816,"29":0.03408,"30":0.006816,"31":0.03408,"32":0.013632,"33":0.006816,"34":0.020448,"35":0.020448,"36":0.081792,"37":0.013632,"38":0.03408,"39":0.020448,"40":0.020448,"41":0.020448,"42":0.027264,"43":0.047712,"44":0.040896,"45":0.415776,"46":0.047712,"47":0.095424,"48":0.088608,"49":1.690368,"50":0.23856,"51":0.115872,"52":0.054528,"53":0.095424,"54":0.109056,"55":0.572544,"56":0.402144,"57":0.299904,"58":0.763392,"59":9.651456,"60":26.337024,"61":0.095424,"62":0.081792,"63":0},"firefox":{"2":0,"3":0.006816,"3.5":0.006816,"3.6":0.006816,"4":0,"5":0,"6":0,"7":0,"8":0,"9":0,"10":0,"11":0.006816,"12":0.006816,"13":0,"14":0.006816,"15":0,"16":0.013632,"17":0,"18":0,"19":0,"20":0,"21":0.006816,"22":0,"23":0,"24":0,"25":0,"26":0.006816,"27":0.006816,"28":0.006816,"29":0.006816,"30":0.027264,"31":0.006816,"32":0,"33":0.03408,"34":0.013632,"35":0.020448,"36":0.006816,"37":0.013632,"38":0.020448,"39":0.006816,"40":0.013632,"41":0.013632,"42":0.020448,"43":0.03408,"44":0.013632,"45":0.047712,"46":0.013632,"47":0.074976,"48":0.279456,"49":0.040896,"50":0.040896,"51":0.054528,"52":0.456672,"53":0.109056,"54":3.230784,"55":1.22688,"56":0.027264,"57":0.006816,"58":0},"opera":{"9":0,"9.5-9.6":0,"10.0-10.1":0,"10.5":0,"10.6":0,"11":0,"11.1":0,"11.5":0,"11.6":0,"12":0,"12.1":0.006816,"15":0,"16":0,"17":0,"18":0,"19":0,"20":0,"21":0,"22":0,"23":0,"24":0,"25":0,"26":0,"27":0,"28":0.013632,"29":0,"30":0,"31":0,"32":0,"33":0,"34":0.006816,"35":0,"36":0.006816,"37":0,"38":0,"39":0,"40":0.006816,"41":0,"42":0.006816,"43":0.006816,"44":0,"45":0,"46":0.20448,"47":0.177216,"48":0.006816,"49":0},"safari":{"3.1":0,"3.2":0,"4":0.013632,"5":0.020448,"5.1":0.081792,"6":0.013632,"6.1":0.054528,"7":0.061344,"7.1":0.027264,"8":0.190848,"9":0.156768,"9.1":0.708864,"10":0.586176,"10.1":3.210336,"11":0.020448,"0":null},"ios_saf":{"3.2":0,"4.0-4.1":0,"4.2-4.3":0,"5.0-5.1":0,"6.0-6.1":0,"7.0-7.1":0.0667847776984,"8":0,"8.1-8.4":0.0540638676606,"9.0-9.2":0.701240165833,"9.3":0.507246287757,"10.0-10.2":1.96061025957,"10.3":12.2820386415,"11":null},"android":{"2.1":0,"2.2":0,"2.3":0,"3":0,"4":0,"4.1":0.0665096704446,"4.2-4.3":0.171816648649,"4.4":0.475728892764,"4.4.3-4.4.4":0.345480788143,"56":null},"op_mob":{"10":null,"11":null,"11.1":null,"11.5":null,"12":null,"12.1":null,"0":null},"ie":{"5.5":0,"6":0.00703912143611,"7":0.0140782428722,"8":0.295643100317,"9":0.267486614572,"10":0.183017157339,"11":5.89174464203},"edge":{"12":0.047712,"13":0.088608,"14":0.790656,"15":null,"16":null},"bb":{"7":0.0025472,"10":0.0101888},"samsung":{"4":0,"5":0},"ie_mob":{"10":null,"11":null},"baidu":{"0":null},"and_ff":{"0":0.035024},"and_qq":{"1.2":null},"and_uc":{"0":0.639984},"op_mini":{"0":0.159864211921},"and_chr":{"0":15.413584}},"total":93.6980250905}