{"id":"HN","name":"Honduras","month":"2017-08","access_date":"2017-09-04","data":{"chrome":{"4":0,"5":0,"6":0,"7":0,"8":0,"9":0,"10":0,"11":0.028032,"12":0,"13":0,"14":0,"15":0,"16":0,"17":0,"18":0.004672,"19":0,"20":0.004672,"21":0,"22":0.032704,"23":0,"24":0.014016,"25":0.014016,"26":0.009344,"27":0,"28":0,"29":0.009344,"30":0,"31":0.009344,"32":0,"33":0.004672,"34":0.02336,"35":0.004672,"36":0.065408,"37":0.004672,"38":0.037376,"39":0.018688,"40":0.004672,"41":0.004672,"42":0.004672,"43":0.032704,"44":0.032704,"45":0.014016,"46":0.014016,"47":0.009344,"48":0.02336,"49":0.9344,"50":0.018688,"51":0.121472,"52":0.037376,"53":0.065408,"54":0.056064,"55":0.14016,"56":0.172864,"57":0.065408,"58":0.289664,"59":6.7744,"60":22.392896,"61":0.042048,"62":0.018688,"63":0},"firefox":{"2":0,"3":0.004672,"3.5":0,"3.6":0.004672,"4":0,"5":0,"6":0,"7":0,"8":0,"9":0,"10":0,"11":0,"12":0,"13":0,"14":0,"15":0.004672,"16":0.032704,"17":0,"18":0,"19":0,"20":0,"21":0,"22":0,"23":0,"24":0,"25":0,"26":0,"27":0,"28":0,"29":0.009344,"30":0,"31":0,"32":0,"33":0.009344,"34":0.032704,"35":0,"36":0.004672,"37":0.004672,"38":0.004672,"39":0.004672,"40":0.014016,"41":0,"42":0,"43":0.018688,"44":0,"45":0.065408,"46":0.018688,"47":0.04672,"48":0.074752,"49":0.009344,"50":0.018688,"51":0.018688,"52":0.200896,"53":0.056064,"54":2.620992,"55":1.041856,"56":0.009344,"57":0.004672,"58":0},"opera":{"9":0,"9.5-9.6":0,"10.0-10.1":0.009344,"10.5":0,"10.6":0,"11":0,"11.1":0,"11.5":0,"11.6":0,"12":0,"12.1":0.009344,"15":0,"16":0,"17":0,"18":0,"19":0,"20":0,"21":0,"22":0,"23":0,"24":0,"25":0,"26":0.004672,"27":0.004672,"28":0.004672,"29":0.004672,"30":0,"31":0,"32":0,"33":0.004672,"34":0,"35":0.004672,"36":0.018688,"37":0.014016,"38":0.004672,"39":0,"40":0,"41":0.014016,"42":0.004672,"43":0,"44":0,"45":0.009344,"46":0.401792,"47":0.3504,"48":0.009344,"49":0.004672},"safari":{"3.1":0,"3.2":0,"4":0.004672,"5":0.004672,"5.1":0.004672,"6":0,"6.1":0.009344,"7":0,"7.1":0.004672,"8":0.02336,"9":0.051392,"9.1":0.219584,"10":0.331712,"10.1":1.44832,"11":0,"0":null},"ios_saf":{"3.2":0,"4.0-4.1":0,"4.2-4.3":0,"5.0-5.1":0,"6.0-6.1":0,"7.0-7.1":0.0216592880629,"8":0,"8.1-8.4":0.0175337093843,"9.0-9.2":0.22742252466,"9.3":0.164507449811,"10.0-10.2":0.635854813847,"10.3":3.98324621423,"11":null},"android":{"2.1":0,"2.2":0,"2.3":0,"3":0,"4":0,"4.1":0.263453461203,"4.2-4.3":0.680588108108,"4.4":1.88442406277,"4.4.3-4.4.4":1.36849436792,"56":null},"op_mob":{"10":null,"11":null,"11.1":null,"11.5":null,"12":null,"12.1":null,"0":null},"ie":{"5.5":0,"6":0.00477536283186,"7":0.00477536283186,"8":0.105057982301,"9":0.0429782654867,"10":0.0955072566372,"11":0.826137769912},"edge":{"12":0.088768,"13":0.1168,"14":0.345728,"15":null,"16":null},"bb":{"7":0.0170496,"10":0.0681984},"samsung":{"4":0,"5":0},"ie_mob":{"10":null,"11":null},"baidu":{"0":null},"and_ff":{"0":0.010656},"and_qq":{"1.2":null},"and_uc":{"0":0.953712},"op_mini":{"0":1.83177345695},"and_chr":{"0":41.25616}},"total":93.886301457}