{"id":"HR","name":"Croatia","month":"2017-08","access_date":"2017-09-04","data":{"chrome":{"4":0,"5":0,"6":0,"7":0,"8":0,"9":0,"10":0,"11":0.01112,"12":0,"13":0,"14":0,"15":0,"16":0,"17":0,"18":0.00556,"19":0,"20":0,"21":0.00556,"22":0.02224,"23":0.00556,"24":0,"25":0,"26":0.01668,"27":0.00556,"28":0,"29":0,"30":0,"31":0.01112,"32":0.00556,"33":0.02224,"34":0.03336,"35":0.01112,"36":0.02224,"37":0.01668,"38":0.03336,"39":0.0278,"40":0.01112,"41":0.00556,"42":0,"43":0.12232,"44":0.01668,"45":0.02224,"46":0.01112,"47":0.01668,"48":0.01668,"49":1.32884,"50":0.01668,"51":0.03892,"52":0.01668,"53":0.03892,"54":0.05004,"55":0.17236,"56":0.12788,"57":0.1112,"58":0.34472,"59":6.49408,"60":21.91196,"61":0.06672,"62":0.03336,"63":0},"firefox":{"2":0,"3":0.00556,"3.5":0.00556,"3.6":0.01112,"4":0,"5":0,"6":0,"7":0,"8":0,"9":0,"10":0.00556,"11":0,"12":0.00556,"13":0.00556,"14":0,"15":0,"16":0.00556,"17":0,"18":0,"19":0,"20":0,"21":0.00556,"22":0,"23":0,"24":0.00556,"25":0.00556,"26":0.00556,"27":0,"28":0.00556,"29":0.00556,"30":0.00556,"31":0.00556,"32":0.00556,"33":0.00556,"34":0.00556,"35":0.01668,"36":0.00556,"37":0.01112,"38":0.01668,"39":0.0278,"40":0.02224,"41":0.03336,"42":0.01112,"43":0.03336,"44":0.01112,"45":0.03336,"46":0.01112,"47":0.10008,"48":0.21128,"49":0.0556,"50":0.10564,"51":0.10008,"52":1.01748,"53":0.14456,"54":6.47184,"55":2.78,"56":0.03892,"57":0.00556,"58":0},"opera":{"9":0,"9.5-9.6":0,"10.0-10.1":0,"10.5":0,"10.6":0,"11":0,"11.1":0,"11.5":0,"11.6":0.00556,"12":0.00556,"12.1":0.06116,"15":0,"16":0.00556,"17":0.02224,"18":0,"19":0,"20":0,"21":0,"22":0,"23":0,"24":0,"25":0,"26":0,"27":0,"28":0,"29":0,"30":0.01112,"31":0,"32":0.00556,"33":0,"34":0,"35":0.00556,"36":0.06116,"37":0.00556,"38":0,"39":0.00556,"40":0.00556,"41":0.00556,"42":0.00556,"43":0.00556,"44":0,"45":0.02224,"46":0.81732,"47":0.82844,"48":0.00556,"49":0},"safari":{"3.1":0,"3.2":0,"4":0.00556,"5":0.01112,"5.1":0.01668,"6":0.00556,"6.1":0.01112,"7":0.01112,"7.1":0,"8":0.0278,"9":0.03892,"9.1":0.1112,"10":0.1112,"10.1":0.76172,"11":0.00556,"0":null},"ios_saf":{"3.2":0,"4.0-4.1":0,"4.2-4.3":0,"5.0-5.1":0,"6.0-6.1":0,"7.0-7.1":0.0390649320944,"8":0,"8.1-8.4":0.0316239926478,"9.0-9.2":0.410181786991,"9.3":0.296707460431,"10.0-10.2":1.1468347922,"10.3":7.18422703564,"11":null},"android":{"2.1":0,"2.2":0,"2.3":0,"3":0,"4":0,"4.1":0.113357000872,"4.2-4.3":0.292838918919,"4.4":0.810817436792,"4.4.3-4.4.4":0.588826643418,"56":null},"op_mob":{"10":null,"11":null,"11.1":null,"11.5":null,"12":null,"12.1":null,"0":null},"ie":{"5.5":0,"6":0,"7":0,"8":0.0891217454545,"9":0.0668413090909,"10":0.0779815272727,"11":2.82961541818},"edge":{"12":0.03336,"13":0.10008,"14":0.4726,"15":null,"16":null},"bb":{"7":0.005328,"10":0.021312},"samsung":{"4":0,"5":0},"ie_mob":{"10":null,"11":null},"baidu":{"0":null},"and_ff":{"0":0.03108},"and_qq":{"1.2":null},"and_uc":{"0":0.10212},"op_mini":{"0":0.374062649007},"and_chr":{"0":31.66328}},"total":92.389942649}