{"id":"HT","name":"Haiti","month":"2017-08","access_date":"2017-09-04","data":{"chrome":{"4":0.004548,"5":0,"6":0.002274,"7":0,"8":0,"9":0,"10":0,"11":0.052302,"12":0.018192,"13":0.020466,"14":0.002274,"15":0.004548,"16":0.002274,"17":0.01137,"18":0.006822,"19":0.002274,"20":0,"21":0.002274,"22":0,"23":0,"24":0,"25":0,"26":0.002274,"27":0.018192,"28":0.009096,"29":0.02274,"30":0.009096,"31":0.013644,"32":0.009096,"33":0.006822,"34":0.009096,"35":0.013644,"36":0.038658,"37":0.009096,"38":0.009096,"39":0.006822,"40":0.088686,"41":0.061398,"42":0.004548,"43":0.040932,"44":0.004548,"45":0.006822,"46":0.009096,"47":0.004548,"48":0.002274,"49":0.300168,"50":0.015918,"51":0.02274,"52":0.009096,"53":0.015918,"54":0.086412,"55":0.275154,"56":0.054576,"57":0.081864,"58":0.302442,"59":2.67195,"60":7.340472,"61":0.07959,"62":0.006822,"63":0},"firefox":{"2":0.006822,"3":0.311538,"3.5":0.002274,"3.6":0.013644,"4":0.002274,"5":0,"6":0.004548,"7":0.002274,"8":0.002274,"9":0.002274,"10":0.002274,"11":0.002274,"12":0.002274,"13":0,"14":0.004548,"15":0.002274,"16":0.004548,"17":0.004548,"18":0.002274,"19":0.002274,"20":0.002274,"21":0.040932,"22":0.01137,"23":0.006822,"24":0.006822,"25":0.009096,"26":0.002274,"27":0.004548,"28":0.006822,"29":0.013644,"30":0.002274,"31":0.01137,"32":0.004548,"33":0.006822,"34":0.006822,"35":0.002274,"36":0.004548,"37":0.04548,"38":0.004548,"39":0.004548,"40":0.006822,"41":0.038658,"42":0.004548,"43":0.02274,"44":0.006822,"45":0.02274,"46":0.018192,"47":0.059124,"48":0.036384,"49":0.01137,"50":0.031836,"51":0.013644,"52":0.175098,"53":0.075042,"54":1.61454,"55":0.538938,"56":0.009096,"57":0,"58":0},"opera":{"9":0.002274,"9.5-9.6":0.002274,"10.0-10.1":0,"10.5":0,"10.6":0,"11":0.002274,"11.1":0,"11.5":0.015918,"11.6":0.004548,"12":0.006822,"12.1":0.01137,"15":0,"16":0,"17":0.002274,"18":0,"19":0,"20":0.004548,"21":0,"22":0.002274,"23":0,"24":0,"25":0,"26":0,"27":0.002274,"28":0.065946,"29":0.004548,"30":0,"31":0.002274,"32":0,"33":0.004548,"34":0,"35":0,"36":0.006822,"37":0.020466,"38":0.002274,"39":0.002274,"40":0.01137,"41":0.002274,"42":0.006822,"43":0.004548,"44":0.002274,"45":0.018192,"46":0.39795,"47":0.345648,"48":0,"49":0},"safari":{"3.1":0.002274,"3.2":0,"4":0.004548,"5":0.015918,"5.1":0.040932,"6":0.002274,"6.1":0.006822,"7":0.004548,"7.1":0.002274,"8":0.025014,"9":0.01137,"9.1":0.09096,"10":0.065946,"10.1":0.97782,"11":0.002274,"0":null},"ios_saf":{"3.2":0,"4.0-4.1":0,"4.2-4.3":0,"5.0-5.1":0,"6.0-6.1":0,"7.0-7.1":0.0208710364546,"8":0,"8.1-8.4":0.0168956009394,"9.0-9.2":0.219145882773,"9.3":0.158520491167,"10.0-10.2":0.612713998775,"10.3":3.83828298989,"11":null},"android":{"2.1":0,"2.2":0,"2.3":0,"3":0,"4":0,"4.1":0.440556638187,"4.2-4.3":1.13810464865,"4.4":3.15120373147,"4.4.3-4.4.4":2.28844698169,"56":null},"op_mob":{"10":null,"11":null,"11.1":null,"11.5":null,"12":null,"12.1":null,"0":null},"ie":{"5.5":0,"6":0.0455381585678,"7":0.00683072378517,"8":0.200367897698,"9":0.0774148695652,"10":0.152552831202,"11":1.29783751918},"edge":{"12":0.100056,"13":0.184194,"14":0.247866,"15":null,"16":null},"bb":{"7":0.0324492,"10":0.1297968},"samsung":{"4":0,"5":0},"ie_mob":{"10":null,"11":null},"baidu":{"0":null},"and_ff":{"0":0.007726},"and_qq":{"1.2":null},"and_uc":{"0":6.775702},"op_mini":{"0":14.9641875232},"and_chr":{"0":41.00494}},"total":94.3718615232}