{"id":"HU","name":"Hungary","month":"2017-08","access_date":"2017-09-04","data":{"chrome":{"4":0.006709,"5":0,"6":0,"7":0,"8":0,"9":0,"10":0,"11":0.006709,"12":0.006709,"13":0,"14":0,"15":0,"16":0.006709,"17":0,"18":0,"19":0,"20":0,"21":0,"22":0.026836,"23":0,"24":0,"25":0,"26":0.026836,"27":0,"28":0,"29":0.006709,"30":0.006709,"31":0.020127,"32":0.006709,"33":0.006709,"34":0.060381,"35":0.006709,"36":0.006709,"37":0.020127,"38":0.053672,"39":0.026836,"40":0.006709,"41":0.006709,"42":0.006709,"43":0.026836,"44":0.013418,"45":0.006709,"46":0.006709,"47":0.013418,"48":0.033545,"49":2.556129,"50":0.013418,"51":0.046963,"52":0.013418,"53":0.033545,"54":0.060381,"55":0.100635,"56":3.663114,"57":0.087217,"58":0.295196,"59":5.528216,"60":18.033792,"61":0.046963,"62":0.026836,"63":0},"firefox":{"2":0,"3":0.020127,"3.5":0,"3.6":0.013418,"4":0,"5":0,"6":0,"7":0,"8":0,"9":0,"10":0,"11":0,"12":0.006709,"13":0,"14":0,"15":0.006709,"16":0,"17":0,"18":0.006709,"19":0,"20":0.006709,"21":0.006709,"22":0,"23":0,"24":0,"25":0,"26":0.006709,"27":0,"28":0.006709,"29":0.006709,"30":0.006709,"31":0.013418,"32":0.006709,"33":0.006709,"34":0.006709,"35":0.006709,"36":0.006709,"37":0.006709,"38":0.026836,"39":0.013418,"40":0.013418,"41":0.020127,"42":0.013418,"43":0.046963,"44":0.013418,"45":0.053672,"46":0.020127,"47":0.120762,"48":0.100635,"49":4.635919,"50":0.073799,"51":7.748895,"52":1.00635,"53":0.13418,"54":6.111899,"55":2.294478,"56":0.026836,"57":0.006709,"58":0},"opera":{"9":0,"9.5-9.6":0,"10.0-10.1":0,"10.5":0,"10.6":0,"11":0,"11.1":0,"11.5":0,"11.6":0.006709,"12":0.006709,"12.1":4.575538,"15":0,"16":0,"17":0,"18":0,"19":0,"20":0,"21":0,"22":0,"23":0,"24":0,"25":0,"26":0,"27":0,"28":0,"29":0,"30":0,"31":0.006709,"32":0,"33":0,"34":0,"35":0,"36":0.06709,"37":0.006709,"38":0,"39":0,"40":0.006709,"41":0,"42":0.006709,"43":0.006709,"44":0.006709,"45":0.013418,"46":0.791662,"47":0.811789,"48":0.006709,"49":0},"safari":{"3.1":0,"3.2":0,"4":0,"5":0,"5.1":0.013418,"6":0,"6.1":0.006709,"7":0.006709,"7.1":0,"8":0.020127,"9":0.020127,"9.1":0.060381,"10":0.073799,"10.1":0.576974,"11":0.006709,"0":null},"ios_saf":{"3.2":0,"4.0-4.1":0,"4.2-4.3":0,"5.0-5.1":0,"6.0-6.1":0,"7.0-7.1":0.0185953938528,"8":0,"8.1-8.4":0.0150534140713,"9.0-9.2":0.195251635454,"9.3":0.141236443786,"10.0-10.2":0.54590763382,"10.3":3.41978147902,"11":null},"android":{"2.1":0,"2.2":0,"2.3":0,"3":0,"4":0,"4.1":0.12683606626,"4.2-4.3":0.327659837838,"4.4":0.907230196164,"4.4.3-4.4.4":0.658842899738,"56":null},"op_mob":{"10":null,"11":null,"11.1":null,"11.5":null,"12":null,"12.1":null,"0":null},"ie":{"5.5":0,"6":0.00678382156134,"7":0.00678382156134,"8":0.0881896802974,"9":0.0678382156134,"10":0.0678382156134,"11":1.58741424535},"edge":{"12":0.020127,"13":0.053672,"14":0.355577,"15":null,"16":null},"bb":{"7":0.0059238,"10":0.0236952},"samsung":{"4":0,"5":0},"ie_mob":{"10":null,"11":null},"baidu":{"0":null},"and_ff":{"0":0.03291},"and_qq":{"1.2":null},"and_uc":{"0":2.86317},"op_mini":{"0":1.89041796358},"and_chr":{"0":21.283482}},"total":95.3729959636}