{"id":"ID","name":"Indonesia","month":"2017-08","access_date":"2017-09-04","data":{"chrome":{"4":0.002373,"5":0.002373,"6":0.004746,"7":0.002373,"8":0.002373,"9":0.002373,"10":0.004746,"11":0.014238,"12":0.004746,"13":0.002373,"14":0.002373,"15":0.002373,"16":0.004746,"17":0.002373,"18":0.004746,"19":0.004746,"20":0.004746,"21":0.004746,"22":0.004746,"23":0.004746,"24":0.004746,"25":0.007119,"26":0.007119,"27":0.007119,"28":0.009492,"29":0.021357,"30":0.016611,"31":0.132888,"32":0.014238,"33":0.026103,"34":0.011865,"35":0.004746,"36":0.026103,"37":0.016611,"38":0.011865,"39":0.011865,"40":0.011865,"41":0.007119,"42":0.009492,"43":0.125769,"44":0.018984,"45":0.021357,"46":0.033222,"47":0.02373,"48":0.078309,"49":0.550536,"50":0.028476,"51":0.111531,"52":0.02373,"53":0.042714,"54":0.064071,"55":0.11865,"56":0.137634,"57":0.099666,"58":0.310863,"59":2.263842,"60":6.642027,"61":0.033222,"62":0.026103,"63":0},"firefox":{"2":0.002373,"3":0.02373,"3.5":0.002373,"3.6":0.009492,"4":0.009492,"5":0.004746,"6":0.004746,"7":0.002373,"8":0.002373,"9":0.002373,"10":0.007119,"11":0.007119,"12":0.011865,"13":0.007119,"14":0.007119,"15":0.007119,"16":0.009492,"17":0.007119,"18":0.004746,"19":0.007119,"20":0.007119,"21":0.007119,"22":0.004746,"23":0.009492,"24":0.009492,"25":0.009492,"26":0.009492,"27":0.009492,"28":0.009492,"29":0.018984,"30":0.026103,"31":0.016611,"32":0.014238,"33":0.018984,"34":0.037968,"35":0.033222,"36":0.035595,"37":0.052206,"38":0.045087,"39":0.037968,"40":0.052206,"41":0.049833,"42":0.033222,"43":0.170856,"44":0.064071,"45":0.061698,"46":0.045087,"47":0.251538,"48":0.14238,"49":0.154245,"50":0.137634,"51":0.111531,"52":0.462735,"53":0.196959,"54":3.10863,"55":0.980049,"56":0.175602,"57":0.002373,"58":0},"opera":{"9":0,"9.5-9.6":0,"10.0-10.1":0,"10.5":0,"10.6":0,"11":0,"11.1":0,"11.5":0,"11.6":0.002373,"12":0,"12.1":0.004746,"15":0,"16":0,"17":0,"18":0,"19":0,"20":0,"21":0,"22":0,"23":0,"24":0,"25":0,"26":0,"27":0,"28":0.007119,"29":0,"30":0,"31":0,"32":0,"33":0,"34":0.002373,"35":0.002373,"36":0.009492,"37":0.007119,"38":0.002373,"39":0,"40":0.002373,"41":0.002373,"42":0.004746,"43":0.002373,"44":0.002373,"45":0.004746,"46":0.161364,"47":0.137634,"48":0.002373,"49":0},"safari":{"3.1":0,"3.2":0,"4":0.002373,"5":0.002373,"5.1":1.616013,"6":0.002373,"6.1":0.004746,"7":0.004746,"7.1":0.007119,"8":0.026103,"9":0.02373,"9.1":0.07119,"10":0.07119,"10.1":0.275268,"11":0,"0":null},"ios_saf":{"3.2":0,"4.0-4.1":0,"4.2-4.3":0,"5.0-5.1":0,"6.0-6.1":0,"7.0-7.1":0.00921135096497,"8":0,"8.1-8.4":0.00745680792403,"9.0-9.2":0.0967191851322,"9.3":0.0699624037578,"10.0-10.2":0.270418946186,"10.3":1.69401130603,"11":null},"android":{"2.1":0,"2.2":0,"2.3":0,"3":0,"4":0,"4.1":0.167272195292,"4.2-4.3":0.432119837838,"4.4":1.19646084133,"4.4.3-4.4.4":0.868886125545,"56":null},"op_mob":{"10":null,"11":null,"11.1":null,"11.5":null,"12":null,"12.1":null,"0":null},"ie":{"5.5":0,"6":0.00252970754717,"7":0.00505941509434,"8":0.0758912264151,"9":0.0202376603774,"10":0.0278267830189,"11":0.136604207547},"edge":{"12":0.018984,"13":0.018984,"14":0.07119,"15":null,"16":null},"bb":{"7":0.122032,"10":0.488128},"samsung":{"4":0,"5":0},"ie_mob":{"10":null,"11":null},"baidu":{"0":null},"and_ff":{"0":0.022881},"and_qq":{"1.2":null},"and_uc":{"0":29.097005},"op_mini":{"0":7.93142337086},"and_chr":{"0":31.050603}},"total":94.3168173709}