{"id":"IE","name":"Ireland","month":"2017-08","access_date":"2017-09-04","data":{"chrome":{"4":0,"5":0,"6":0,"7":0,"8":0,"9":0,"10":0,"11":0.012543,"12":0,"13":0,"14":0,"15":0,"16":0,"17":0.008362,"18":0.004181,"19":0,"20":0.004181,"21":0,"22":0.016724,"23":0.004181,"24":0.004181,"25":0,"26":0.004181,"27":0,"28":0,"29":0.004181,"30":0,"31":0.004181,"32":0.025086,"33":0.008362,"34":0.012543,"35":0.025086,"36":0.045991,"37":0.012543,"38":0.066896,"39":0.016724,"40":0.020905,"41":0.050172,"42":0.004181,"43":0.029267,"44":0.045991,"45":0.050172,"46":0.016724,"47":0.012543,"48":0.025086,"49":0.727494,"50":0.033448,"51":0.075258,"52":0.025086,"53":0.037629,"54":0.104525,"55":0.200688,"56":0.108706,"57":0.129611,"58":0.267584,"59":4.778883,"60":13.918549,"61":0.045991,"62":0.020905,"63":0},"firefox":{"2":0,"3":0.045991,"3.5":0,"3.6":0.012543,"4":0.008362,"5":0,"6":0,"7":0,"8":0,"9":0,"10":0,"11":0,"12":0,"13":0,"14":0,"15":0,"16":0.004181,"17":0,"18":0,"19":0,"20":0,"21":0,"22":0.012543,"23":0,"24":0,"25":0,"26":0,"27":0,"28":0.004181,"29":0,"30":0.004181,"31":0.004181,"32":0.004181,"33":0.008362,"34":0.004181,"35":0.004181,"36":0.004181,"37":0,"38":0.012543,"39":0.016724,"40":0.008362,"41":0.016724,"42":0.004181,"43":0.029267,"44":0.004181,"45":0.029267,"46":0.025086,"47":0.025086,"48":0.142154,"49":0.025086,"50":0.054353,"51":0.04181,"52":0.25086,"53":0.062715,"54":2.378989,"55":0.865467,"56":0.016724,"57":0,"58":0.004181},"opera":{"9":0,"9.5-9.6":0,"10.0-10.1":0,"10.5":0,"10.6":0,"11":0,"11.1":0,"11.5":0,"11.6":0.004181,"12":0,"12.1":0.012543,"15":0,"16":0,"17":0,"18":0,"19":0,"20":0,"21":0,"22":0,"23":0,"24":0,"25":0,"26":0,"27":0.004181,"28":0.004181,"29":0,"30":0,"31":0.004181,"32":0,"33":0,"34":0,"35":0,"36":0.012543,"37":0.008362,"38":0,"39":0.004181,"40":0.004181,"41":0.004181,"42":0.008362,"43":0.004181,"44":0,"45":0.004181,"46":0.25086,"47":0.229955,"48":0.004181,"49":0},"safari":{"3.1":0,"3.2":0,"4":0.004181,"5":0.012543,"5.1":0.037629,"6":0.016724,"6.1":0.025086,"7":0.012543,"7.1":0.004181,"8":0.054353,"9":0.054353,"9.1":0.259222,"10":0.200688,"10.1":1.33792,"11":0.012543,"0":null},"ios_saf":{"3.2":0,"4.0-4.1":0,"4.2-4.3":0,"5.0-5.1":0,"6.0-6.1":0,"7.0-7.1":0.144702977841,"8":0,"8.1-8.4":0.117140505872,"9.0-9.2":1.51938126733,"9.3":1.09905356979,"10.0-10.2":4.24806599234,"10.3":26.6115666868,"11":null},"android":{"2.1":0,"2.2":0,"2.3":0,"3":0,"4":0,"4.1":0.0819206207498,"4.2-4.3":0.21162827027,"4.4":0.585959995641,"4.4.3-4.4.4":0.425532113339,"56":null},"op_mob":{"10":null,"11":null,"11.1":null,"11.5":null,"12":null,"12.1":null,"0":null},"ie":{"5.5":0,"6":0,"7":0.00420429247911,"8":0.0672686796657,"9":0.218623208914,"10":0.113515896936,"11":2.61506992201},"edge":{"12":0.033448,"13":0.104525,"14":0.648055,"15":null,"16":null},"bb":{"7":0.0034914,"10":0.0139656},"samsung":{"4":0,"5":0},"ie_mob":{"10":null,"11":null},"baidu":{"0":null},"and_ff":{"0":0.029095},"and_qq":{"1.2":null},"and_uc":{"0":0.046552},"op_mini":{"0":0.133702122517},"and_chr":{"0":25.638019}},"total":92.4554221225}