{"id":"IL","name":"Israel","month":"2017-08","access_date":"2017-09-04","data":{"chrome":{"4":0.005509,"5":0.005509,"6":0,"7":0,"8":0,"9":0,"10":0.005509,"11":0.044072,"12":0.005509,"13":0,"14":0.005509,"15":0,"16":0.005509,"17":0.005509,"18":0.022036,"19":0.005509,"20":0.011018,"21":0.016527,"22":0.022036,"23":0.005509,"24":0.005509,"25":0.011018,"26":0.011018,"27":0.011018,"28":0.005509,"29":0.099162,"30":0.005509,"31":0.088144,"32":0.016527,"33":0.011018,"34":0.027545,"35":0.011018,"36":0.049581,"37":0.016527,"38":0.049581,"39":0.027545,"40":0.022036,"41":0.011018,"42":0.011018,"43":0.066108,"44":0.022036,"45":0.027545,"46":0.066108,"47":0.022036,"48":0.038563,"49":1.415813,"50":0.016527,"51":0.11018,"52":0.027545,"53":0.049581,"54":0.16527,"55":0.198324,"56":0.236887,"57":0.242396,"58":0.280959,"59":9.018233,"60":26.316493,"61":0.088144,"62":0.060599,"63":0},"firefox":{"2":0.005509,"3":0.011018,"3.5":0.022036,"3.6":0.082635,"4":0.005509,"5":0,"6":0,"7":0,"8":0,"9":0.027545,"10":0.005509,"11":0.005509,"12":0.005509,"13":0,"14":0,"15":0,"16":0.016527,"17":0,"18":0,"19":0.005509,"20":0,"21":0.005509,"22":0,"23":0.005509,"24":0.016527,"25":0.022036,"26":0.049581,"27":0.005509,"28":0.005509,"29":0.005509,"30":0,"31":0.005509,"32":0,"33":0.005509,"34":0,"35":0.005509,"36":0.016527,"37":0.005509,"38":0.005509,"39":0.005509,"40":0.011018,"41":0.005509,"42":0.005509,"43":0.016527,"44":0.005509,"45":0.022036,"46":0.016527,"47":0.027545,"48":0.148743,"49":0.016527,"50":0.027545,"51":0.082635,"52":0.347067,"53":0.044072,"54":1.823479,"55":0.809823,"56":0.022036,"57":0,"58":0},"opera":{"9":0,"9.5-9.6":0,"10.0-10.1":0,"10.5":0.005509,"10.6":0.011018,"11":0,"11.1":0.005509,"11.5":0.005509,"11.6":0.016527,"12":0.016527,"12.1":0.077126,"15":0,"16":0,"17":0,"18":0.005509,"19":0,"20":0.016527,"21":0,"22":0,"23":0,"24":0.005509,"25":0,"26":0,"27":0.016527,"28":0,"29":0,"30":0,"31":0,"32":0,"33":0,"34":0.005509,"35":0,"36":0.011018,"37":0,"38":0,"39":0,"40":0,"41":0.005509,"42":0,"43":0.011018,"44":0,"45":0.005509,"46":0.203833,"47":0.159761,"48":0,"49":0},"safari":{"3.1":0,"3.2":0,"4":0.022036,"5":0.027545,"5.1":0.05509,"6":0.011018,"6.1":0.033054,"7":0.016527,"7.1":0,"8":0.038563,"9":0.038563,"9.1":0.192815,"10":0.132216,"10.1":0.897967,"11":0.011018,"0":null},"ios_saf":{"3.2":0,"4.0-4.1":0,"4.2-4.3":0,"5.0-5.1":0,"6.0-6.1":0,"7.0-7.1":0.047353621158,"8":0,"8.1-8.4":0.0383338837945,"9.0-9.2":0.497213022159,"9.3":0.359662027366,"10.0-10.2":1.39016702114,"10.3":8.70855642438,"11":null},"android":{"2.1":0,"2.2":0,"2.3":0,"3":0,"4":0,"4.1":0.0691736076722,"4.2-4.3":0.178698486486,"4.4":0.494783443766,"4.4.3-4.4.4":0.359318462075,"56":null},"op_mob":{"10":null,"11":null,"11.1":null,"11.5":null,"12":null,"12.1":null,"0":null},"ie":{"5.5":0,"6":0.00557373560517,"7":0.00557373560517,"8":0.222949424207,"9":0.211801952996,"10":0.17278580376,"11":4.12456434783},"edge":{"12":0.027545,"13":0.088144,"14":0.594972,"15":null,"16":null},"bb":{"7":0.0008982,"10":0.0035928},"samsung":{"4":0,"5":0},"ie_mob":{"10":null,"11":null},"baidu":{"0":null},"and_ff":{"0":0.017964},"and_qq":{"1.2":null},"and_uc":{"0":0.103293},"op_mini":{"0":0.118476149007},"and_chr":{"0":30.564675}},"total":93.381545149}