{"id":"IM","name":"Isle of Man","month":"2017-08","access_date":"2017-09-04","data":{"chrome":{"4":0,"5":0,"6":0,"7":0,"8":0,"9":0,"10":0,"11":0,"12":0,"13":0,"14":0,"15":0,"16":0,"17":0,"18":0,"19":0,"20":0,"21":0,"22":0.021936,"23":0,"24":0,"25":0,"26":0.007312,"27":0,"28":0,"29":0,"30":0,"31":0,"32":0.029248,"33":0,"34":0,"35":0.007312,"36":0,"37":0.197424,"38":0.021936,"39":0,"40":0.007312,"41":0.007312,"42":0,"43":0,"44":0,"45":0.043872,"46":0,"47":0.007312,"48":0,"49":0.570336,"50":0,"51":0.007312,"52":0.014624,"53":0.021936,"54":0.021936,"55":0.07312,"56":0.065808,"57":0.065808,"58":22.382032,"59":4.855168,"60":11.925872,"61":0.080432,"62":0.021936,"63":0},"firefox":{"2":0,"3":0,"3.5":0,"3.6":0,"4":0,"5":0,"6":0,"7":0,"8":0,"9":0,"10":0,"11":0,"12":0,"13":0,"14":0,"15":0,"16":0,"17":0,"18":0,"19":0,"20":0,"21":0,"22":0,"23":0,"24":0,"25":0,"26":0.021936,"27":0,"28":0.007312,"29":0,"30":0.007312,"31":0,"32":0,"33":0,"34":0.007312,"35":0,"36":0,"37":0,"38":0,"39":0,"40":0,"41":0.007312,"42":0.029248,"43":0,"44":0,"45":0.014624,"46":0.007312,"47":0.021936,"48":0.080432,"49":0.014624,"50":0.058496,"51":0.007312,"52":0.21936,"53":0.03656,"54":2.369088,"55":0.921312,"56":0.007312,"57":0,"58":0},"opera":{"9":0,"9.5-9.6":0,"10.0-10.1":0,"10.5":0,"10.6":0,"11":0,"11.1":0,"11.5":0,"11.6":0,"12":0,"12.1":0,"15":0,"16":0,"17":0,"18":0,"19":0,"20":0,"21":0,"22":0,"23":0,"24":0,"25":0,"26":0,"27":0,"28":0,"29":0,"30":0,"31":0,"32":0,"33":0,"34":0,"35":0,"36":0.007312,"37":0,"38":0,"39":0.007312,"40":0,"41":0,"42":0.007312,"43":0,"44":0.007312,"45":0,"46":0.25592,"47":0.21936,"48":0.007312,"49":0},"safari":{"3.1":0,"3.2":0,"4":0.007312,"5":0.029248,"5.1":0.080432,"6":0,"6.1":0.014624,"7":0.007312,"7.1":0,"8":0.080432,"9":0.212048,"9.1":0.372912,"10":0.47528,"10.1":2.200912,"11":0.014624,"0":null},"ios_saf":{"3.2":0,"4.0-4.1":0,"4.2-4.3":0,"5.0-5.1":0,"6.0-6.1":0,"7.0-7.1":0.108729023588,"8":0,"8.1-8.4":0.088018733381,"9.0-9.2":1.14165474768,"9.3":0.825822822016,"10.0-10.2":3.1919734782,"10.3":19.9957851951,"11":null},"android":{"2.1":0,"2.2":0,"2.3":0,"3":0,"4":0,"4.1":0.110406193548,"4.2-4.3":0.285216,"4.4":0.789710967742,"4.4.3-4.4.4":0.57349883871,"56":null},"op_mob":{"10":null,"11":null,"11.1":null,"11.5":null,"12":null,"12.1":null,"0":null},"ie":{"5.5":0,"6":0.00733521269841,"7":0.00733521269841,"8":0.117363403175,"9":0.682174780952,"10":0.102692977778,"11":6.0148744127},"edge":{"12":0.021936,"13":0.321728,"14":1.330784,"15":null,"16":null},"bb":{"7":0.0086016,"10":0.0344064},"samsung":{"4":0,"5":0},"ie_mob":{"10":null,"11":null},"baidu":{"0":null},"and_ff":{"0":0.016128},"and_qq":{"1.2":null},"and_uc":{"0":0.037632},"op_mini":{"0":0.0571867549669},"and_chr":{"0":9.123472}},"total":93.297538755}