{"id":"IN","name":"India","month":"2017-08","access_date":"2017-09-04","data":{"chrome":{"4":0.004086,"5":0.002043,"6":0.004086,"7":0.002043,"8":0.004086,"9":0.002043,"10":0.004086,"11":0.008172,"12":0.006129,"13":0.002043,"14":0.004086,"15":0.002043,"16":0.004086,"17":0.006129,"18":0.008172,"19":0.008172,"20":0.010215,"21":0.006129,"22":0.010215,"23":0.010215,"24":0.008172,"25":0.016344,"26":0.008172,"27":0.012258,"28":0.026559,"29":0.026559,"30":0.02043,"31":0.167526,"32":0.012258,"33":0.042903,"34":0.006129,"35":0.006129,"36":0.014301,"37":0.006129,"38":0.010215,"39":0.008172,"40":0.008172,"41":0.006129,"42":0.002043,"43":0.026559,"44":0.008172,"45":0.008172,"46":0.022473,"47":0.010215,"48":0.024516,"49":0.604728,"50":0.018387,"51":0.073548,"52":0.012258,"53":0.02043,"54":0.032688,"55":0.069462,"56":0.067419,"57":0.067419,"58":0.226773,"59":3.015468,"60":9.138339,"61":0.077634,"62":0.055161,"63":0},"firefox":{"2":0,"3":0.02043,"3.5":0.002043,"3.6":0.006129,"4":0.006129,"5":0.002043,"6":0.002043,"7":0.002043,"8":0.002043,"9":0.002043,"10":0.006129,"11":0.006129,"12":0.010215,"13":0.006129,"14":0.006129,"15":0.006129,"16":0.006129,"17":0.012258,"18":0.004086,"19":0.004086,"20":0.004086,"21":0.006129,"22":0.004086,"23":0.004086,"24":0.004086,"25":0.004086,"26":0.004086,"27":0.004086,"28":0.006129,"29":0.010215,"30":0.008172,"31":0.051075,"32":0.008172,"33":0.008172,"34":0.006129,"35":0.010215,"36":0.008172,"37":0.010215,"38":0.014301,"39":0.014301,"40":0.012258,"41":0.010215,"42":0.012258,"43":0.044946,"44":0.032688,"45":0.024516,"46":0.014301,"47":0.083763,"48":0.044946,"49":0.030645,"50":0.032688,"51":0.034731,"52":0.271719,"53":0.055161,"54":1.336122,"55":0.676233,"56":0.169569,"57":0.002043,"58":0},"opera":{"9":0,"9.5-9.6":0,"10.0-10.1":0,"10.5":0,"10.6":0,"11":0,"11.1":0,"11.5":0,"11.6":0.002043,"12":0.002043,"12.1":0.004086,"15":0,"16":0,"17":0,"18":0,"19":0,"20":0,"21":0,"22":0,"23":0,"24":0,"25":0,"26":0,"27":0,"28":0.004086,"29":0.002043,"30":0,"31":0,"32":0,"33":0,"34":0,"35":0,"36":0.008172,"37":0.004086,"38":0,"39":0,"40":0.002043,"41":0.002043,"42":0.004086,"43":0.004086,"44":0.002043,"45":0.006129,"46":0.169569,"47":0.159354,"48":0,"49":0},"safari":{"3.1":0,"3.2":0,"4":0,"5":0.002043,"5.1":0.002043,"6":0,"6.1":0.002043,"7":0.002043,"7.1":0.002043,"8":0.008172,"9":0.006129,"9.1":0.024516,"10":0.032688,"10.1":0.151182,"11":0.002043,"0":null},"ios_saf":{"3.2":0,"4.0-4.1":0,"4.2-4.3":0,"5.0-5.1":0,"6.0-6.1":0,"7.0-7.1":0.00939196854896,"8":0,"8.1-8.4":0.00760302215868,"9.0-9.2":0.0986156697641,"9.3":0.0713342373124,"10.0-10.2":0.275721362402,"10.3":1.72722773981,"11":null},"android":{"2.1":0,"2.2":0,"2.3":0,"3":0,"4":0,"4.1":0.0727418448126,"4.2-4.3":0.187916432432,"4.4":0.52030625109,"4.4.3-4.4.4":0.377853471665,"56":null},"op_mob":{"10":null,"11":null,"11.1":null,"11.5":null,"12":null,"12.1":null,"0":null},"ie":{"5.5":0,"6":0.00206016806723,"7":0.00206016806723,"8":0.105068571429,"9":0.0206016806723,"10":0.0370830252101,"11":0.323446386555},"edge":{"12":0.026559,"13":0.036774,"14":0.087849,"15":null,"16":null},"bb":{"7":0.0095484,"10":0.0381936},"samsung":{"4":0,"5":0},"ie_mob":{"10":null,"11":null},"baidu":{"0":null},"and_ff":{"0":0.007957},"and_qq":{"1.2":null},"and_uc":{"0":36.108866},"op_mini":{"0":7.04897983113},"and_chr":{"0":29.3024}},"total":94.4048818311}