{"id":"IQ","name":"Iraq","month":"2017-08","access_date":"2017-09-04","data":{"chrome":{"4":0.002185,"5":0.002185,"6":0.00437,"7":0,"8":0.002185,"9":0,"10":0.002185,"11":0.01311,"12":0.002185,"13":0.00437,"14":0.00437,"15":0.002185,"16":0.002185,"17":0.00437,"18":0.002185,"19":0.002185,"20":0.002185,"21":0.00874,"22":0.010925,"23":0.006555,"24":0.00874,"25":0.00874,"26":0.006555,"27":0.015295,"28":0.006555,"29":0.024035,"30":0.00874,"31":0.037145,"32":0.01311,"33":0.050255,"34":0.02622,"35":0.00874,"36":0.006555,"37":0.00437,"38":0.04807,"39":0.01311,"40":0.01311,"41":0.00437,"42":0.00437,"43":0.841225,"44":0.01748,"45":0.019665,"46":0.00437,"47":0.00874,"48":0.00874,"49":0.10925,"50":0.010925,"51":0.02622,"52":0.010925,"53":0.02185,"54":0.015295,"55":0.399855,"56":0.10051,"57":0.111435,"58":0.19228,"59":2.930085,"60":7.80045,"61":0.045885,"62":0.024035,"63":0},"firefox":{"2":0,"3":0.002185,"3.5":0,"3.6":0.00437,"4":0.002185,"5":0.002185,"6":0.00874,"7":0,"8":0.002185,"9":0.00437,"10":0.00437,"11":0,"12":0.00874,"13":0.006555,"14":0,"15":0.002185,"16":0.00437,"17":0.002185,"18":0.002185,"19":0.002185,"20":0.00437,"21":0.00437,"22":0.00437,"23":0.002185,"24":0.002185,"25":0.002185,"26":0.002185,"27":0.002185,"28":0,"29":0.00437,"30":0.006555,"31":0.00437,"32":0.002185,"33":0.006555,"34":0.00437,"35":0.002185,"36":0.002185,"37":0.02185,"38":0.006555,"39":0.006555,"40":0.002185,"41":0.006555,"42":0.00437,"43":0.02622,"44":0.01311,"45":0.010925,"46":0.006555,"47":0.067735,"48":0.02622,"49":0.01748,"50":0.01311,"51":0.01748,"52":0.080845,"53":0.02622,"54":1.260745,"55":0.465405,"56":0.050255,"57":0,"58":0},"opera":{"9":0,"9.5-9.6":0,"10.0-10.1":0,"10.5":0,"10.6":0,"11":0,"11.1":0,"11.5":0,"11.6":0,"12":0.00437,"12.1":0.002185,"15":0,"16":0,"17":0,"18":0.002185,"19":0,"20":0,"21":0,"22":0,"23":0,"24":0,"25":0,"26":0,"27":0,"28":0.002185,"29":0,"30":0.002185,"31":0,"32":0,"33":0,"34":0,"35":0,"36":0.002185,"37":0.002185,"38":0.006555,"39":0,"40":0.00437,"41":0.00437,"42":0.00437,"43":0.002185,"44":0.002185,"45":0.010925,"46":0.27968,"47":0.246905,"48":0.006555,"49":0},"safari":{"3.1":0,"3.2":0,"4":0.002185,"5":0.002185,"5.1":0.00437,"6":0.002185,"6.1":0,"7":0.002185,"7.1":0,"8":0.00874,"9":0.00437,"9.1":0.01748,"10":0.024035,"10.1":0.1311,"11":0.002185,"0":null},"ios_saf":{"3.2":0,"4.0-4.1":0,"4.2-4.3":0,"5.0-5.1":0,"6.0-6.1":0,"7.0-7.1":0.0762880271623,"8":0,"8.1-8.4":0.0617569743694,"9.0-9.2":0.801024285204,"9.3":0.579425730113,"10.0-10.2":2.23959851169,"10.3":14.0297314715,"11":null},"android":{"2.1":0,"2.2":0,"2.3":0,"3":0,"4":0,"4.1":0.335382214473,"4.2-4.3":0.866404054054,"4.4":2.39891445074,"4.4.3-4.4.4":1.74212428073,"56":null},"op_mob":{"10":null,"11":null,"11.1":null,"11.5":null,"12":null,"12.1":null,"0":null},"ie":{"5.5":0,"6":0,"7":0,"8":0.0985096478873,"9":0.0447771126761,"10":0.0783599471831,"11":0.414188292254},"edge":{"12":0.01748,"13":0.028405,"14":0.08303,"15":null,"16":null},"bb":{"7":0.001563,"10":0.006252},"samsung":{"4":0,"5":0},"ie_mob":{"10":null,"11":null},"baidu":{"0":null},"and_ff":{"0":0.04689},"and_qq":{"1.2":null},"and_uc":{"0":0.4689},"op_mini":{"0":0.379079254967},"and_chr":{"0":49.465225}},"total":90.382054255}