{"id":"IR","name":"Iran, Islamic Republic of","month":"2017-08","access_date":"2017-09-04","data":{"chrome":{"4":0.006003,"5":0,"6":0,"7":0,"8":0.006003,"9":0,"10":0.006003,"11":0.036018,"12":0.006003,"13":0.006003,"14":0.012006,"15":0.006003,"16":0,"17":0.006003,"18":0.012006,"19":0.006003,"20":0.030015,"21":0.018009,"22":0.024012,"23":0.024012,"24":0.024012,"25":0.030015,"26":0.018009,"27":0.018009,"28":0.012006,"29":0.054027,"30":0.030015,"31":0.048024,"32":0.024012,"33":0.024012,"34":0.018009,"35":0.012006,"36":0.030015,"37":0.012006,"38":0.054027,"39":0.024012,"40":0.012006,"41":0.012006,"42":0.024012,"43":0.048024,"44":0.036018,"45":0.030015,"46":0.036018,"47":0.048024,"48":0.036018,"49":1.008504,"50":0.036018,"51":0.144072,"52":0.036018,"53":0.090045,"54":0.108054,"55":0.408204,"56":0.318159,"57":0.276138,"58":0.426213,"59":5.492745,"60":18.051021,"61":0.042021,"62":0.036018,"63":0},"firefox":{"2":0,"3":0.018009,"3.5":0.006003,"3.6":0.018009,"4":0.018009,"5":0.006003,"6":0.006003,"7":0.006003,"8":0.006003,"9":0.006003,"10":0.006003,"11":0.012006,"12":0.030015,"13":0.012006,"14":0.024012,"15":0.012006,"16":0.018009,"17":0.006003,"18":0.012006,"19":0.006003,"20":0.012006,"21":0.018009,"22":0.012006,"23":0.012006,"24":0.018009,"25":0.012006,"26":0.018009,"27":0.018009,"28":0.006003,"29":0.030015,"30":0.024012,"31":0.024012,"32":0.018009,"33":0.042021,"34":0.030015,"35":0.036018,"36":0.018009,"37":0.036018,"38":0.048024,"39":0.048024,"40":0.054027,"41":0.072036,"42":0.054027,"43":0.228114,"44":0.096048,"45":0.108054,"46":0.078039,"47":0.486243,"48":0.216108,"49":0.204102,"50":0.222111,"51":0.162081,"52":1.02051,"53":0.336168,"54":9.280638,"55":3.217608,"56":0.264132,"57":0,"58":0},"opera":{"9":0,"9.5-9.6":0,"10.0-10.1":0,"10.5":0,"10.6":0,"11":0,"11.1":0,"11.5":0,"11.6":0.006003,"12":0,"12.1":0.024012,"15":0,"16":0,"17":0,"18":0,"19":0,"20":0,"21":0,"22":0,"23":0,"24":0,"25":0,"26":0,"27":0.006003,"28":0.006003,"29":0,"30":0,"31":0,"32":0,"33":0,"34":0,"35":0.006003,"36":0.018009,"37":0,"38":0.006003,"39":0.006003,"40":0,"41":0,"42":0.012006,"43":0.006003,"44":0.012006,"45":0.006003,"46":0.348174,"47":0.282141,"48":0,"49":0},"safari":{"3.1":0,"3.2":0,"4":0.012006,"5":0.006003,"5.1":0.012006,"6":0,"6.1":0,"7":0.006003,"7.1":0,"8":0.024012,"9":0.024012,"9.1":0.06003,"10":0.12006,"10.1":0.36018,"11":0,"0":null},"ios_saf":{"3.2":0,"4.0-4.1":0,"4.2-4.3":0,"5.0-5.1":0,"6.0-6.1":0,"7.0-7.1":0.0200929621158,"8":0,"8.1-8.4":0.0162657312366,"9.0-9.2":0.210976102216,"9.3":0.152610831308,"10.0-10.2":0.589871959257,"10.3":3.69519141387,"11":null},"android":{"2.1":0,"2.2":0,"2.3":0,"3":0,"4":0,"4.1":0.22784208544,"4.2-4.3":0.588592054054,"4.4":1.62970380558,"4.4.3-4.4.4":1.18351305493,"56":null},"op_mob":{"10":null,"11":null,"11.1":null,"11.5":null,"12":null,"12.1":null,"0":null},"ie":{"5.5":0,"6":0.437268471838,"7":0.540512416578,"8":3.11553786185,"9":1.08709800638,"10":0.886683290117,"11":5.36261195324},"edge":{"12":0.090045,"13":0.150075,"14":0.306153,"15":null,"16":null},"bb":{"7":0.0071946,"10":0.0287784},"samsung":{"4":0,"5":0},"ie_mob":{"10":null,"11":null},"baidu":{"0":null},"and_ff":{"0":0.127904},"and_qq":{"1.2":null},"and_uc":{"0":0.703472},"op_mini":{"0":2.04085231788},"and_chr":{"0":21.756781}},"total":90.5244003179}