{"id":"IS","name":"Iceland","month":"2017-08","access_date":"2017-09-04","data":{"chrome":{"4":0,"5":0,"6":0,"7":0,"8":0,"9":0,"10":0,"11":0,"12":0,"13":0,"14":0,"15":0,"16":0,"17":0,"18":0,"19":0,"20":0,"21":0,"22":0.00676,"23":0.00676,"24":0,"25":0,"26":0.00676,"27":0,"28":0,"29":0.00676,"30":0.00676,"31":0,"32":0,"33":0,"34":0.02028,"35":0.02028,"36":0,"37":0,"38":0.07436,"39":0.02028,"40":0.00676,"41":0.00676,"42":0,"43":0.01352,"44":0.02028,"45":0.01352,"46":0.02028,"47":0.01352,"48":0.00676,"49":1.13568,"50":0.08788,"51":0.12168,"52":0.04056,"53":0.12168,"54":0.169,"55":0.08788,"56":0.19604,"57":0.21632,"58":0.3718,"59":8.16608,"60":26.6344,"61":0.05408,"62":0.02704,"63":0},"firefox":{"2":0,"3":0,"3.5":0,"3.6":0.00676,"4":0,"5":0,"6":0,"7":0,"8":0.00676,"9":0,"10":0,"11":0.00676,"12":0,"13":0,"14":0,"15":0,"16":0,"17":0.00676,"18":0,"19":0,"20":0,"21":0.00676,"22":0,"23":0,"24":0.01352,"25":0,"26":0,"27":0,"28":0,"29":0,"30":0.00676,"31":0.00676,"32":0,"33":0,"34":0,"35":0.11492,"36":0,"37":0,"38":0.05408,"39":0.00676,"40":0.02028,"41":0.04732,"42":0.88556,"43":0.00676,"44":0.00676,"45":0.1014,"46":0.02028,"47":0.02704,"48":0.18928,"49":0.05408,"50":0.169,"51":0.08112,"52":1.27088,"53":0.08112,"54":3.94108,"55":1.91984,"56":0.02028,"57":0,"58":0},"opera":{"9":0,"9.5-9.6":0,"10.0-10.1":0,"10.5":0,"10.6":0,"11":0,"11.1":0,"11.5":0,"11.6":0,"12":0,"12.1":0.02704,"15":0,"16":0,"17":0,"18":0,"19":0,"20":0,"21":0,"22":0,"23":0,"24":0,"25":0,"26":0,"27":0,"28":0,"29":0,"30":0,"31":0,"32":0,"33":0,"34":0,"35":0,"36":0.02704,"37":0.00676,"38":0.00676,"39":0.00676,"40":0,"41":0,"42":0,"43":0.02028,"44":0,"45":0.00676,"46":0.41912,"47":0.38532,"48":0.00676,"49":0},"safari":{"3.1":0,"3.2":0,"4":0.00676,"5":0.05408,"5.1":0.0676,"6":0,"6.1":0.06084,"7":0.01352,"7.1":0,"8":0.33124,"9":0.14196,"9.1":0.55432,"10":0.45292,"10.1":3.66392,"11":0.01352,"0":null},"ios_saf":{"3.2":0,"4.0-4.1":0,"4.2-4.3":0,"5.0-5.1":0,"6.0-6.1":0,"7.0-7.1":0.0792039456755,"8":0,"8.1-8.4":0.0641174798325,"9.0-9.2":0.831641429593,"9.3":0.601572825488,"10.0-10.2":2.32520154804,"10.3":14.5659827714,"11":null},"android":{"2.1":0,"2.2":0,"2.3":0,"3":0,"4":0,"4.1":0.0347734263296,"4.2-4.3":0.0898313513514,"4.4":0.248726591107,"4.4.3-4.4.4":0.180628631212,"56":null},"op_mob":{"10":null,"11":null,"11.1":null,"11.5":null,"12":null,"12.1":null,"0":null},"ie":{"5.5":0,"6":0,"7":0.00676,"8":0.04056,"9":0.0338,"10":0.04732,"11":3.1772},"edge":{"12":0.0338,"13":0.1014,"14":0.89232,"15":null,"16":null},"bb":{"7":0.002592,"10":0.010368},"samsung":{"4":0,"5":0},"ie_mob":{"10":null,"11":null},"baidu":{"0":null},"and_ff":{"0":0.0972},"and_qq":{"1.2":null},"and_uc":{"0":0.04212},"op_mini":{"0":0.0965026490066},"and_chr":{"0":16.1388}},"total":92.794902649}