{"id":"JE","name":"Jersey","month":"2017-08","access_date":"2017-09-04","data":{"chrome":{"4":0,"5":0,"6":0,"7":0,"8":0,"9":0.005876,"10":0,"11":0.005876,"12":0,"13":0,"14":0,"15":0,"16":0,"17":0,"18":0,"19":0,"20":0,"21":0,"22":0.011752,"23":0,"24":0,"25":0,"26":0,"27":0,"28":0,"29":0,"30":0,"31":0.005876,"32":0,"33":0.305552,"34":0.005876,"35":0,"36":0,"37":0,"38":0.017628,"39":0.023504,"40":0,"41":0.005876,"42":0,"43":0.035256,"44":0.011752,"45":0,"46":0,"47":0.023504,"48":0.005876,"49":0.52884,"50":0.011752,"51":0.023504,"52":0.005876,"53":0.005876,"54":0.011752,"55":0.094016,"56":0.041132,"57":0.082264,"58":0.152776,"59":5.429424,"60":13.503048,"61":0.041132,"62":0.023504,"63":0},"firefox":{"2":0,"3":0,"3.5":0.005876,"3.6":0.005876,"4":0,"5":0,"6":0,"7":0.011752,"8":0,"9":0,"10":0,"11":0,"12":0.011752,"13":0,"14":0,"15":0,"16":0,"17":0,"18":0,"19":0.005876,"20":0,"21":0,"22":0,"23":0,"24":0,"25":0,"26":0,"27":0,"28":0,"29":0,"30":0,"31":0,"32":0,"33":0.023504,"34":0,"35":0,"36":0,"37":0.011752,"38":0,"39":0.005876,"40":0.005876,"41":0,"42":0.005876,"43":0.005876,"44":0,"45":0.193908,"46":0,"47":0.105768,"48":0.217412,"49":0.017628,"50":0.011752,"51":0,"52":0.123396,"53":0.023504,"54":2.785224,"55":1.304472,"56":0.240916,"57":0,"58":0},"opera":{"9":0,"9.5-9.6":0,"10.0-10.1":0,"10.5":0,"10.6":0,"11":0,"11.1":0,"11.5":0,"11.6":0,"12":0,"12.1":0.005876,"15":0,"16":0,"17":0,"18":0,"19":0,"20":0,"21":0,"22":0,"23":0,"24":0,"25":0,"26":0,"27":0,"28":0,"29":0,"30":0,"31":0,"32":0.005876,"33":0,"34":0,"35":0,"36":0.005876,"37":0,"38":0,"39":0.023504,"40":0,"41":0,"42":0,"43":0,"44":0.005876,"45":0,"46":0.182156,"47":0.287924,"48":0,"49":0},"safari":{"3.1":0,"3.2":0,"4":0.005876,"5":0.017628,"5.1":0.1469,"6":0.017628,"6.1":0.099892,"7":0.005876,"7.1":0.005876,"8":0.252668,"9":0.164528,"9.1":0.857896,"10":0.405444,"10.1":4.089696,"11":0.023504,"0":null},"ios_saf":{"3.2":0,"4.0-4.1":0,"4.2-4.3":0,"5.0-5.1":0,"6.0-6.1":0,"7.0-7.1":0.168735834167,"8":0,"8.1-8.4":0.136595675278,"9.0-9.2":1.77172625876,"9.3":1.2815888357,"10.0-10.2":4.95360198877,"10.3":31.0313234073,"11":null},"android":{"2.1":0,"2.2":0,"2.3":0,"3":0,"4":0,"4.1":0.0825415030514,"4.2-4.3":0.213232216216,"4.4":0.590401028771,"4.4.3-4.4.4":0.428757251962,"56":null},"op_mob":{"10":null,"11":null,"11.1":null,"11.5":null,"12":null,"12.1":null,"0":null},"ie":{"5.5":0,"6":0,"7":0,"8":0.05876,"9":0.111644,"10":0.11752,"11":6.827912},"edge":{"12":0.041132,"13":0.164528,"14":1.051804,"15":null,"16":null},"bb":{"7":0.0065984,"10":0.0263936},"samsung":{"4":0,"5":0},"ie_mob":{"10":null,"11":null},"baidu":{"0":null},"and_ff":{"0":0.008248},"and_qq":{"1.2":null},"and_uc":{"0":0.06186},"op_mini":{"0":0.101775403974},"and_chr":{"0":11.49124}},"total":92.881391404}