{"id":"JM","name":"Jamaica","month":"2017-08","access_date":"2017-09-04","data":{"chrome":{"4":0,"5":0,"6":0,"7":0,"8":0,"9":0,"10":0,"11":0.011854,"12":0.005927,"13":0,"14":0,"15":0,"16":0,"17":0,"18":0.011854,"19":0,"20":0,"21":0,"22":0.05927,"23":0,"24":0,"25":0,"26":0.005927,"27":0.011854,"28":0.005927,"29":0.005927,"30":0.005927,"31":0.011854,"32":0.005927,"33":0.005927,"34":0.017781,"35":0.005927,"36":0.302277,"37":0.017781,"38":0.088905,"39":0.023708,"40":0.011854,"41":0.005927,"42":0.011854,"43":0.065197,"44":0.005927,"45":0.011854,"46":0.011854,"47":0.023708,"48":0.047416,"49":1.398772,"50":0.029635,"51":0.195591,"52":0.023708,"53":0.148175,"54":0.201518,"55":0.740875,"56":0.35562,"57":0.142248,"58":0.438598,"59":7.853275,"60":23.494628,"61":0.142248,"62":0.112613,"63":0},"firefox":{"2":0,"3":0,"3.5":0,"3.6":0.005927,"4":0,"5":0,"6":0,"7":0,"8":0,"9":0,"10":0,"11":0.005927,"12":0,"13":0,"14":0,"15":0,"16":0.005927,"17":0,"18":0,"19":0.005927,"20":0,"21":0,"22":0.005927,"23":0.005927,"24":0,"25":0.005927,"26":0,"27":0,"28":0.011854,"29":0.005927,"30":0,"31":0.011854,"32":0,"33":0.005927,"34":0.005927,"35":0.005927,"36":0,"37":0.005927,"38":0.011854,"39":0.005927,"40":0.005927,"41":0.011854,"42":0.005927,"43":0.017781,"44":0.005927,"45":0.017781,"46":0.011854,"47":0.05927,"48":0.207445,"49":0.065197,"50":0.071124,"51":0.047416,"52":0.243007,"53":0.082978,"54":2.696785,"55":1.274305,"56":0.106686,"57":0.005927,"58":0},"opera":{"9":0,"9.5-9.6":0,"10.0-10.1":0,"10.5":0,"10.6":0,"11":0,"11.1":0,"11.5":0,"11.6":0,"12":0,"12.1":0.106686,"15":0,"16":0,"17":0,"18":0,"19":0,"20":0,"21":0,"22":0,"23":0,"24":0,"25":0,"26":0,"27":0.005927,"28":0.005927,"29":0.017781,"30":0.023708,"31":0,"32":0,"33":0.005927,"34":0,"35":0,"36":0.011854,"37":0.011854,"38":0.005927,"39":0,"40":0.005927,"41":0,"42":0.017781,"43":0,"44":0,"45":0.017781,"46":0.586773,"47":0.491941,"48":0,"49":0},"safari":{"3.1":0,"3.2":0,"4":0.005927,"5":0.011854,"5.1":0.011854,"6":0.023708,"6.1":0.005927,"7":0.011854,"7.1":0.005927,"8":0.023708,"9":0.041489,"9.1":0.165956,"10":0.154102,"10.1":1.564728,"11":0.011854,"0":null},"ios_saf":{"3.2":0,"4.0-4.1":0,"4.2-4.3":0,"5.0-5.1":0,"6.0-6.1":0,"7.0-7.1":0.0362873523946,"8":0,"8.1-8.4":0.029375475748,"9.0-9.2":0.381017200143,"9.3":0.275611081283,"10.0-10.2":1.06529298815,"10.3":6.67341690228,"11":null},"android":{"2.1":0,"2.2":0,"2.3":0,"3":0,"4":0,"4.1":0.286699857018,"4.2-4.3":0.740641297297,"4.4":2.05070036617,"4.4.3-4.4.4":1.48924647951,"56":null},"op_mob":{"10":null,"11":null,"11.1":null,"11.5":null,"12":null,"12.1":null,"0":null},"ie":{"5.5":0,"6":0.005927,"7":0.005927,"8":0.077051,"9":0.082978,"10":0.100759,"11":1.843297},"edge":{"12":0.154102,"13":0.29635,"14":1.339502,"15":null,"16":null},"bb":{"7":0.0309548,"10":0.1238192},"samsung":{"4":0,"5":0},"ie_mob":{"10":null,"11":null},"baidu":{"0":null},"and_ff":{"0":0.012219},"and_qq":{"1.2":null},"and_uc":{"0":1.665857},"op_mini":{"0":1.07448976821},"and_chr":{"0":28.886083}},"total":93.2097397682}