{"id":"JO","name":"Jordan","month":"2017-08","access_date":"2017-09-04","data":{"chrome":{"4":0,"5":0.004031,"6":0.004031,"7":0.004031,"8":0.004031,"9":0,"10":0.004031,"11":0.016124,"12":0.004031,"13":0.004031,"14":0.004031,"15":0.004031,"16":0.004031,"17":0.004031,"18":0.008062,"19":0.008062,"20":0.004031,"21":0.004031,"22":0.016124,"23":0.012093,"24":0.008062,"25":0.004031,"26":0.008062,"27":0.016124,"28":0.008062,"29":0.108837,"30":0.016124,"31":0.020155,"32":0.016124,"33":0.044341,"34":0.020155,"35":0.008062,"36":0.020155,"37":0.004031,"38":0.020155,"39":0.016124,"40":0.016124,"41":0.008062,"42":0.004031,"43":0.290232,"44":0.020155,"45":0.012093,"46":0.008062,"47":0.032248,"48":0.028217,"49":1.100463,"50":0.012093,"51":0.072558,"52":0.012093,"53":0.072558,"54":0.044341,"55":0.346666,"56":0.149147,"57":0.124961,"58":0.419224,"59":6.211771,"60":18.893297,"61":0.096744,"62":0.044341,"63":0},"firefox":{"2":0,"3":0.004031,"3.5":0,"3.6":0.012093,"4":0,"5":0,"6":0,"7":0,"8":0,"9":0.004031,"10":0.004031,"11":0.004031,"12":0.004031,"13":0,"14":0,"15":0.004031,"16":0.004031,"17":0,"18":0.004031,"19":0,"20":0,"21":0.004031,"22":0.004031,"23":0.004031,"24":0,"25":0.012093,"26":0,"27":0,"28":0.004031,"29":0,"30":0.008062,"31":0.004031,"32":0.004031,"33":0.012093,"34":0.004031,"35":0.004031,"36":0.008062,"37":0.004031,"38":0.012093,"39":0.016124,"40":0.012093,"41":0.012093,"42":0.004031,"43":0.020155,"44":0.008062,"45":0.020155,"46":0.008062,"47":0.060465,"48":0.141085,"49":0.020155,"50":0.032248,"51":0.020155,"52":0.165271,"53":0.064496,"54":1.967128,"55":0.757828,"56":0.052403,"57":0,"58":0},"opera":{"9":0,"9.5-9.6":0,"10.0-10.1":0.004031,"10.5":0,"10.6":0,"11":0,"11.1":0,"11.5":0,"11.6":0,"12":0,"12.1":0.008062,"15":0,"16":0,"17":0,"18":0,"19":0,"20":0,"21":0,"22":0,"23":0,"24":0,"25":0,"26":0,"27":0,"28":0.004031,"29":0,"30":0,"31":0,"32":0,"33":0,"34":0,"35":0,"36":0.008062,"37":0,"38":0,"39":0,"40":0.004031,"41":0.008062,"42":0.008062,"43":0.004031,"44":0,"45":0.004031,"46":0.374883,"47":0.378914,"48":0.008062,"49":0},"safari":{"3.1":0,"3.2":0,"4":0.004031,"5":0.020155,"5.1":0.016124,"6":0.004031,"6.1":0.024186,"7":0.008062,"7.1":0,"8":0.048372,"9":0.04031,"9.1":0.169302,"10":0.173333,"10.1":0.709456,"11":0.004031,"0":null},"ios_saf":{"3.2":0,"4.0-4.1":0,"4.2-4.3":0,"5.0-5.1":0,"6.0-6.1":0,"7.0-7.1":0.0409186318799,"8":0,"8.1-8.4":0.0331246067599,"9.0-9.2":0.429645634739,"9.3":0.310786751659,"10.0-10.2":1.20125412162,"10.3":7.52513125334,"11":null},"android":{"2.1":0,"2.2":0,"2.3":0,"3":0,"4":0,"4.1":0.202078828248,"4.2-4.3":0.522036972973,"4.4":1.44542495205,"4.4.3-4.4.4":1.04968724673,"56":null},"op_mob":{"10":null,"11":null,"11.1":null,"11.5":null,"12":null,"12.1":null,"0":null},"ie":{"5.5":0,"6":0.00407465703971,"7":0.057045198556,"8":0.342271191336,"9":0.114090397112,"10":0.175210252708,"11":1.56059364621},"edge":{"12":0.052403,"13":0.060465,"14":0.334573,"15":null,"16":null},"bb":{"7":0.0035814,"10":0.0143256},"samsung":{"4":0,"5":0},"ie_mob":{"10":null,"11":null},"baidu":{"0":null},"and_ff":{"0":0.023876},"and_qq":{"1.2":null},"and_uc":{"0":0.990854},"op_mini":{"0":0.7670165},"and_chr":{"0":41.524082}},"total":92.806190843}