{"id":"KE","name":"Kenya","month":"2017-08","access_date":"2017-09-04","data":{"chrome":{"4":0,"5":0,"6":0,"7":0,"8":0,"9":0,"10":0,"11":0.02916,"12":0,"13":0,"14":0.00162,"15":0,"16":0,"17":0,"18":0.0162,"19":0,"20":0.00162,"21":0.00162,"22":0.00324,"23":0.00162,"24":0,"25":0.00162,"26":0.00162,"27":0.00486,"28":0.00486,"29":0.00972,"30":0.00324,"31":0.01782,"32":0.0081,"33":0.01134,"34":0.00972,"35":0.00486,"36":0.02916,"37":0.00486,"38":0.00972,"39":0.00648,"40":0.00972,"41":0.02754,"42":0.00162,"43":0.03402,"44":0.00324,"45":0.0081,"46":0.00324,"47":0.00324,"48":0.00648,"49":0.24948,"50":0.0405,"51":0.02268,"52":0.00486,"53":0.0162,"54":0.01458,"55":0.11664,"56":0.03726,"57":0.03402,"58":0.11826,"59":1.47744,"60":4.89564,"61":0.02916,"62":0.02106,"63":0},"firefox":{"2":0,"3":0.00324,"3.5":0,"3.6":0.00162,"4":0.00162,"5":0.00162,"6":0.00162,"7":0,"8":0.00324,"9":0,"10":0.00162,"11":0.00162,"12":0.00486,"13":0.00324,"14":0.00486,"15":0.00324,"16":0.00324,"17":0.00162,"18":0.00162,"19":0.00324,"20":0.00324,"21":0.01458,"22":0.00324,"23":0.00324,"24":0.00648,"25":0.00486,"26":0.00324,"27":0.00486,"28":0.00486,"29":0.0081,"30":0.00972,"31":0.01296,"32":0.0081,"33":0.01134,"34":0.00972,"35":0.00648,"36":0.00972,"37":0.0243,"38":0.01458,"39":0.01458,"40":0.01134,"41":0.0081,"42":0.00972,"43":0.0567,"44":0.04212,"45":0.03078,"46":0.01782,"47":0.11502,"48":0.06318,"49":0.0486,"50":0.04536,"51":0.03726,"52":0.37098,"53":0.10854,"54":2.36358,"55":1.00926,"56":0.2106,"57":0.00162,"58":0},"opera":{"9":0,"9.5-9.6":0,"10.0-10.1":0,"10.5":0,"10.6":0,"11":0,"11.1":0,"11.5":0,"11.6":0.00162,"12":0.00324,"12.1":0.0081,"15":0.00162,"16":0,"17":0.00162,"18":0.00162,"19":0.00324,"20":0.00324,"21":0.00648,"22":0.00162,"23":0.00162,"24":0.00648,"25":0.00162,"26":0.00162,"27":0.00162,"28":0.03888,"29":0.00162,"30":0,"31":0.00162,"32":0.00324,"33":0.00162,"34":0.00162,"35":0.0081,"36":0.02268,"37":0.01134,"38":0,"39":0.00162,"40":0.00162,"41":0.00324,"42":0.00486,"43":0.00324,"44":0.00162,"45":0.00486,"46":0.1863,"47":0.22518,"48":0,"49":0},"safari":{"3.1":0,"3.2":0,"4":0.00324,"5":0.00648,"5.1":0.00324,"6":0,"6.1":0.00324,"7":0.00162,"7.1":0.0081,"8":0.01296,"9":0.01134,"9.1":0.03726,"10":0.02916,"10.1":0.23004,"11":0,"0":null},"ios_saf":{"3.2":0,"4.0-4.1":0,"4.2-4.3":0,"5.0-5.1":0,"6.0-6.1":0,"7.0-7.1":0.00478567548249,"8":0,"8.1-8.4":0.00387411824773,"9.0-9.2":0.0502495925661,"9.3":0.036348344736,"10.0-10.2":0.140493758807,"10.3":0.88010851016,"11":null},"android":{"2.1":0,"2.2":0,"2.3":0,"3":0,"4":0,"4.1":0.20148700959,"4.2-4.3":0.520508108108,"4.4":1.44119180471,"4.4.3-4.4.4":1.04661307759,"56":null},"op_mob":{"10":null,"11":null,"11.1":null,"11.5":null,"12":null,"12.1":null,"0":null},"ie":{"5.5":0,"6":0.00173480314961,"7":0.00173480314961,"8":0.0745965354331,"9":0.0225524409449,"10":0.0364308661417,"11":0.303590551181},"edge":{"12":0.02916,"13":0.0405,"14":0.09396,"15":null,"16":null},"bb":{"7":0.028492,"10":0.113968},"samsung":{"4":0,"5":0},"ie_mob":{"10":null,"11":null},"baidu":{"0":null},"and_ff":{"0":0.05028},"and_qq":{"1.2":null},"and_uc":{"0":7.29898},"op_mini":{"0":43.6936252318},"and_chr":{"0":18.57278}},"total":87.7322852318}