{"id":"KG","name":"Kyrgyzstan","month":"2017-08","access_date":"2017-09-04","data":{"chrome":{"4":0.015466,"5":0.015466,"6":0.015466,"7":0.038665,"8":0.007733,"9":0.038665,"10":0.085063,"11":0.100529,"12":0.046398,"13":0.23199,"14":0.07733,"15":0.092796,"16":0.100529,"17":0.115995,"18":0.131461,"19":0.054131,"20":0.139194,"21":0.146927,"22":0.061864,"23":0.224257,"24":0.054131,"25":0.193325,"26":0.061864,"27":0.115995,"28":0.085063,"29":0.046398,"30":0.023199,"31":0.054131,"32":0.069597,"33":0.007733,"34":0,"35":0.046398,"36":0.139194,"37":0.015466,"38":0.046398,"39":0.07733,"40":0.286121,"41":0.038665,"42":0.092796,"43":0.07733,"44":0.007733,"45":0.07733,"46":0.007733,"47":0.046398,"48":0.023199,"49":1.484736,"50":0.015466,"51":0.255189,"52":0.054131,"53":0.046398,"54":0.061864,"55":0.278388,"56":0.510378,"57":0.15466,"58":0.518111,"59":20.275926,"60":26.323132,"61":0.038665,"62":0.108262,"63":0},"firefox":{"2":0.085063,"3":0.162393,"3.5":0.239723,"3.6":0.873829,"4":0.092796,"5":0.023199,"6":0,"7":0.007733,"8":0.023199,"9":0.015466,"10":0.023199,"11":0.015466,"12":0.023199,"13":0.023199,"14":0.007733,"15":0.023199,"16":0.030932,"17":0.139194,"18":0.023199,"19":0.015466,"20":0.023199,"21":0.07733,"22":0.123728,"23":0.085063,"24":0.061864,"25":0.069597,"26":0,"27":0,"28":0.015466,"29":0,"30":0.007733,"31":0,"32":0.007733,"33":0.007733,"34":0.007733,"35":0.069597,"36":0.061864,"37":0.015466,"38":0,"39":0.015466,"40":0,"41":0.007733,"42":0,"43":0.007733,"44":0,"45":0.162393,"46":0.007733,"47":0.046398,"48":0.030932,"49":0.023199,"50":0.247456,"51":0.023199,"52":0.162393,"53":0.061864,"54":1.608464,"55":0.595441,"56":0.015466,"57":0,"58":0},"opera":{"9":0,"9.5-9.6":0,"10.0-10.1":0.023199,"10.5":0.023199,"10.6":0.100529,"11":0.015466,"11.1":0.054131,"11.5":0.038665,"11.6":0.278388,"12":0.355718,"12.1":1.183149,"15":0,"16":0.038665,"17":0.007733,"18":0.007733,"19":0.061864,"20":0.054131,"21":0.007733,"22":0,"23":0,"24":0.038665,"25":0.015466,"26":0.007733,"27":0.208791,"28":0.015466,"29":0.015466,"30":0,"31":0,"32":0.007733,"33":0.007733,"34":0.007733,"35":0.007733,"36":0.115995,"37":0.030932,"38":0,"39":0.015466,"40":0.061864,"41":0.023199,"42":0.054131,"43":0.131461,"44":0.038665,"45":0.123728,"46":1.786323,"47":1.794056,"48":0,"49":0},"safari":{"3.1":0.054131,"3.2":0,"4":0.061864,"5":0.115995,"5.1":0.193325,"6":0.038665,"6.1":0,"7":0.007733,"7.1":0.015466,"8":0.015466,"9":0.015466,"9.1":0.061864,"10":0.054131,"10.1":0.46398,"11":0,"0":null},"ios_saf":{"3.2":0,"4.0-4.1":0,"4.2-4.3":0,"5.0-5.1":0,"6.0-6.1":0,"7.0-7.1":0.0137491393853,"8":0,"8.1-8.4":0.0111302556928,"9.0-9.2":0.144365963545,"9.3":0.104427987236,"10.0-10.2":0.403635449096,"10.3":2.52853220504,"11":null},"android":{"2.1":0,"2.2":0,"2.3":0,"3":0,"4":0,"4.1":0.102967281604,"4.2-4.3":0.265998810811,"4.4":0.736502083697,"4.4.3-4.4.4":0.534857823888,"56":null},"op_mob":{"10":null,"11":null,"11.1":null,"11.5":null,"12":null,"12.1":null,"0":null},"ie":{"5.5":0,"6":0,"7":0.0160527859079,"8":1.3243548374,"9":0.26487096748,"10":0.272897360434,"11":1.08356304878},"edge":{"12":0.007733,"13":0.069597,"14":0.208791,"15":null,"16":null},"bb":{"7":0.0027204,"10":0.0108816},"samsung":{"4":0,"5":0},"ie_mob":{"10":null,"11":null},"baidu":{"0":null},"and_ff":{"0":0.004534},"and_qq":{"1.2":null},"and_uc":{"0":1.40554},"op_mini":{"0":1.53178637748},"and_chr":{"0":13.575049}},"total":91.5381873775}