{"id":"KH","name":"Cambodia","month":"2017-08","access_date":"2017-09-04","data":{"chrome":{"4":0,"5":0,"6":0,"7":0,"8":0,"9":0,"10":0,"11":0.02964,"12":0,"13":0,"14":0.005928,"15":0.011856,"16":0,"17":0,"18":0.017784,"19":0,"20":0.005928,"21":0.005928,"22":0.005928,"23":0.023712,"24":0,"25":0,"26":0,"27":0.011856,"28":0.011856,"29":0.08892,"30":0.023712,"31":0.02964,"32":0.005928,"33":0.047424,"34":0.023712,"35":0.005928,"36":0.011856,"37":0.011856,"38":0.011856,"39":0.023712,"40":0.047424,"41":0.035568,"42":0.005928,"43":0.486096,"44":0.041496,"45":0.17784,"46":0.041496,"47":0.035568,"48":0.08892,"49":4.2978,"50":0.047424,"51":1.57092,"52":0.017784,"53":0.397176,"54":1.262664,"55":1.416792,"56":1.12632,"57":0.160056,"58":0.343824,"59":10.243584,"60":15.246816,"61":0.219336,"62":0.171912,"63":0},"firefox":{"2":0.005928,"3":0.023712,"3.5":0,"3.6":0.023712,"4":0,"5":0,"6":0,"7":0,"8":0,"9":0,"10":0,"11":0,"12":0.005928,"13":0,"14":0.005928,"15":0,"16":0.005928,"17":0,"18":0,"19":0.005928,"20":0,"21":0.011856,"22":0.005928,"23":0.005928,"24":0.005928,"25":0.011856,"26":0,"27":0.005928,"28":0.005928,"29":0.02964,"30":0.023712,"31":0.011856,"32":0.035568,"33":0.02964,"34":0.011856,"35":0.02964,"36":0.02964,"37":0.041496,"38":0.041496,"39":0.065208,"40":0.071136,"41":0.053352,"42":0.035568,"43":0.124488,"44":0.053352,"45":0.02964,"46":0.02964,"47":0.302328,"48":0.254904,"49":0.254904,"50":0.41496,"51":0.219336,"52":0.231192,"53":0.183768,"54":3.76428,"55":1.695408,"56":0.337896,"57":0,"58":0},"opera":{"9":0,"9.5-9.6":0.005928,"10.0-10.1":0,"10.5":0,"10.6":0,"11":0,"11.1":0,"11.5":0,"11.6":0,"12":0,"12.1":0.011856,"15":0,"16":0,"17":0,"18":0,"19":0,"20":0,"21":0,"22":0,"23":0,"24":0,"25":0,"26":0,"27":0,"28":0.017784,"29":0,"30":0,"31":0,"32":0,"33":0,"34":0,"35":0,"36":0.005928,"37":0.005928,"38":0,"39":0,"40":0.017784,"41":0.053352,"42":0.077064,"43":0.047424,"44":0.005928,"45":0.005928,"46":2.87508,"47":0.367536,"48":0.005928,"49":0},"safari":{"3.1":0,"3.2":0,"4":0.02964,"5":0.005928,"5.1":0.005928,"6":0,"6.1":0,"7":0.023712,"7.1":0,"8":0.035568,"9":0.05928,"9.1":0.136344,"10":0.260832,"10.1":0.8892,"11":0.017784,"0":null},"ios_saf":{"3.2":0,"4.0-4.1":0,"4.2-4.3":0,"5.0-5.1":0,"6.0-6.1":0,"7.0-7.1":0.0666227305218,"8":0,"8.1-8.4":0.0539326866129,"9.0-9.2":0.699538670479,"9.3":0.506015500868,"10.0-10.2":1.95585301746,"10.3":12.2522373941,"11":null},"android":{"2.1":0,"2.2":0,"2.3":0,"3":0,"4":0,"4.1":0.228742807323,"4.2-4.3":0.590918918919,"4.4":1.63614646905,"4.4.3-4.4.4":1.18819180471,"56":null},"op_mob":{"10":null,"11":null,"11.1":null,"11.5":null,"12":null,"12.1":null,"0":null},"ie":{"5.5":0,"6":0.0210626145251,"7":0.0210626145251,"8":1.37609081564,"9":0.133396558659,"10":0.231688759777,"11":0.730170636872},"edge":{"12":0.077064,"13":0.094848,"14":0.243048,"15":null,"16":null},"bb":{"7":0.0048864,"10":0.0195456},"samsung":{"4":0,"5":0},"ie_mob":{"10":null,"11":null},"baidu":{"0":null},"and_ff":{"0":0.04072},"and_qq":{"1.2":null},"and_uc":{"0":0.704456},"op_mini":{"0":0.720770966887},"and_chr":{"0":20.37084}},"total":95.3695389669}