{"id":"KI","name":"Kiribati","month":"2017-08","access_date":"2017-09-04","data":{"chrome":{"4":0,"5":0,"6":0,"7":0,"8":0,"9":0,"10":0,"11":0,"12":0,"13":0,"14":0,"15":0,"16":0,"17":0,"18":0.026922,"19":0.007692,"20":0.011538,"21":0,"22":0,"23":0,"24":0,"25":0.007692,"26":0,"27":0,"28":0,"29":0.011538,"30":0,"31":0,"32":0.026922,"33":0,"34":0,"35":0.007692,"36":0,"37":0,"38":0.007692,"39":0,"40":0.011538,"41":0,"42":0,"43":0.080766,"44":0.011538,"45":0,"46":0.034614,"47":0,"48":0,"49":0.01923,"50":0.011538,"51":0.080766,"52":0.007692,"53":0.065382,"54":0.007692,"55":0.165378,"56":0.26922,"57":0.21153,"58":0.184608,"59":5.111334,"60":10.834182,"61":0,"62":0,"63":0},"firefox":{"2":0,"3":0,"3.5":0,"3.6":0,"4":0,"5":0.138456,"6":0,"7":0,"8":0.007692,"9":0,"10":0.007692,"11":0,"12":0,"13":0,"14":0,"15":0.03846,"16":0,"17":0,"18":0,"19":0,"20":0,"21":0,"22":0,"23":0,"24":0,"25":0,"26":0,"27":0,"28":0,"29":0,"30":0,"31":0,"32":0.053844,"33":0,"34":0,"35":0,"36":0,"37":0.034614,"38":0.084612,"39":0,"40":0,"41":0,"42":0.03846,"43":0.165378,"44":0.01923,"45":0.065382,"46":0.196146,"47":0.580746,"48":0.21153,"49":0.007692,"50":0.046152,"51":0.103842,"52":0.94227,"53":0.219222,"54":6.118986,"55":0.996114,"56":0.573054,"57":0,"58":0},"opera":{"9":0,"9.5-9.6":0,"10.0-10.1":0,"10.5":0,"10.6":0,"11":0,"11.1":0,"11.5":0,"11.6":0,"12":0,"12.1":0,"15":0,"16":0,"17":0.092304,"18":0,"19":0,"20":0,"21":0,"22":0,"23":0,"24":0,"25":0,"26":0,"27":0,"28":0,"29":0,"30":0,"31":0,"32":0,"33":0,"34":0.05769,"35":0,"36":0,"37":0,"38":0,"39":0,"40":0.007692,"41":0,"42":0.034614,"43":0.01923,"44":0,"45":0,"46":0.819198,"47":0.138456,"48":0,"49":0},"safari":{"3.1":0,"3.2":0,"4":0,"5":0,"5.1":0.01923,"6":0,"6.1":0,"7":0,"7.1":0,"8":0,"9":0,"9.1":0.065382,"10":0.007692,"10.1":0.146148,"11":0,"0":null},"ios_saf":{"3.2":0,"4.0-4.1":0,"4.2-4.3":0,"5.0-5.1":0,"6.0-6.1":0,"7.0-7.1":0.0182963459614,"8":0,"8.1-8.4":0.014811327683,"9.0-9.2":0.192111632595,"9.3":0.13896510385,"10.0-10.2":0.537128442153,"10.3":3.36478514776,"11":null},"android":{"2.1":0,"2.2":0,"2.3":0,"3":0,"4":0,"4.1":0.22081427027,"4.2-4.3":0.570436864865,"4.4":1.57943540541,"4.4.3-4.4.4":1.14700745946,"56":null},"op_mob":{"10":null,"11":null,"11.1":null,"11.5":null,"12":null,"12.1":null,"0":null},"ie":{"5.5":0,"6":0,"7":0,"8":0.065382,"9":0,"10":0.21153,"11":1.946076},"edge":{"12":0.24999,"13":0.699972,"14":0.453828,"15":null,"16":null},"bb":{"7":0,"10":0},"samsung":{"4":0,"5":0},"ie_mob":{"10":null,"11":null},"baidu":{"0":null},"and_ff":{"0":0},"and_qq":{"1.2":null},"and_uc":{"0":0.849252},"op_mini":{"0":0.151873384106},"and_chr":{"0":52.50663}},"total":94.1902313841}