{"id":"KN","name":"Saint Kitts and Nevis","month":"2017-08","access_date":"2017-09-04","data":{"chrome":{"4":0,"5":0,"6":0,"7":0,"8":0,"9":0,"10":0,"11":0.012878,"12":0,"13":0,"14":0,"15":0,"16":0,"17":0,"18":0.032195,"19":0,"20":0,"21":0,"22":0.019317,"23":0.141658,"24":0.006439,"25":0,"26":0,"27":0.006439,"28":0,"29":0,"30":0,"31":0.006439,"32":0.038634,"33":0.006439,"34":0.019317,"35":0,"36":0.006439,"37":0,"38":0.025756,"39":0.025756,"40":0.006439,"41":0.006439,"42":0,"43":0.006439,"44":0.006439,"45":0.06439,"46":0,"47":0.006439,"48":0,"49":0.721168,"50":0.032195,"51":0.019317,"52":0,"53":0.012878,"54":0.019317,"55":0.309072,"56":0.045073,"57":0.06439,"58":0.315511,"59":9.6585,"60":21.435431,"61":0.083707,"62":0.225365,"63":0},"firefox":{"2":0,"3":0,"3.5":0,"3.6":0,"4":0.006439,"5":0.006439,"6":0,"7":0,"8":0,"9":0,"10":0.006439,"11":0,"12":0,"13":0,"14":0,"15":0,"16":0,"17":0,"18":0,"19":0,"20":0,"21":0,"22":0,"23":0,"24":0.057951,"25":0,"26":0,"27":0,"28":0,"29":0,"30":0,"31":0.012878,"32":0,"33":0,"34":0,"35":0.006439,"36":0,"37":0,"38":0.070829,"39":0.006439,"40":0,"41":0.006439,"42":0,"43":0.019317,"44":0,"45":0.399218,"46":0,"47":0.038634,"48":0.251121,"49":0.083707,"50":0.025756,"51":0.012878,"52":4.681153,"53":0.032195,"54":2.891111,"55":0.978728,"56":0.032195,"57":0,"58":0},"opera":{"9":0,"9.5-9.6":0,"10.0-10.1":0,"10.5":0,"10.6":0,"11":0,"11.1":0,"11.5":0,"11.6":0,"12":0,"12.1":0.045073,"15":0,"16":0,"17":0,"18":0,"19":0,"20":0,"21":0,"22":0.006439,"23":0,"24":0,"25":0,"26":0,"27":0,"28":0,"29":0,"30":0,"31":0,"32":0,"33":0,"34":0.012878,"35":0,"36":0.006439,"37":0.012878,"38":0,"39":0,"40":0,"41":0.012878,"42":0.025756,"43":0,"44":0,"45":0,"46":0.315511,"47":0.457169,"48":0,"49":0},"safari":{"3.1":0,"3.2":0,"4":0,"5":0,"5.1":0.199609,"6":0,"6.1":0,"7":0.006439,"7.1":0,"8":0.012878,"9":0.057951,"9.1":0.412096,"10":0.283316,"10.1":2.878233,"11":0,"0":null},"ios_saf":{"3.2":0,"4.0-4.1":0,"4.2-4.3":0,"5.0-5.1":0,"6.0-6.1":0,"7.0-7.1":0.0500502072909,"8":0,"8.1-8.4":0.0405168344736,"9.0-9.2":0.525527176555,"9.3":0.380143241091,"10.0-10.2":1.46933108547,"10.3":9.20447145512,"11":null},"android":{"2.1":0,"2.2":0,"2.3":0,"3":0,"4":0,"4.1":0.192132784656,"4.2-4.3":0.496343027027,"4.4":1.37428311247,"4.4.3-4.4.4":0.99802307585,"56":null},"op_mob":{"10":null,"11":null,"11.1":null,"11.5":null,"12":null,"12.1":null,"0":null},"ie":{"5.5":0,"6":0,"7":0,"8":0.032195,"9":0.051512,"10":0.057951,"11":2.685063},"edge":{"12":0.057951,"13":0.251121,"14":1.03024,"15":null,"16":null},"bb":{"7":0.0256392,"10":0.1025568},"samsung":{"4":0,"5":0},"ie_mob":{"10":0.0465008695652,"11":0.220879130435},"baidu":{"0":null},"and_ff":{"0":0.281319},"and_qq":{"1.2":null},"and_uc":{"0":0.359661},"op_mini":{"0":0.124245884106},"and_chr":{"0":26.014478}},"total":93.8301978841}