{"id":"KP","name":"Korea, Democratic People's Republic of","month":"2017-08","access_date":"2017-09-04","data":{"chrome":{"4":0,"5":0,"6":0,"7":0,"8":0,"9":0,"10":0,"11":0.028851,"12":0.115404,"13":0,"14":0,"15":0,"16":0,"17":0,"18":0,"19":0,"20":0,"21":0,"22":0,"23":0.750126,"24":0,"25":0,"26":0,"27":0,"28":0.250042,"29":0,"30":0,"31":0,"32":0.028851,"33":0,"34":2.000336,"35":0,"36":0,"37":0,"38":2.856249,"39":0,"40":4.548841,"41":0.028851,"42":0,"43":0,"44":0.028851,"45":0.634722,"46":0.163489,"47":1.029019,"48":2.356165,"49":1.413699,"50":0,"51":3.635226,"52":0.028851,"53":5.241265,"54":1.500252,"55":0.586637,"56":2.663909,"57":1.548337,"58":4.71233,"59":5.154712,"60":7.376239,"61":0,"62":0,"63":0},"firefox":{"2":0,"3":0,"3.5":0,"3.6":0,"4":0,"5":0,"6":0,"7":0,"8":0,"9":0,"10":0,"11":0,"12":0,"13":0,"14":0,"15":0,"16":0,"17":0,"18":0,"19":0,"20":0,"21":0,"22":0,"23":0,"24":0.028851,"25":0,"26":0,"27":0,"28":0,"29":0,"30":0,"31":0,"32":0,"33":0,"34":0,"35":0,"36":0,"37":0.355829,"38":0,"39":0,"40":0,"41":0.057702,"42":0,"43":1.577188,"44":0.028851,"45":1.913783,"46":0,"47":0.134638,"48":0,"49":0.134638,"50":0.057702,"51":3.991055,"52":1.279061,"53":0.413531,"54":12.011633,"55":6.741517,"56":0,"57":0,"58":0},"opera":{"9":0,"9.5-9.6":0,"10.0-10.1":0,"10.5":0,"10.6":0,"11":0,"11.1":0,"11.5":0,"11.6":0,"12":0,"12.1":0,"15":0,"16":0,"17":0,"18":0,"19":0,"20":0,"21":0,"22":0,"23":0,"24":0,"25":0,"26":0,"27":0,"28":0,"29":0,"30":0,"31":0,"32":0,"33":0,"34":0,"35":0,"36":0.057702,"37":0,"38":0.028851,"39":0,"40":0,"41":0,"42":0,"43":0,"44":0,"45":0.307744,"46":0.19234,"47":0.471233,"48":0,"49":0},"safari":{"3.1":0,"3.2":0,"4":0,"5":0,"5.1":0.250042,"6":0.057702,"6.1":0,"7":0,"7.1":0,"8":0,"9":0,"9.1":0.134638,"10":0.134638,"10.1":0.355829,"11":0,"0":null},"ios_saf":{"3.2":0,"4.0-4.1":0,"4.2-4.3":0,"5.0-5.1":0,"6.0-6.1":0,"7.0-7.1":0.0151005160829,"8":0,"8.1-8.4":0.0122242273052,"9.0-9.2":0.158555418871,"9.3":0.114692015011,"10.0-10.2":0.443308007863,"10.3":2.77705681487,"11":null},"android":{"2.1":0,"2.2":0,"2.3":0,"3":0,"4":0,"4.1":0.0354341063644,"4.2-4.3":0.0915381081081,"4.4":0.253452288579,"4.4.3-4.4.4":0.184060496949,"56":null},"op_mob":{"10":null,"11":null,"11.1":null,"11.5":null,"12":null,"12.1":null,"0":null},"ie":{"5.5":0,"6":0.057702,"7":0,"8":1.721443,"9":0.086553,"10":0.028851,"11":10.838359},"edge":{"12":0,"13":0,"14":0.557786,"15":null,"16":null},"bb":{"7":0.0229034,"10":0.0916136},"samsung":{"4":0,"5":0},"ie_mob":{"10":null,"11":null},"baidu":{"0":null},"and_ff":{"0":0},"and_qq":{"1.2":null},"and_uc":{"0":0.028725},"op_mini":{"0":0.146016847682},"and_chr":{"0":2.201479}},"total":99.2648058477}