{"id":"KR","name":"Korea, Republic of","month":"2017-08","access_date":"2017-09-04","data":{"chrome":{"4":0,"5":0,"6":0,"7":0,"8":0,"9":0,"10":0,"11":0.006094,"12":0,"13":0,"14":0,"15":0,"16":0,"17":0,"18":0.006094,"19":0,"20":0,"21":0,"22":0.006094,"23":0,"24":0,"25":0,"26":0,"27":0.042658,"28":0.006094,"29":0.042658,"30":0.012188,"31":0.560648,"32":0.018282,"33":0.006094,"34":0.018282,"35":0.006094,"36":0.012188,"37":0.006094,"38":0.006094,"39":0.006094,"40":0,"41":0.067034,"42":0.127974,"43":0.036564,"44":0.006094,"45":0.036564,"46":0.012188,"47":0.012188,"48":0.036564,"49":0.865348,"50":0.042658,"51":0.079222,"52":0.03047,"53":0.06094,"54":0.067034,"55":0.146256,"56":0.15235,"57":0.085316,"58":0.67034,"59":7.111698,"60":22.328416,"61":0.042658,"62":0.03047,"63":0},"firefox":{"2":0.006094,"3":0.006094,"3.5":0,"3.6":0.012188,"4":0,"5":0,"6":0,"7":0,"8":0,"9":0,"10":0,"11":0,"12":0,"13":0,"14":0,"15":0,"16":0,"17":0,"18":0,"19":0,"20":0,"21":0.036564,"22":0.006094,"23":0.006094,"24":0.006094,"25":0.012188,"26":0,"27":0.006094,"28":0.006094,"29":0.006094,"30":0,"31":0.006094,"32":0,"33":0,"34":0,"35":0,"36":0.006094,"37":0.036564,"38":0,"39":0.006094,"40":0,"41":0.006094,"42":0,"43":0.006094,"44":0,"45":0.012188,"46":0,"47":0.006094,"48":0.042658,"49":0.018282,"50":0.024376,"51":0.012188,"52":0.06094,"53":0.012188,"54":0.585024,"55":0.292512,"56":0.012188,"57":0,"58":0},"opera":{"9":0,"9.5-9.6":0,"10.0-10.1":0,"10.5":0,"10.6":0,"11":0,"11.1":0,"11.5":0,"11.6":0.006094,"12":0.006094,"12.1":0.018282,"15":0,"16":0,"17":0,"18":0,"19":0,"20":0,"21":0,"22":0,"23":0,"24":0,"25":0,"26":0,"27":0,"28":0.067034,"29":0,"30":0,"31":0,"32":0,"33":0,"34":0,"35":0,"36":0.006094,"37":0,"38":0,"39":0.006094,"40":0,"41":0,"42":0,"43":0,"44":0,"45":0,"46":0.268136,"47":0.249854,"48":0,"49":0},"safari":{"3.1":0,"3.2":0,"4":0.012188,"5":0.012188,"5.1":0.042658,"6":0.024376,"6.1":0.018282,"7":0.018282,"7.1":0.006094,"8":0.073128,"9":0.054846,"9.1":0.207196,"10":0.164538,"10.1":1.017698,"11":0.006094,"0":null},"ios_saf":{"3.2":0,"4.0-4.1":0,"4.2-4.3":0,"5.0-5.1":0,"6.0-6.1":0,"7.0-7.1":0.0336852094353,"8":0,"8.1-8.4":0.0272689790667,"9.0-9.2":0.353694699071,"9.3":0.255847185949,"10.0-10.2":0.988901505565,"10.3":6.19487042091,"11":null},"android":{"2.1":0,"2.2":0,"2.3":0,"3":0,"4":0,"4.1":0.0722931473409,"4.2-4.3":0.186757297297,"4.4":0.517096817786,"4.4.3-4.4.4":0.375522737576,"56":null},"op_mob":{"10":null,"11":null,"11.1":null,"11.5":null,"12":null,"12.1":null,"0":null},"ie":{"5.5":0,"6":0.0305714744172,"7":0.0244571795338,"8":0.660343847411,"9":0.727601091129,"10":0.856001283682,"11":17.8965411238},"edge":{"12":0.012188,"13":0.054846,"14":0.450956,"15":null,"16":null},"bb":{"7":0.007812,"10":0.031248},"samsung":{"4":0,"5":0},"ie_mob":{"10":null,"11":null},"baidu":{"0":null},"and_ff":{"0":0.023436},"and_qq":{"1.2":null},"and_uc":{"0":0.226548},"op_mini":{"0":0.116339304636},"and_chr":{"0":20.917018}},"total":87.3925553046}