{"id":"KW","name":"Kuwait","month":"2017-08","access_date":"2017-09-04","data":{"chrome":{"4":0,"5":0,"6":0,"7":0,"8":0,"9":0,"10":0,"11":0.002929,"12":0,"13":0,"14":0,"15":0,"16":0.002929,"17":0.002929,"18":0.02929,"19":0.005858,"20":0.002929,"21":0.002929,"22":0.008787,"23":0,"24":0.002929,"25":0,"26":0.005858,"27":0.005858,"28":0.005858,"29":0.008787,"30":0.005858,"31":0.05858,"32":0.008787,"33":0.014645,"34":0.011716,"35":0.002929,"36":0.014645,"37":0.002929,"38":0.026361,"39":0.008787,"40":0.011716,"41":0.002929,"42":0,"43":0.114231,"44":0.008787,"45":0.011716,"46":0.005858,"47":0.005858,"48":0.005858,"49":0.530149,"50":0.005858,"51":0.020503,"52":0.002929,"53":0.023432,"54":0.035148,"55":0.105444,"56":0.084941,"57":0.105444,"58":0.199172,"59":3.801842,"60":10.374518,"61":0.055651,"62":0.064438,"63":0},"firefox":{"2":0.002929,"3":0.005858,"3.5":0.002929,"3.6":0.008787,"4":0.002929,"5":0,"6":0.002929,"7":0,"8":0,"9":0,"10":0.002929,"11":0,"12":0.002929,"13":0,"14":0.002929,"15":0,"16":0,"17":0,"18":0,"19":0,"20":0,"21":0.002929,"22":0.002929,"23":0,"24":0,"25":0,"26":0,"27":0.005858,"28":0.002929,"29":0.002929,"30":0.008787,"31":0,"32":0.002929,"33":0.002929,"34":0,"35":0,"36":0,"37":0.002929,"38":0.008787,"39":0.011716,"40":0.011716,"41":0.002929,"42":0.002929,"43":0.011716,"44":0.005858,"45":0.014645,"46":0.008787,"47":0.043935,"48":0.149379,"49":0.017574,"50":0.023432,"51":0.017574,"52":0.158166,"53":0.049793,"54":1.646098,"55":0.67367,"56":0.035148,"57":0,"58":0},"opera":{"9":0,"9.5-9.6":0,"10.0-10.1":0,"10.5":0,"10.6":0,"11":0,"11.1":0,"11.5":0,"11.6":0,"12":0,"12.1":0.002929,"15":0,"16":0,"17":0,"18":0,"19":0,"20":0,"21":0,"22":0,"23":0,"24":0,"25":0,"26":0,"27":0,"28":0.002929,"29":0,"30":0,"31":0,"32":0,"33":0,"34":0,"35":0,"36":0.002929,"37":0,"38":0,"39":0,"40":0,"41":0.002929,"42":0.002929,"43":0.002929,"44":0,"45":0.005858,"46":0.190385,"47":0.202101,"48":0,"49":0},"safari":{"3.1":0,"3.2":0,"4":0.002929,"5":0.014645,"5.1":0.020503,"6":0.011716,"6.1":0.026361,"7":0.011716,"7.1":0.002929,"8":0.084941,"9":0.125947,"9.1":0.316332,"10":0.207959,"10.1":1.28876,"11":0.002929,"0":null},"ios_saf":{"3.2":0,"4.0-4.1":0,"4.2-4.3":0,"5.0-5.1":0,"6.0-6.1":0,"7.0-7.1":0.0829107919943,"8":0,"8.1-8.4":0.0671182601858,"9.0-9.2":0.87056331594,"9.3":0.629727205861,"10.0-10.2":2.43402396497,"10.3":15.247689461,"11":null},"android":{"2.1":0,"2.2":0,"2.3":0,"3":0,"4":0,"4.1":0.0820498692241,"4.2-4.3":0.211962162162,"4.4":0.586884481255,"4.4.3-4.4.4":0.426203487358,"56":null},"op_mob":{"10":null,"11":null,"11.1":null,"11.5":null,"12":null,"12.1":null,"0":null},"ie":{"5.5":0,"6":0,"7":0.00296899684874,"8":0.163294826681,"9":0.109852883403,"10":0.184077804622,"11":2.3573834979},"edge":{"12":0.046864,"13":0.079083,"14":0.424705,"15":null,"16":null},"bb":{"7":0.0042426,"10":0.0169704},"samsung":{"4":0,"5":0},"ie_mob":{"10":null,"11":null},"baidu":{"0":null},"and_ff":{"0":0.014142},"and_qq":{"1.2":null},"and_uc":{"0":17.557293},"op_mini":{"0":4.42878739073},"and_chr":{"0":25.488442}},"total":92.8345024002}