{"id":"KZ","name":"Kazakhstan","month":"2017-08","access_date":"2017-09-04","data":{"chrome":{"4":0.07673,"5":0.046038,"6":0.046038,"7":0.038365,"8":0.030692,"9":0.092076,"10":0.069057,"11":0.092076,"12":0.092076,"13":0.084403,"14":0.138114,"15":0.122768,"16":0.138114,"17":0.214844,"18":0.191825,"19":0.161133,"20":0.161133,"21":0.184152,"22":0.199498,"23":0.168806,"24":0.145787,"25":0.191825,"26":0.130441,"27":0.161133,"28":0.107422,"29":0.253209,"30":0.061384,"31":0.061384,"32":0.023019,"33":0.046038,"34":0.046038,"35":0.145787,"36":0.038365,"37":0.046038,"38":0.084403,"39":0.176479,"40":0.276228,"41":0.122768,"42":0.099749,"43":0.130441,"44":0.030692,"45":0.069057,"46":0.015346,"47":0.023019,"48":0.038365,"49":1.273718,"50":0.030692,"51":0.214844,"52":0.046038,"53":0.07673,"54":0.115095,"55":0.222517,"56":0.345285,"57":0.214844,"58":0.53711,"59":7.458156,"60":25.435995,"61":0.07673,"62":0.145787,"63":0},"firefox":{"2":0.07673,"3":0.237863,"3.5":0.391323,"3.6":1.373467,"4":0.099749,"5":0.015346,"6":0.030692,"7":0.007673,"8":0.046038,"9":0.023019,"10":0.084403,"11":0.046038,"12":0.046038,"13":0.023019,"14":0.046038,"15":0.038365,"16":0.038365,"17":0.015346,"18":0.023019,"19":0.053711,"20":0.053711,"21":0.107422,"22":0.053711,"23":0.053711,"24":0.092076,"25":0.061384,"26":0.069057,"27":0.007673,"28":0.053711,"29":0.015346,"30":0.015346,"31":0.038365,"32":0.030692,"33":0.046038,"34":0.030692,"35":0.053711,"36":0.069057,"37":0.038365,"38":0.030692,"39":0.015346,"40":0.030692,"41":0.053711,"42":0.015346,"43":0.084403,"44":0.015346,"45":1.005163,"46":0.007673,"47":0.107422,"48":0.322266,"49":0.053711,"50":0.176479,"51":0.107422,"52":0.621513,"53":0.161133,"54":3.238006,"55":1.005163,"56":0.007673,"57":0,"58":0},"opera":{"9":0,"9.5-9.6":0,"10.0-10.1":0.069057,"10.5":0.053711,"10.6":0.138114,"11":0.053711,"11.1":0.053711,"11.5":0.138114,"11.6":0.314593,"12":0.437361,"12.1":1.519254,"15":0.015346,"16":0.015346,"17":0.023019,"18":0.046038,"19":0.007673,"20":0.084403,"21":0.053711,"22":0.007673,"23":0.023019,"24":0.038365,"25":0.030692,"26":0.023019,"27":0.283901,"28":0.038365,"29":0.015346,"30":0.038365,"31":0.007673,"32":0.007673,"33":0,"34":0,"35":0.007673,"36":0.161133,"37":0.015346,"38":0.015346,"39":0.023019,"40":0.015346,"41":0.023019,"42":0.061384,"43":0.069057,"44":0.030692,"45":0.053711,"46":1.941269,"47":1.741771,"48":0.015346,"49":0},"safari":{"3.1":0.030692,"3.2":0.038365,"4":0.176479,"5":0.329939,"5.1":0.168806,"6":0.046038,"6.1":0.007673,"7":0.023019,"7.1":0.007673,"8":0.030692,"9":0.023019,"9.1":0.092076,"10":0.199498,"10.1":0.92076,"11":0.007673,"0":null},"ios_saf":{"3.2":0,"4.0-4.1":0,"4.2-4.3":0,"5.0-5.1":0,"6.0-6.1":0,"7.0-7.1":0.0243312952109,"8":0,"8.1-8.4":0.0196967627897,"9.0-9.2":0.255478599714,"9.3":0.184801980292,"10.0-10.2":0.714297309405,"10.3":4.47464105259,"11":null},"android":{"2.1":0,"2.2":0,"2.3":0,"3":0,"4":0,"4.1":0.0766683870968,"4.2-4.3":0.19806,"4.4":0.548391935484,"4.4.3-4.4.4":0.398249677419,"56":null},"op_mob":{"10":null,"11":null,"11.1":null,"11.5":null,"12":null,"12.1":null,"0":null},"ie":{"5.5":0,"6":0.00798719612069,"7":0.00798719612069,"8":1.35782334052,"9":0.279551864224,"10":0.447282982759,"11":1.59743922414},"edge":{"12":0.015346,"13":0.07673,"14":0.445034,"15":null,"16":null},"bb":{"7":0.0079118,"10":0.0316472},"samsung":{"4":0,"5":0},"ie_mob":{"10":null,"11":null},"baidu":{"0":null},"and_ff":{"0":0.009308},"and_qq":{"1.2":null},"and_uc":{"0":1.044823},"op_mini":{"0":0.314861592715},"and_chr":{"0":14.285474}},"total":88.3689573966}