{"id":"LA","name":"Lao People's Democratic Republic","month":"2017-08","access_date":"2017-09-04","data":{"chrome":{"4":0,"5":0,"6":0,"7":0,"8":0.001043,"9":0,"10":0.001043,"11":0.079268,"12":0.004172,"13":0,"14":0,"15":0.004172,"16":0.002086,"17":0.002086,"18":0.001043,"19":0.001043,"20":0.012516,"21":0.002086,"22":0.001043,"23":0.005215,"24":0,"25":0.002086,"26":0.002086,"27":0.003129,"28":0.004172,"29":0.006258,"30":0.003129,"31":0.019817,"32":0.005215,"33":0.04172,"34":0.007301,"35":0.004172,"36":0.003129,"37":0.002086,"38":0.02086,"39":0.003129,"40":0.012516,"41":0.011473,"42":0.001043,"43":1.024226,"44":0.005215,"45":0.034419,"46":0.002086,"47":0.003129,"48":0.004172,"49":0.056322,"50":0.008344,"51":0.017731,"52":0.004172,"53":0.011473,"54":0.009387,"55":0.050064,"56":0.038591,"57":0.035462,"58":0.080311,"59":0.947044,"60":2.860949,"61":0.017731,"62":0.023989,"63":0},"firefox":{"2":0.002086,"3":0.001043,"3.5":0.001043,"3.6":0.003129,"4":0.001043,"5":0,"6":0,"7":0,"8":0.001043,"9":0.001043,"10":0.001043,"11":0.001043,"12":0.005215,"13":0.001043,"14":0.001043,"15":0.001043,"16":0.002086,"17":0.001043,"18":0.001043,"19":0.009387,"20":0,"21":0.006258,"22":0.002086,"23":0.004172,"24":0.001043,"25":0.004172,"26":0.004172,"27":0.002086,"28":0.002086,"29":0.004172,"30":0.012516,"31":0.002086,"32":0.001043,"33":0.009387,"34":0.004172,"35":0.018774,"36":0.002086,"37":0.007301,"38":0.009387,"39":0.003129,"40":0.01043,"41":0.003129,"42":0.003129,"43":0.029204,"44":0.006258,"45":0.007301,"46":0.01043,"47":0.068838,"48":0.028161,"49":0.015645,"50":0.013559,"51":0.013559,"52":0.043806,"53":0.046935,"54":0.756175,"55":0.338975,"56":0.074053,"57":0.001043,"58":0},"opera":{"9":0,"9.5-9.6":0,"10.0-10.1":0,"10.5":0,"10.6":0,"11":0,"11.1":0,"11.5":0,"11.6":0.001043,"12":0.001043,"12.1":0.002086,"15":0,"16":0,"17":0,"18":0,"19":0,"20":0,"21":0.001043,"22":0,"23":0,"24":0,"25":0,"26":0,"27":0,"28":0.009387,"29":0,"30":0,"31":0,"32":0.001043,"33":0.009387,"34":0,"35":0,"36":0,"37":0.006258,"38":0,"39":0,"40":0,"41":0,"42":0,"43":0,"44":0,"45":0.001043,"46":0.038591,"47":0.036505,"48":0,"49":0},"safari":{"3.1":0,"3.2":0,"4":0,"5":0.001043,"5.1":0.001043,"6":0.002086,"6.1":0.003129,"7":0.001043,"7.1":0,"8":0.006258,"9":0.007301,"9.1":0.027118,"10":0.021903,"10.1":0.143934,"11":0.001043,"0":null},"ios_saf":{"3.2":0,"4.0-4.1":0,"4.2-4.3":0,"5.0-5.1":0,"6.0-6.1":0,"7.0-7.1":0.0706298556112,"8":0,"8.1-8.4":0.0571765497805,"9.0-9.2":0.741613483917,"9.3":0.536450569999,"10.0-10.2":2.07349076116,"10.3":12.9891667795,"11":null},"android":{"2.1":0,"2.2":0,"2.3":0,"3":0,"4":0,"4.1":0.31795482476,"4.2-4.3":0.821383297297,"4.4":2.27426020488,"4.4.3-4.4.4":1.65159867306,"56":null},"op_mob":{"10":null,"11":null,"11.1":null,"11.5":null,"12":null,"12.1":null,"0":null},"ie":{"5.5":0,"6":0,"7":0,"8":0.040631081761,"9":0.0245924968553,"10":0.0203155408805,"11":0.253409641509},"edge":{"12":0.012516,"13":0.026075,"14":0.033376,"15":null,"16":null},"bb":{"7":0.0017914,"10":0.0071656},"samsung":{"4":0,"5":0},"ie_mob":{"10":null,"11":null},"baidu":{"0":null},"and_ff":{"0":0.062699},"and_qq":{"1.2":null},"and_uc":{"0":1.110668},"op_mini":{"0":1.05950632781},"and_chr":{"0":51.269336}},"total":82.8892680888}