{"id":"LB","name":"Lebanon","month":"2017-08","access_date":"2017-09-04","data":{"chrome":{"4":0.004495,"5":0,"6":0,"7":0,"8":0.00899,"9":0,"10":0.004495,"11":0.013485,"12":0.00899,"13":0,"14":0.004495,"15":0.004495,"16":0.004495,"17":0.013485,"18":0.0899,"19":0.004495,"20":0.004495,"21":0.004495,"22":0.00899,"23":0.004495,"24":0.004495,"25":0,"26":0.022475,"27":0.013485,"28":0,"29":0.013485,"30":0.013485,"31":0.031465,"32":0.022475,"33":0.013485,"34":0.013485,"35":0.00899,"36":0.076415,"37":0.004495,"38":0.022475,"39":0.01798,"40":0.02697,"41":0.013485,"42":0.004495,"43":0.076415,"44":0.013485,"45":0.00899,"46":0.049445,"47":0.013485,"48":0.013485,"49":0.723695,"50":0.013485,"51":0.049445,"52":0.022475,"53":0.040455,"54":0.031465,"55":0.238235,"56":0.24273,"57":0.13485,"58":0.328135,"59":6.49078,"60":18.59132,"61":0.13485,"62":0.0899,"63":0},"firefox":{"2":0.004495,"3":0.004495,"3.5":0,"3.6":0.004495,"4":0.004495,"5":0,"6":0.004495,"7":0,"8":0,"9":0,"10":0.02697,"11":0,"12":0.00899,"13":0.004495,"14":0.004495,"15":0.004495,"16":0.013485,"17":0,"18":0,"19":0,"20":0,"21":0.004495,"22":0.004495,"23":0.00899,"24":0.00899,"25":0.004495,"26":0.00899,"27":0,"28":0,"29":0.004495,"30":0.004495,"31":0,"32":0.004495,"33":0,"34":0.00899,"35":0.013485,"36":0.00899,"37":0.00899,"38":0.00899,"39":0.01798,"40":0.02697,"41":0.004495,"42":0.00899,"43":0.040455,"44":0.013485,"45":0.02697,"46":0.022475,"47":0.47647,"48":0.23374,"49":0.022475,"50":0.031465,"51":0.02697,"52":0.17081,"53":0.08091,"54":3.22741,"55":0.975415,"56":0.06293,"57":0,"58":0},"opera":{"9":0,"9.5-9.6":0,"10.0-10.1":0,"10.5":0,"10.6":0,"11":0,"11.1":0,"11.5":0,"11.6":0.004495,"12":0,"12.1":0.004495,"15":0,"16":0,"17":0,"18":0,"19":0,"20":0,"21":0,"22":0,"23":0,"24":0,"25":0,"26":0,"27":0,"28":0.004495,"29":0,"30":0,"31":0,"32":0,"33":0,"34":0,"35":0,"36":0.004495,"37":0,"38":0.00899,"39":0,"40":0,"41":0,"42":0.004495,"43":0,"44":0,"45":0.004495,"46":0.256215,"47":0.24273,"48":0,"49":0},"safari":{"3.1":0,"3.2":0,"4":0.004495,"5":0.01798,"5.1":0.03596,"6":0.00899,"6.1":0.031465,"7":0.058435,"7.1":0.013485,"8":0.175305,"9":0.247225,"9.1":0.597835,"10":0.63829,"10.1":1.730575,"11":0.01798,"0":null},"ios_saf":{"3.2":0,"4.0-4.1":0,"4.2-4.3":0,"5.0-5.1":0,"6.0-6.1":0,"7.0-7.1":0.0661999213724,"8":0,"8.1-8.4":0.0535904125396,"9.0-9.2":0.69509917441,"9.3":0.502804164709,"10.0-10.2":1.94344054886,"10.3":12.1744807781,"11":null},"android":{"2.1":0,"2.2":0,"2.3":0,"3":0,"4":0,"4.1":0.213206312119,"4.2-4.3":0.550782972973,"4.4":1.5250173714,"4.4.3-4.4.4":1.1074883435,"56":null},"op_mob":{"10":null,"11":null,"11.1":null,"11.5":null,"12":null,"12.1":null,"0":null},"ie":{"5.5":0,"6":0.00452470264317,"7":0.00904940528634,"8":0.180988105727,"9":0.0859693502203,"10":0.0995434581498,"11":1.66961527533},"edge":{"12":0.09889,"13":0.1798,"14":0.409045,"15":null,"16":null},"bb":{"7":0.012111,"10":0.048444},"samsung":{"4":0,"5":0},"ie_mob":{"10":null,"11":null},"baidu":{"0":null},"and_ff":{"0":0.016515},"and_qq":{"1.2":null},"and_uc":{"0":1.822155},"op_mini":{"0":0.76829384106},"and_chr":{"0":27.853345}},"total":89.6775891384}