{"id":"LC","name":"Saint Lucia","month":"2017-08","access_date":"2017-09-04","data":{"chrome":{"4":0,"5":0,"6":0,"7":0,"8":0,"9":0,"10":0,"11":0.005841,"12":0,"13":0,"14":0,"15":0,"16":0,"17":0,"18":0,"19":0,"20":0,"21":0,"22":0.052569,"23":0,"24":0,"25":0,"26":0.005841,"27":0.029205,"28":0.005841,"29":0,"30":0,"31":0.005841,"32":0.052569,"33":0.005841,"34":0.029205,"35":0.005841,"36":0,"37":0.029205,"38":0.029205,"39":0.029205,"40":0.011682,"41":0.005841,"42":0.011682,"43":0.017523,"44":0,"45":0.005841,"46":0.011682,"47":0.005841,"48":0.011682,"49":0.531531,"50":0.017523,"51":0.035046,"52":0.05841,"53":0.017523,"54":0.023364,"55":0.239481,"56":0.151866,"57":0.122661,"58":0.245322,"59":7.622505,"60":23.469138,"61":0.081774,"62":0.040887,"63":0},"firefox":{"2":0.005841,"3":0.005841,"3.5":0,"3.6":0,"4":0,"5":0,"6":0,"7":0,"8":0,"9":0,"10":0,"11":0,"12":0,"13":0,"14":0,"15":0,"16":0,"17":0,"18":0,"19":0,"20":0,"21":0,"22":0,"23":0,"24":0,"25":0.005841,"26":0,"27":0.005841,"28":0,"29":0,"30":0,"31":0,"32":0,"33":0,"34":0,"35":0.005841,"36":0.064251,"37":0,"38":0.029205,"39":0.011682,"40":0.005841,"41":0,"42":0,"43":0.075933,"44":0,"45":0.029205,"46":0.011682,"47":0.023364,"48":0.035046,"49":0.023364,"50":0.052569,"51":0.023364,"52":0.239481,"53":0.046728,"54":2.645973,"55":1.045539,"56":0.064251,"57":0,"58":0},"opera":{"9":0,"9.5-9.6":0,"10.0-10.1":0,"10.5":0,"10.6":0,"11":0,"11.1":0,"11.5":0,"11.6":0,"12":0,"12.1":0.011682,"15":0,"16":0,"17":0,"18":0,"19":0,"20":0,"21":0,"22":0,"23":0,"24":0,"25":0,"26":0,"27":0,"28":0,"29":0.005841,"30":0,"31":0,"32":0,"33":0,"34":0,"35":0,"36":0,"37":0,"38":0.005841,"39":0.011682,"40":0,"41":0,"42":0.005841,"43":0,"44":0,"45":0.017523,"46":0.75933,"47":0.537372,"48":0.005841,"49":0},"safari":{"3.1":0,"3.2":0,"4":0,"5":0.011682,"5.1":0.064251,"6":0,"6.1":0.040887,"7":0.005841,"7.1":0.005841,"8":0.023364,"9":0.029205,"9.1":0.315414,"10":0.204435,"10.1":1.524501,"11":0.005841,"0":null},"ios_saf":{"3.2":0,"4.0-4.1":0,"4.2-4.3":0,"5.0-5.1":0,"6.0-6.1":0,"7.0-7.1":0.0333410436026,"8":0,"8.1-8.4":0.0269903686307,"9.0-9.2":0.350080957827,"9.3":0.253233164505,"10.0-10.2":0.978797780047,"10.3":6.13157668539,"11":null},"android":{"2.1":0,"2.2":0,"2.3":0,"3":0,"4":0,"4.1":0.289179306016,"4.2-4.3":0.747046540541,"4.4":2.06843531386,"4.4.3-4.4.4":1.50212583958,"56":null},"op_mob":{"10":null,"11":null,"11.1":null,"11.5":null,"12":null,"12.1":null,"0":null},"ie":{"5.5":0,"6":0,"7":0,"8":0.064251,"9":0.046728,"10":0.070092,"11":2.505789},"edge":{"12":0.210276,"13":0.449757,"14":1.337589,"15":null,"16":null},"bb":{"7":0.0316084,"10":0.1264336},"samsung":{"4":0,"5":0},"ie_mob":{"10":0.0465008695652,"11":0.220879130435},"baidu":{"0":null},"and_ff":{"0":0.024954},"and_qq":{"1.2":null},"and_uc":{"0":0.590578},"op_mini":{"0":0.541510062914},"and_chr":{"0":33.849315}},"total":93.5709800629}