{"id":"LI","name":"Liechtenstein","month":"2017-08","access_date":"2017-09-04","data":{"chrome":{"4":0,"5":0,"6":0,"7":0,"8":0,"9":0,"10":0,"11":0.00771,"12":0,"13":0,"14":0,"15":0,"16":0,"17":0,"18":0.00771,"19":0,"20":0,"21":0,"22":0,"23":0,"24":0,"25":0,"26":0,"27":0,"28":0,"29":0,"30":0,"31":0,"32":0,"33":0,"34":0.00771,"35":0.02313,"36":0,"37":0,"38":0.01542,"39":0,"40":0,"41":0,"42":0,"43":0,"44":0,"45":0.04626,"46":0.01542,"47":0,"48":1.98147,"49":0.34695,"50":0,"51":2.09712,"52":0.06168,"53":0.05397,"54":0.16191,"55":0.40092,"56":0.53199,"57":0.28527,"58":0.21588,"59":3.53118,"60":10.94049,"61":0.02313,"62":0.00771,"63":0},"firefox":{"2":0,"3":0.16962,"3.5":0,"3.6":0,"4":0,"5":0,"6":0,"7":0,"8":0,"9":0,"10":0,"11":0,"12":0,"13":0,"14":0,"15":0,"16":0,"17":0,"18":0,"19":0,"20":0,"21":0,"22":0,"23":0,"24":0,"25":0,"26":0,"27":0,"28":0.01542,"29":0,"30":0.00771,"31":0.01542,"32":0,"33":0.00771,"34":0.00771,"35":0,"36":0.00771,"37":0.03084,"38":0.08481,"39":0,"40":0.00771,"41":0.05397,"42":0.02313,"43":0.02313,"44":0.01542,"45":0.09252,"46":0.00771,"47":0.03855,"48":0.6939,"49":0.13107,"50":0.77871,"51":0.3084,"52":0.20046,"53":0.13107,"54":8.76627,"55":2.3901,"56":0.02313,"57":0,"58":0},"opera":{"9":0.14649,"9.5-9.6":0.02313,"10.0-10.1":0,"10.5":0,"10.6":0,"11":0.00771,"11.1":0,"11.5":0,"11.6":0,"12":0,"12.1":0,"15":0,"16":0,"17":0,"18":0,"19":0,"20":0,"21":0,"22":0,"23":0,"24":0,"25":0,"26":0,"27":0,"28":0,"29":0,"30":0,"31":0,"32":0,"33":0,"34":0,"35":0,"36":0.1542,"37":0,"38":0.01542,"39":0.02313,"40":0.00771,"41":0,"42":0,"43":0.00771,"44":0.00771,"45":0,"46":0.17733,"47":0.34695,"48":0,"49":0},"safari":{"3.1":0,"3.2":0,"4":0.28527,"5":0.0771,"5.1":0.17733,"6":0,"6.1":0.09252,"7":0.01542,"7.1":0,"8":0.11565,"9":0.16191,"9.1":1.29528,"10":1.28757,"10.1":5.15799,"11":0.01542,"0":null},"ios_saf":{"3.2":0,"4.0-4.1":0,"4.2-4.3":0,"5.0-5.1":0,"6.0-6.1":0,"7.0-7.1":0.081668277341,"8":0,"8.1-8.4":0.0661124149903,"9.0-9.2":0.85751691208,"9.3":0.620290011233,"10.0-10.2":2.3975472848,"10.3":15.0191850996,"11":null},"android":{"2.1":0,"2.2":0,"2.3":0,"3":0,"4":0,"4.1":0.0549811333915,"4.2-4.3":0.142034594595,"4.4":0.393267829119,"4.4.3-4.4.4":0.285596442895,"56":null},"op_mob":{"10":null,"11":null,"11.1":null,"11.5":null,"12":null,"12.1":null,"0":null},"ie":{"5.5":0,"6":0.697072839506,"7":0.697072839506,"8":3.1278909465,"9":0.857935802469,"10":2.12696584362,"11":12.0379117284},"edge":{"12":0.00771,"13":0.20817,"14":1.33383,"15":null,"16":null},"bb":{"7":0.00458,"10":0.01832},"samsung":{"4":0,"5":0},"ie_mob":{"10":null,"11":null},"baidu":{"0":null},"and_ff":{"0":0.01374},"and_qq":{"1.2":null},"and_uc":{"0":0.09847},"op_mini":{"0":0.0389754966887},"and_chr":{"0":7.5839}},"total":93.1649254967}