{"id":"LK","name":"Sri Lanka","month":"2017-08","access_date":"2017-09-04","data":{"chrome":{"4":0.002609,"5":0.002609,"6":0.002609,"7":0.005218,"8":0,"9":0.002609,"10":0.002609,"11":0.057398,"12":0.005218,"13":0.002609,"14":0.002609,"15":0.002609,"16":0.007827,"17":0.005218,"18":0.005218,"19":0.005218,"20":0.010436,"21":0.005218,"22":0.007827,"23":0.005218,"24":0.002609,"25":0.020872,"26":0.013045,"27":0.007827,"28":0.018263,"29":0.015654,"30":0.023481,"31":0.054789,"32":0.007827,"33":0.023481,"34":0.007827,"35":0.005218,"36":0.013045,"37":0.002609,"38":0.018263,"39":0.010436,"40":0.007827,"41":0.002609,"42":0.015654,"43":0.060007,"44":0.010436,"45":0.013045,"46":0.010436,"47":0.015654,"48":0.013045,"49":0.360042,"50":0.013045,"51":0.033917,"52":0.015654,"53":0.033917,"54":0.031308,"55":0.279163,"56":0.065225,"57":0.070443,"58":0.245246,"59":3.503887,"60":11.067378,"61":0.054789,"62":0.033917,"63":0},"firefox":{"2":0,"3":0.005218,"3.5":0.002609,"3.6":0.010436,"4":0.005218,"5":0.002609,"6":0.002609,"7":0.002609,"8":0.005218,"9":0.002609,"10":0.005218,"11":0.007827,"12":0.013045,"13":0.005218,"14":0.005218,"15":0.007827,"16":0.007827,"17":0.005218,"18":0.005218,"19":0.007827,"20":0.005218,"21":0.007827,"22":0.005218,"23":0.005218,"24":0.010436,"25":0.007827,"26":0.005218,"27":0.002609,"28":0.005218,"29":0.013045,"30":0.015654,"31":0.007827,"32":0.007827,"33":0.007827,"34":0.010436,"35":0.010436,"36":0.013045,"37":0.007827,"38":0.031308,"39":0.010436,"40":0.018263,"41":0.013045,"42":0.013045,"43":0.067834,"44":0.023481,"45":0.031308,"46":0.015654,"47":0.13045,"48":0.049571,"49":0.036526,"50":0.060007,"51":0.036526,"52":0.195675,"53":0.093924,"54":2.418543,"55":0.819226,"56":0.096533,"57":0.002609,"58":0},"opera":{"9":0,"9.5-9.6":0,"10.0-10.1":0,"10.5":0,"10.6":0,"11":0,"11.1":0,"11.5":0,"11.6":0.002609,"12":0,"12.1":0.005218,"15":0.002609,"16":0.002609,"17":0.002609,"18":0,"19":0.002609,"20":0.002609,"21":0,"22":0,"23":0,"24":0,"25":0,"26":0,"27":0,"28":0,"29":0,"30":0,"31":0,"32":0,"33":0,"34":0.002609,"35":0.002609,"36":0.013045,"37":0.007827,"38":0.002609,"39":0.002609,"40":0.005218,"41":0.005218,"42":0.010436,"43":0.007827,"44":0.002609,"45":0.015654,"46":0.433094,"47":0.388741,"48":0.002609,"49":0},"safari":{"3.1":0,"3.2":0,"4":0,"5":0,"5.1":0.002609,"6":0,"6.1":0,"7":0.002609,"7.1":0,"8":0.015654,"9":0.02609,"9.1":0.036526,"10":0.046962,"10.1":0.255682,"11":0.005218,"0":null},"ios_saf":{"3.2":0,"4.0-4.1":0,"4.2-4.3":0,"5.0-5.1":0,"6.0-6.1":0,"7.0-7.1":0.0232203559685,"8":0,"8.1-8.4":0.0187974310222,"9.0-9.2":0.24381373767,"9.3":0.176364132237,"10.0-10.2":0.681683307362,"10.3":4.27033403574,"11":null},"android":{"2.1":0,"2.2":0,"2.3":0,"3":0,"4":0,"4.1":0.313333893636,"4.2-4.3":0.809445891892,"4.4":2.24120771142,"4.4.3-4.4.4":1.62759550305,"56":null},"op_mob":{"10":null,"11":null,"11.1":null,"11.5":null,"12":null,"12.1":null,"0":null},"ie":{"5.5":0,"6":0.00788060958904,"7":0.00262686986301,"8":0.0866867054795,"9":0.0183880890411,"10":0.0394030479452,"11":0.609433808219},"edge":{"12":0.060007,"13":0.070443,"14":0.159149,"15":null,"16":null},"bb":{"7":0.014782,"10":0.059128},"samsung":{"4":0,"5":0},"ie_mob":{"10":0.0355256086957,"11":0.236837391304},"baidu":{"0":null},"and_ff":{"0":0.022173},"and_qq":{"1.2":null},"and_uc":{"0":14.220284},"op_mini":{"0":7.08848294371},"and_chr":{"0":32.688831}},"total":87.9058250738}