{"id":"LR","name":"Liberia","month":"2017-08","access_date":"2017-09-04","data":{"chrome":{"4":0,"5":0,"6":0,"7":0,"8":0.00277,"9":0,"10":0,"11":0.01108,"12":0,"13":0,"14":0,"15":0,"16":0.00277,"17":0.00277,"18":0.00277,"19":0,"20":0.00554,"21":0,"22":0.00277,"23":0,"24":0,"25":0,"26":0.01662,"27":0,"28":0,"29":0.00554,"30":0,"31":0.01662,"32":0.00277,"33":0.01662,"34":0.00554,"35":0,"36":0.00554,"37":0.00831,"38":0.00277,"39":0,"40":0,"41":0,"42":0.04432,"43":0.18559,"44":0.00554,"45":0.02216,"46":0.00554,"47":0.01385,"48":0.00277,"49":0.39611,"50":0.07479,"51":0.1939,"52":0.01385,"53":0.00554,"54":0.00831,"55":0.55677,"56":0.0554,"57":0.02493,"58":0.16343,"59":2.79493,"60":8.05793,"61":0.01108,"62":0.03047,"63":0},"firefox":{"2":0,"3":0.00554,"3.5":0.00554,"3.6":0.03878,"4":0.00554,"5":0.00277,"6":0.00831,"7":0.00277,"8":0,"9":0.00277,"10":0.01108,"11":0.00554,"12":0.00831,"13":0.00277,"14":0.00554,"15":0.01385,"16":0.00277,"17":0.00831,"18":0.00831,"19":0.00831,"20":0.01385,"21":0.04709,"22":0.00831,"23":0.00277,"24":0.07202,"25":0.00831,"26":0,"27":0.00554,"28":0,"29":0.00554,"30":0.00277,"31":0.00554,"32":0.00277,"33":0.01108,"34":0.00831,"35":0.00277,"36":0.00277,"37":0.01385,"38":0.00554,"39":0.00277,"40":0.01662,"41":0.01662,"42":0.01108,"43":0.07479,"44":0.03878,"45":0.01662,"46":0.01385,"47":0.07756,"48":0.04986,"49":0.10249,"50":0.06648,"51":0.08587,"52":0.1939,"53":0.06925,"54":2.62042,"55":0.96119,"56":0.14681,"57":0.00277,"58":0},"opera":{"9":0,"9.5-9.6":0,"10.0-10.1":0,"10.5":0,"10.6":0,"11":0.00277,"11.1":0,"11.5":0,"11.6":0.00277,"12":0,"12.1":0.03324,"15":0.00277,"16":0,"17":0.00554,"18":0.00831,"19":0,"20":0.00277,"21":0.01385,"22":0.01385,"23":0,"24":0.00277,"25":0,"26":0.00277,"27":0,"28":0.00277,"29":0,"30":0,"31":0,"32":0,"33":0.01385,"34":0,"35":0,"36":0.0554,"37":0.00554,"38":0.00831,"39":0,"40":0.01662,"41":0,"42":0.0277,"43":0.01662,"44":0.00554,"45":0.01939,"46":0.7756,"47":0.53738,"48":0,"49":0},"safari":{"3.1":0,"3.2":0,"4":0,"5":0,"5.1":0.01108,"6":0,"6.1":0.00554,"7":0.00277,"7.1":0,"8":0,"9":0.00554,"9.1":0.08033,"10":0.04432,"10.1":0.29362,"11":0.00554,"0":null},"ios_saf":{"3.2":0,"4.0-4.1":0,"4.2-4.3":0,"5.0-5.1":0,"6.0-6.1":0,"7.0-7.1":0.0142445318084,"8":0,"8.1-8.4":0.0115312876544,"9.0-9.2":0.149567583989,"9.3":0.10819061064,"10.0-10.2":0.418178755233,"10.3":2.61963723067,"11":null},"android":{"2.1":0,"2.2":0,"2.3":0,"3":0,"4":0,"4.1":0.490540331299,"4.2-4.3":1.26722918919,"4.4":3.50872598082,"4.4.3-4.4.4":2.54808449869,"56":null},"op_mob":{"10":null,"11":null,"11.1":null,"11.5":null,"12":null,"12.1":null,"0":null},"ie":{"5.5":0,"6":0.00277702154626,"7":0.0777566032953,"8":0.288810240811,"9":0.0166621292776,"10":0.269371089987,"11":1.53013887199},"edge":{"12":0.35179,"13":0.15235,"14":0.46813,"15":null,"16":null},"bb":{"7":0.066516,"10":0.266064},"samsung":{"4":0,"5":0},"ie_mob":{"10":null,"11":null},"baidu":{"0":null},"and_ff":{"0":0.02169},"and_qq":{"1.2":null},"and_uc":{"0":7.18662},"op_mini":{"0":16.052347649},"and_chr":{"0":34.996}},"total":92.6192036059}