{"id":"LS","name":"Lesotho","month":"2017-08","access_date":"2017-09-04","data":{"chrome":{"4":0,"5":0,"6":0.001834,"7":0,"8":0,"9":0,"10":0,"11":0.012838,"12":0,"13":0,"14":0,"15":0,"16":0,"17":0,"18":0,"19":0,"20":0,"21":0.003668,"22":0,"23":0.001834,"24":0,"25":0,"26":0.012838,"27":0.088032,"28":0.044016,"29":0.053186,"30":0.016506,"31":0.078862,"32":0.038514,"33":0.020174,"34":0.033012,"35":0.049518,"36":0.2751,"37":0.047684,"38":0.038514,"39":0.00917,"40":0.047684,"41":0.49518,"42":0.003668,"43":0.016506,"44":0.001834,"45":0.020174,"46":0.001834,"47":0.001834,"48":0,"49":0.122878,"50":0.016506,"51":0.00917,"52":0.011004,"53":0.005502,"54":0.012838,"55":0.319116,"56":0.020174,"57":0.02751,"58":0.10087,"59":1.190266,"60":3.792712,"61":0.001834,"62":0.007336,"63":0},"firefox":{"2":0,"3":0.007336,"3.5":0,"3.6":0.011004,"4":0,"5":0.001834,"6":0,"7":0,"8":0,"9":0,"10":0.001834,"11":0.003668,"12":0.003668,"13":0,"14":0.014672,"15":0,"16":0.005502,"17":0,"18":0.001834,"19":0.012838,"20":0,"21":0.26593,"22":0.044016,"23":0.060522,"24":0.040348,"25":0.077028,"26":0,"27":0.031178,"28":0.025676,"29":0.038514,"30":0.014672,"31":0.049518,"32":0.001834,"33":0.01834,"34":0.003668,"35":0.029344,"36":0.020174,"37":0.2751,"38":0.003668,"39":0.00917,"40":0.001834,"41":0.003668,"42":0.012838,"43":0.02751,"44":0.005502,"45":0.016506,"46":0.003668,"47":0.044016,"48":0.020174,"49":0.016506,"50":0.012838,"51":0.00917,"52":0.111874,"53":0.056854,"54":1.052716,"55":0.308112,"56":0.104538,"57":0,"58":0},"opera":{"9":0,"9.5-9.6":0,"10.0-10.1":0,"10.5":0,"10.6":0,"11":0,"11.1":0,"11.5":0,"11.6":0.025676,"12":0.051352,"12.1":0.077028,"15":0.001834,"16":0,"17":0,"18":0.001834,"19":0,"20":0,"21":0.003668,"22":0,"23":0.001834,"24":0,"25":0,"26":0.001834,"27":0,"28":0.520856,"29":0.001834,"30":0,"31":0,"32":0,"33":0.001834,"34":0.003668,"35":0,"36":0.01834,"37":0.001834,"38":0.005502,"39":0.001834,"40":0.007336,"41":0.001834,"42":0.011004,"43":0.001834,"44":0,"45":0.023842,"46":0.218246,"47":0.16506,"48":0,"49":0},"safari":{"3.1":0,"3.2":0,"4":0,"5":0.067858,"5.1":0.031178,"6":0,"6.1":0,"7":0.00917,"7.1":0.016506,"8":0.001834,"9":0.007336,"9.1":0.00917,"10":0.016506,"10.1":0.049518,"11":0,"0":null},"ios_saf":{"3.2":0,"4.0-4.1":0,"4.2-4.3":0,"5.0-5.1":0,"6.0-6.1":0,"7.0-7.1":0.00525418155826,"8":0,"8.1-8.4":0.00425338507097,"9.0-9.2":0.0551689063617,"9.3":0.0399067599306,"10.0-10.2":0.154247758603,"10.3":0.966269008475,"11":null},"android":{"2.1":0,"2.2":0,"2.3":0,"3":0,"4":0,"4.1":0.270933300785,"4.2-4.3":0.699911027027,"4.4":1.93792569311,"4.4.3-4.4.4":1.40734797908,"56":null},"op_mob":{"10":null,"11":null,"11.1":null,"11.5":null,"12":null,"12.1":null,"0":null},"ie":{"5.5":0,"6":0.00183539361702,"7":0.00734157446809,"8":0.200057904255,"9":0.401951202128,"10":0.207399478723,"11":1.59679244681},"edge":{"12":0.143052,"13":0.188902,"14":0.377804,"15":null,"16":null},"bb":{"7":0.2025168,"10":0.8100672},"samsung":{"4":0,"5":0},"ie_mob":{"10":null,"11":null},"baidu":{"0":null},"and_ff":{"0":0.032664},"and_qq":{"1.2":null},"and_uc":{"0":13.294248},"op_mini":{"0":25.2325884834},"and_chr":{"0":29.507464}},"total":89.0378404834}