{"id":"LT","name":"Lithuania","month":"2017-08","access_date":"2017-09-04","data":{"chrome":{"4":0.007736,"5":0.007736,"6":0,"7":0,"8":0,"9":0.007736,"10":0.007736,"11":0.015472,"12":0.007736,"13":0.007736,"14":0.007736,"15":0.007736,"16":0.007736,"17":0.023208,"18":0.108304,"19":0.007736,"20":0.015472,"21":0,"22":0.030944,"23":0.015472,"24":0.007736,"25":0.007736,"26":0.023208,"27":0.007736,"28":0.007736,"29":0.30944,"30":0,"31":0.015472,"32":0.007736,"33":0.007736,"34":0.054152,"35":0.007736,"36":0.030944,"37":0.015472,"38":0.054152,"39":0.023208,"40":0.03868,"41":0.015472,"42":0.007736,"43":0.07736,"44":0.015472,"45":0.030944,"46":0.023208,"47":0.054152,"48":0.061888,"49":1.640032,"50":0.023208,"51":0.123776,"52":0.023208,"53":0.03868,"54":0.11604,"55":0.15472,"56":0.177928,"57":0.185664,"58":0.448688,"59":9.894344,"60":30.928528,"61":0.07736,"62":0.03868,"63":0},"firefox":{"2":0.007736,"3":0.023208,"3.5":0.015472,"3.6":0.092832,"4":0.007736,"5":0,"6":0,"7":0,"8":0,"9":0,"10":0.007736,"11":0.030944,"12":0.007736,"13":0,"14":0.015472,"15":0.007736,"16":0,"17":0,"18":0,"19":0,"20":0.007736,"21":0.015472,"22":0,"23":0.007736,"24":0.007736,"25":0.007736,"26":0,"27":0,"28":0,"29":0.007736,"30":0.007736,"31":0.023208,"32":0.007736,"33":0.015472,"34":0.007736,"35":0.015472,"36":0.007736,"37":0.007736,"38":0.03868,"39":0.007736,"40":0.030944,"41":0.030944,"42":0.023208,"43":0.054152,"44":0.015472,"45":0.061888,"46":0.054152,"47":0.085096,"48":0.185664,"49":0.054152,"50":0.11604,"51":0.170192,"52":1.299648,"53":0.162456,"54":8.169216,"55":3.125344,"56":0.03868,"57":0.007736,"58":0},"opera":{"9":0,"9.5-9.6":0,"10.0-10.1":0,"10.5":0,"10.6":0.015472,"11":0.007736,"11.1":0,"11.5":0.007736,"11.6":0.046416,"12":0.03868,"12.1":0.170192,"15":0,"16":0,"17":0,"18":0.007736,"19":0.007736,"20":0.007736,"21":0,"22":0,"23":0,"24":0,"25":0,"26":0,"27":0.030944,"28":0,"29":0,"30":0,"31":0,"32":0.007736,"33":0,"34":0.007736,"35":0,"36":0.146984,"37":0.015472,"38":0.007736,"39":0.015472,"40":0.007736,"41":0.007736,"42":0.023208,"43":0.015472,"44":0.007736,"45":0.015472,"46":1.802488,"47":1.825696,"48":0.015472,"49":0},"safari":{"3.1":0,"3.2":0,"4":0.015472,"5":0.023208,"5.1":0.030944,"6":0.007736,"6.1":0.015472,"7":0.015472,"7.1":0,"8":0.03868,"9":0.061888,"9.1":0.201136,"10":0.263024,"10.1":1.802488,"11":0.015472,"0":null},"ios_saf":{"3.2":0,"4.0-4.1":0,"4.2-4.3":0,"5.0-5.1":0,"6.0-6.1":0,"7.0-7.1":0.0234123345247,"8":0,"8.1-8.4":0.0189528422342,"9.0-9.2":0.245829512509,"9.3":0.17782225508,"10.0-10.2":0.68731924926,"10.3":4.30563980639,"11":null},"android":{"2.1":0,"2.2":0,"2.3":0,"3":0,"4":0,"4.1":0.0501451438535,"4.2-4.3":0.129541621622,"4.4":0.358677070619,"4.4.3-4.4.4":0.260476163906,"56":null},"op_mob":{"10":null,"11":null,"11.1":null,"11.5":null,"12":null,"12.1":null,"0":null},"ie":{"5.5":0,"6":0.00792370190641,"7":0.0158474038128,"8":0.30902437435,"9":0.142626634315,"10":0.174321441941,"11":3.92223244367},"edge":{"12":0.03868,"13":0.11604,"14":0.874168,"15":null,"16":null},"bb":{"7":0.0054336,"10":0.0217344},"samsung":{"4":0,"5":0},"ie_mob":{"10":null,"11":null},"baidu":{"0":null},"and_ff":{"0":0.027168},"and_qq":{"1.2":null},"and_uc":{"0":0.081504},"op_mini":{"0":0.29670394702},"and_chr":{"0":14.951768}},"total":93.153711947}