{"id":"LU","name":"Luxembourg","month":"2017-08","access_date":"2017-09-04","data":{"chrome":{"4":0,"5":0,"6":0,"7":0,"8":0,"9":0,"10":0,"11":0.006835,"12":0.01367,"13":0,"14":0,"15":0,"16":0.020505,"17":0,"18":0,"19":0,"20":0.006835,"21":0.006835,"22":0.02734,"23":0.01367,"24":0.1367,"25":0,"26":0.006835,"27":0,"28":0.006835,"29":0.01367,"30":0.006835,"31":0.006835,"32":0.006835,"33":0,"34":0.034175,"35":0.006835,"36":0.061515,"37":0.01367,"38":0.020505,"39":0.01367,"40":0.01367,"41":0.034175,"42":0.006835,"43":0.061515,"44":0.034175,"45":0.075185,"46":0.034175,"47":0.01367,"48":0.02734,"49":1.045755,"50":0.034175,"51":0.102525,"52":0.05468,"53":0.15037,"54":0.198215,"55":0.36909,"56":0.403265,"57":0.16404,"58":0.280235,"59":5.379145,"60":16.492855,"61":0.102525,"62":0.02734,"63":0},"firefox":{"2":0,"3":0,"3.5":0.04101,"3.6":0.06835,"4":0,"5":0,"6":0.006835,"7":0,"8":0,"9":0,"10":0,"11":0,"12":0.034175,"13":0.006835,"14":0.006835,"15":0,"16":0.034175,"17":0,"18":0.006835,"19":0.006835,"20":0,"21":0.006835,"22":0,"23":0,"24":0.01367,"25":0,"26":0.006835,"27":0.006835,"28":0,"29":0.006835,"30":0.006835,"31":0.01367,"32":0,"33":0.006835,"34":0.020505,"35":0.020505,"36":0.01367,"37":0.006835,"38":0.2734,"39":0.006835,"40":0.02734,"41":0.06835,"42":0.047845,"43":0.047845,"44":0.006835,"45":0.485285,"46":0.01367,"47":0.08202,"48":0.28707,"49":0.09569,"50":0.170875,"51":0.17771,"52":1.483195,"53":0.12303,"54":7.210925,"55":3.150935,"56":0.034175,"57":0.006835,"58":0},"opera":{"9":0,"9.5-9.6":0,"10.0-10.1":0,"10.5":0,"10.6":0,"11":0,"11.1":0,"11.5":0.006835,"11.6":0.01367,"12":0.006835,"12.1":0.075185,"15":0,"16":0,"17":0,"18":0,"19":0,"20":0,"21":0,"22":0,"23":0,"24":0,"25":0,"26":0,"27":0.006835,"28":0,"29":0,"30":0,"31":0,"32":0,"33":0,"34":0.01367,"35":0,"36":0.04101,"37":0,"38":0.01367,"39":0.01367,"40":0.020505,"41":0.006835,"42":0.006835,"43":0.006835,"44":0,"45":0.006835,"46":0.649325,"47":0.553635,"48":0.006835,"49":0},"safari":{"3.1":0,"3.2":0,"4":0.006835,"5":0.047845,"5.1":0.143535,"6":0.01367,"6.1":0.10936,"7":0.020505,"7.1":0,"8":0.088855,"9":0.15037,"9.1":0.91589,"10":0.65616,"10.1":4.394905,"11":0.06835,"0":null},"ios_saf":{"3.2":0,"4.0-4.1":0,"4.2-4.3":0,"5.0-5.1":0,"6.0-6.1":0,"7.0-7.1":0.080016733381,"8":0,"8.1-8.4":0.0647754508322,"9.0-9.2":0.8401757005,"9.3":0.607746141632,"10.0-10.2":2.34906267283,"10.3":14.7154583008,"11":null},"android":{"2.1":0,"2.2":0,"2.3":0,"3":0,"4":0,"4.1":0.043067863993,"4.2-4.3":0.111258648649,"4.4":0.308054860506,"4.4.3-4.4.4":0.223713626853,"56":null},"op_mob":{"10":null,"11":null,"11.1":null,"11.5":null,"12":null,"12.1":null,"0":null},"ie":{"5.5":0,"6":0.00684869739479,"7":1.0546993988,"8":2.33540581162,"9":0.109579158317,"10":0.17121743487,"11":6.574749499},"edge":{"12":0.034175,"13":0.198215,"14":1.02525,"15":null,"16":null},"bb":{"7":0.005064,"10":0.020256},"samsung":{"4":0,"5":0},"ie_mob":{"10":null,"11":null},"baidu":{"0":null},"and_ff":{"0":0.155085},"and_qq":{"1.2":null},"and_uc":{"0":0.357645},"op_mini":{"0":0.175070612583},"and_chr":{"0":12.461575}},"total":91.7706406126}