{"id":"LV","name":"Latvia","month":"2017-08","access_date":"2017-09-04","data":{"chrome":{"4":0.015874,"5":0.007937,"6":0.015874,"7":0,"8":0,"9":0.007937,"10":0.015874,"11":0.063496,"12":0.007937,"13":0.007937,"14":0.039685,"15":0.023811,"16":0.015874,"17":0.015874,"18":0.07937,"19":0.015874,"20":0.023811,"21":0.031748,"22":0.063496,"23":0.031748,"24":0.015874,"25":0.023811,"26":0.023811,"27":0.015874,"28":0.015874,"29":0.023811,"30":0.007937,"31":0.039685,"32":0.007937,"33":0.007937,"34":0.023811,"35":0.007937,"36":0.015874,"37":0.023811,"38":0.047622,"39":0.023811,"40":0.039685,"41":0.023811,"42":0.023811,"43":0.047622,"44":0.015874,"45":0.015874,"46":0.015874,"47":0.015874,"48":0.031748,"49":1.992187,"50":0.047622,"51":0.182551,"52":0.047622,"53":0.103181,"54":0.23811,"55":0.301606,"56":0.349228,"57":0.253984,"58":0.627023,"59":9.532337,"60":30.700316,"61":0.126992,"62":0.103181,"63":0},"firefox":{"2":0,"3":0.031748,"3.5":0.055559,"3.6":0.142866,"4":0.015874,"5":0,"6":0,"7":0,"8":0.007937,"9":0.007937,"10":0.007937,"11":0.007937,"12":0.023811,"13":0.007937,"14":0.007937,"15":0.031748,"16":0.039685,"17":0.015874,"18":0,"19":0.007937,"20":0.015874,"21":0.023811,"22":0.015874,"23":0.015874,"24":0.039685,"25":0.015874,"26":0,"27":0,"28":0.031748,"29":0.015874,"30":0.007937,"31":0.015874,"32":0.015874,"33":0.031748,"34":0.015874,"35":0.007937,"36":0.007937,"37":0.031748,"38":0.071433,"39":0.007937,"40":0.063496,"41":0.015874,"42":0.023811,"43":0.039685,"44":0.071433,"45":0.166677,"46":0.047622,"47":0.103181,"48":0.31748,"49":0.071433,"50":0.190488,"51":0.142866,"52":1.714392,"53":0.206362,"54":7.976685,"55":2.785887,"56":0.07937,"57":0.007937,"58":0},"opera":{"9":0,"9.5-9.6":0,"10.0-10.1":0,"10.5":0,"10.6":0.007937,"11":0.015874,"11.1":0,"11.5":0.007937,"11.6":0.031748,"12":0.039685,"12.1":0.261921,"15":0,"16":0,"17":0,"18":0.015874,"19":0,"20":0.007937,"21":0,"22":0,"23":0,"24":0,"25":0.015874,"26":0,"27":0.023811,"28":0,"29":0,"30":0,"31":0,"32":0,"33":0,"34":0.023811,"35":0,"36":0.103181,"37":0.007937,"38":0.015874,"39":0.007937,"40":0.015874,"41":0.007937,"42":0.023811,"43":0.015874,"44":0.007937,"45":0.047622,"46":1.166739,"47":1.166739,"48":0.015874,"49":0},"safari":{"3.1":0.007937,"3.2":0,"4":0.023811,"5":0.047622,"5.1":0.087307,"6":0.031748,"6.1":0.015874,"7":0.007937,"7.1":0,"8":0.039685,"9":0.063496,"9.1":0.246047,"10":0.269858,"10.1":2.404911,"11":0.023811,"0":null},"ios_saf":{"3.2":0,"4.0-4.1":0,"4.2-4.3":0,"5.0-5.1":0,"6.0-6.1":0,"7.0-7.1":0.0271897741244,"8":0,"8.1-8.4":0.0220107695293,"9.0-9.2":0.285492628306,"9.3":0.20651280823,"10.0-10.2":0.798214083223,"10.3":5.00032893659,"11":null},"android":{"2.1":0,"2.2":0,"2.3":0,"3":0,"4":0,"4.1":0.0492947654752,"4.2-4.3":0.127344810811,"4.4":0.352594503051,"4.4.3-4.4.4":0.256058920663,"56":null},"op_mob":{"10":null,"11":null,"11.1":null,"11.5":null,"12":null,"12.1":null,"0":null},"ie":{"5.5":0,"6":0.00824344787645,"7":0.00824344787645,"8":0.791370996139,"9":0.123651718147,"10":0.305007571429,"11":3.03358881853},"edge":{"12":0.031748,"13":0.150803,"14":0.666708,"15":null,"16":null},"bb":{"7":0.0024756,"10":0.0099024},"samsung":{"4":0,"5":0},"ie_mob":{"10":null,"11":null},"baidu":{"0":null},"and_ff":{"0":0.024756},"and_qq":{"1.2":null},"and_uc":{"0":0.088709},"op_mini":{"0":0.154492741722},"and_chr":{"0":13.229428}},"total":92.5519627417}