{"id":"LY","name":"Libya","month":"2017-08","access_date":"2017-09-04","data":{"chrome":{"4":0.015088,"5":0.003772,"6":0.011316,"7":0,"8":0.007544,"9":0.011316,"10":0.003772,"11":0.022632,"12":0.015088,"13":0.022632,"14":0.033948,"15":0.030176,"16":0.01886,"17":0.015088,"18":0.007544,"19":0.011316,"20":0.007544,"21":0.003772,"22":0.041492,"23":0.030176,"24":0.011316,"25":0.011316,"26":0.030176,"27":0.067896,"28":0.003772,"29":0.033948,"30":0.015088,"31":0.105616,"32":0.045264,"33":0.13202,"34":0.011316,"35":0.011316,"36":0.071668,"37":0.011316,"38":0.079212,"39":0.011316,"40":0.01886,"41":0.01886,"42":0.01886,"43":0.727996,"44":0.01886,"45":0.01886,"46":0.033948,"47":0.022632,"48":0.01886,"49":0.694048,"50":0.03772,"51":0.090528,"52":0.109388,"53":0.067896,"54":0.041492,"55":0.64124,"56":0.196144,"57":0.267812,"58":0.482816,"59":4.748948,"60":13.217088,"61":0.041492,"62":0.033948,"63":0},"firefox":{"2":0,"3":0.015088,"3.5":0,"3.6":0.011316,"4":0.003772,"5":0.003772,"6":0.01886,"7":0.007544,"8":0.015088,"9":0.003772,"10":0.007544,"11":0.007544,"12":0.124476,"13":0.011316,"14":0.007544,"15":0.003772,"16":0.007544,"17":0.003772,"18":0.003772,"19":0.003772,"20":0.011316,"21":0.003772,"22":0.022632,"23":0.015088,"24":0.015088,"25":0.098072,"26":0.007544,"27":0.015088,"28":0.003772,"29":0.11316,"30":0.007544,"31":0.003772,"32":0.03772,"33":0.015088,"34":0.011316,"35":0.011316,"36":0.011316,"37":0.007544,"38":0.01886,"39":0.015088,"40":0.026404,"41":0.011316,"42":0.007544,"43":0.07544,"44":0.030176,"45":0.041492,"46":0.011316,"47":0.13202,"48":0.049036,"49":0.0943,"50":0.03772,"51":0.026404,"52":0.39606,"53":0.158424,"54":2.983652,"55":0.803436,"56":0.05658,"57":0,"58":0},"opera":{"9":0,"9.5-9.6":0,"10.0-10.1":0,"10.5":0,"10.6":0,"11":0,"11.1":0.003772,"11.5":0.003772,"11.6":0.007544,"12":0.003772,"12.1":0.030176,"15":0.003772,"16":0,"17":0.003772,"18":0.01886,"19":0,"20":0.011316,"21":0,"22":0.003772,"23":0,"24":0.003772,"25":0,"26":0,"27":0,"28":0.003772,"29":0.003772,"30":0,"31":0,"32":0,"33":0.003772,"34":0.003772,"35":0,"36":0.026404,"37":0.03772,"38":0.003772,"39":0.007544,"40":0.003772,"41":0.011316,"42":0.022632,"43":0.01886,"44":0.015088,"45":0.049036,"46":0.818524,"47":0.795892,"48":0.007544,"49":0},"safari":{"3.1":0,"3.2":0,"4":0.01886,"5":0.003772,"5.1":0.011316,"6":0,"6.1":0,"7":0.003772,"7.1":0,"8":0.015088,"9":0.045264,"9.1":0.022632,"10":0.045264,"10.1":0.173512,"11":0,"0":null},"ios_saf":{"3.2":0,"4.0-4.1":0,"4.2-4.3":0,"5.0-5.1":0,"6.0-6.1":0,"7.0-7.1":0.0280958856326,"8":0,"8.1-8.4":0.0227442883692,"9.0-9.2":0.295006799142,"9.3":0.213394940876,"10.0-10.2":0.824814928214,"10.3":5.16696715777,"11":null},"android":{"2.1":0,"2.2":0,"2.3":0,"3":0,"4":0,"4.1":0.494774960767,"4.2-4.3":1.27816864865,"4.4":3.53901534438,"4.4.3-4.4.4":2.57008104621,"56":null},"op_mob":{"10":null,"11":null,"11.1":null,"11.5":null,"12":null,"12.1":null,"0":null},"ie":{"5.5":0,"6":0.0190645553145,"7":0.00381291106291,"8":0.266903774403,"9":0.167768086768,"10":0.186832642082,"11":1.11337003037},"edge":{"12":0.090528,"13":0.064124,"14":0.139564,"15":null,"16":null},"bb":{"7":0.0037368,"10":0.0149472},"samsung":{"4":0,"5":0},"ie_mob":{"10":null,"11":null},"baidu":{"0":null},"and_ff":{"0":0.06228},"and_qq":{"1.2":null},"and_uc":{"0":1.382616},"op_mini":{"0":12.9319676821},"and_chr":{"0":29.920148}},"total":91.2483116821}