{"id":"MC","name":"Monaco","month":"2017-08","access_date":"2017-09-04","data":{"chrome":{"4":0,"5":0,"6":0,"7":0,"8":0,"9":0,"10":0,"11":0,"12":0,"13":0,"14":0,"15":0,"16":0,"17":0,"18":0,"19":0,"20":0,"21":0.023511,"22":0,"23":0.007837,"24":0,"25":0,"26":0,"27":0,"28":0,"29":0,"30":0,"31":0.109718,"32":0,"33":0,"34":0.031348,"35":0.007837,"36":0,"37":0.007837,"38":0.007837,"39":0,"40":0,"41":0.031348,"42":0,"43":0,"44":0.007837,"45":0.15674,"46":0,"47":0.289969,"48":0.7837,"49":0.532916,"50":0.007837,"51":0.634797,"52":0.289969,"53":0.101881,"54":0.188088,"55":0.15674,"56":0.901255,"57":0.415361,"58":0.274295,"59":7.52352,"60":18.761778,"61":0.438872,"62":0.031348,"63":0},"firefox":{"2":0,"3":0.054859,"3.5":0,"3.6":0.007837,"4":0,"5":0,"6":0,"7":0,"8":0,"9":0,"10":0,"11":0,"12":0,"13":0,"14":0.015674,"15":0,"16":0,"17":0,"18":0,"19":0,"20":0,"21":0.007837,"22":0,"23":0,"24":0,"25":0,"26":0,"27":0,"28":0,"29":0,"30":0,"31":0.047022,"32":0,"33":0.007837,"34":0,"35":0,"36":0,"37":0,"38":0.039185,"39":0,"40":0.015674,"41":0,"42":0.031348,"43":0.023511,"44":0.007837,"45":0.023511,"46":0,"47":0.007837,"48":0.297806,"49":0.039185,"50":0.15674,"51":0.07837,"52":0.666145,"53":0.047022,"54":6.11286,"55":2.648906,"56":0,"57":0,"58":0},"opera":{"9":0,"9.5-9.6":0.007837,"10.0-10.1":0,"10.5":0,"10.6":0,"11":0,"11.1":0,"11.5":0,"11.6":0,"12":0,"12.1":0.015674,"15":0,"16":0,"17":0,"18":0,"19":0,"20":0,"21":0,"22":0,"23":0,"24":0,"25":0,"26":0,"27":0,"28":0,"29":0,"30":0,"31":0,"32":0,"33":0,"34":0,"35":0,"36":0,"37":0.007837,"38":0.015674,"39":0.015674,"40":0,"41":0.195925,"42":0.094044,"43":0,"44":0,"45":0,"46":0.172414,"47":0.125392,"48":0,"49":0},"safari":{"3.1":0,"3.2":0,"4":0.094044,"5":0.023511,"5.1":0.203762,"6":0,"6.1":0.501568,"7":0.007837,"7.1":0.015674,"8":0.109718,"9":0.141066,"9.1":1.575237,"10":0.956114,"10.1":9.945153,"11":0.094044,"0":null},"ios_saf":{"3.2":0,"4.0-4.1":0,"4.2-4.3":0,"5.0-5.1":0,"6.0-6.1":0,"7.0-7.1":0.0893140486061,"8":0,"8.1-8.4":0.0723018488716,"9.0-9.2":0.937797510365,"9.3":0.678361464413,"10.0-10.2":2.62200528408,"10.3":16.4252788437,"11":null},"android":{"2.1":0,"2.2":0,"2.3":0,"3":0,"4":0,"4.1":0.0188317349608,"4.2-4.3":0.0486486486486,"4.4":0.134699215344,"4.4.3-4.4.4":0.0978204010462,"56":null},"op_mob":{"10":null,"11":null,"11.1":null,"11.5":null,"12":null,"12.1":null,"0":null},"ie":{"5.5":0,"6":0.340712794422,"7":0.26208676494,"8":1.26675269721,"9":0.445547500398,"10":0.681425588845,"11":7.96743765418},"edge":{"12":0.007837,"13":0.054859,"14":0.94044,"15":null,"16":null},"bb":{"7":0.0051912,"10":0.0207648},"samsung":{"4":0,"5":0},"ie_mob":{"10":0.0465008695652,"11":0.220879130435},"baidu":{"0":null},"and_ff":{"0":0.017304},"and_qq":{"1.2":null},"and_uc":{"0":0.084357},"op_mini":{"0":0.0699465496689},"and_chr":{"0":6.465774}},"total":96.4022535497}