{"id":"MD","name":"Moldova","month":"2017-08","access_date":"2017-09-04","data":{"chrome":{"4":0.057085,"5":0.040775,"6":0.040775,"7":0.03262,"8":0.01631,"9":0.04893,"10":0.057085,"11":0.073395,"12":0.089705,"13":0.073395,"14":0.122325,"15":0.11417,"16":0.08155,"17":0.089705,"18":0.203875,"19":0.13048,"20":0.106015,"21":0.252805,"22":0.1631,"23":0.138635,"24":0.154945,"25":0.106015,"26":0.089705,"27":0.122325,"28":0.057085,"29":0.073395,"30":0.024465,"31":0.024465,"32":0.03262,"33":0.040775,"34":0.04893,"35":0.073395,"36":0.057085,"37":0.01631,"38":0.122325,"39":0.11417,"40":0.220185,"41":0.06524,"42":0.08155,"43":0.09786,"44":0.01631,"45":0.057085,"46":0.01631,"47":0.04893,"48":0.073395,"49":1.82672,"50":0.024465,"51":0.11417,"52":0.073395,"53":0.073395,"54":0.14679,"55":0.26096,"56":0.497455,"57":0.29358,"58":0.921515,"59":8.79109,"60":35.03388,"61":0.106015,"62":0.106015,"63":null},"firefox":{"2":0.040775,"3":0.236495,"3.5":0.366975,"3.6":1.573915,"4":0.040775,"5":0.024465,"6":0.040775,"7":null,"8":0.01631,"9":0.024465,"10":0.024465,"11":0.04893,"12":0.057085,"13":0.024465,"14":0.03262,"15":0.089705,"16":0.057085,"17":0.03262,"18":0.008155,"19":0.024465,"20":0.03262,"21":0.040775,"22":0.040775,"23":0.03262,"24":0.08155,"25":0.06524,"26":0.024465,"27":0.008155,"28":0.01631,"29":null,"30":null,"31":0.040775,"32":0.03262,"33":0.024465,"34":0.138635,"35":0.122325,"36":0.08155,"37":0.024465,"38":0.106015,"39":0.008155,"40":0.024465,"41":0.008155,"42":0.008155,"43":0.057085,"44":0.01631,"45":0.203875,"46":0.008155,"47":0.089705,"48":0.073395,"49":0.073395,"50":0.13048,"51":0.089705,"52":2.291555,"53":0.14679,"54":3.44141,"55":1.247715,"56":0.057085,"57":null,"58":null},"opera":{"9":null,"9.5-9.6":null,"10.0-10.1":0.008155,"10.5":0.024465,"10.6":0.073395,"11":0.057085,"11.1":0.04893,"11.5":0.08155,"11.6":0.285425,"12":0.318045,"12.1":0.839965,"15":0.057085,"16":null,"17":null,"18":0.01631,"19":0.024465,"20":0.040775,"21":0.024465,"22":null,"23":0.01631,"24":0.03262,"25":0.040775,"26":0.057085,"27":0.27727,"28":0.01631,"29":0.008155,"30":null,"31":null,"32":null,"33":null,"34":null,"35":null,"36":0.11417,"37":0.008155,"38":0.008155,"39":0.008155,"40":null,"41":0.024465,"42":0.040775,"43":0.040775,"44":0.01631,"45":0.057085,"46":1.1417,"47":1.215095,"48":0.008155,"49":null},"safari":{"3.1":0.01631,"3.2":0.01631,"4":0.122325,"5":0.236495,"5.1":0.13048,"6":0.024465,"6.1":0.03262,"7":0.024465,"7.1":null,"8":0.024465,"9":0.024465,"9.1":0.089705,"10":0.11417,"10.1":0.84812,"11":null,"0":null},"ios_saf":{"3.2":0,"4.0-4.1":0,"4.2-4.3":0,"5.0-5.1":0,"6.0-6.1":0,"7.0-7.1":0.0119655696926,"8":0,"8.1-8.4":0.00968641356071,"9.0-9.2":0.125638481773,"9.3":0.0908813507607,"10.0-10.2":0.351274938834,"10.3":2.20052524538,"11":null},"android":{"2.1":0,"2.2":0,"2.3":0,"3":0,"4":0,"4.1":0.055098141238,"4.2-4.3":0.142336864865,"4.4":0.394104760244,"4.4.3-4.4.4":0.286204233653,"56":null},"op_mob":{"10":null,"11":null,"11.1":null,"11.5":null,"12":null,"12.1":null,"0":null},"ie":{"5.5":null,"6":0.0504935526316,"7":0.0757403289474,"8":1.23709203947,"9":0.698494144737,"10":0.412364013158,"11":2.00291092105},"edge":{"12":0.03262,"13":0.073395,"14":0.37513,"15":null,"16":null},"bb":{"7":0.0029504,"10":0.0118016},"samsung":{"4":0.638902684564,"5":0.974597315436},"ie_mob":{"10":0.0465008695652,"11":0.220879130435},"baidu":{"0":null},"and_ff":{"0":0.108796},"and_qq":{"1.2":null},"and_uc":{"0":0.178868},"op_mini":{"0":0.338954066225},"and_chr":{"0":12.420345}},"total":93.9951310662}