{"id":"ME","name":"Montenegro","month":"2017-08","access_date":"2017-09-04","data":{"chrome":{"4":0,"5":0,"6":0,"7":0,"8":0.023495,"9":0.009398,"10":0.009398,"11":0.009398,"12":0.004699,"13":0,"14":0.004699,"15":0,"16":0.004699,"17":0.004699,"18":0.018796,"19":0,"20":0.009398,"21":0.004699,"22":0.04699,"23":0.004699,"24":0,"25":0,"26":0.061087,"27":0.009398,"28":0.004699,"29":0,"30":0.014097,"31":0.061087,"32":0,"33":0.009398,"34":0.042291,"35":0.009398,"36":0.009398,"37":0.009398,"38":0.056388,"39":0.014097,"40":0.089281,"41":0.004699,"42":0.004699,"43":0.014097,"44":0.009398,"45":0.018796,"46":0.004699,"47":0.014097,"48":0.018796,"49":1.860804,"50":0.023495,"51":0.061087,"52":0.042291,"53":0.056388,"54":0.018796,"55":0.145669,"56":0.098679,"57":0.098679,"58":0.432308,"59":6.028817,"60":19.477355,"61":0.089281,"62":0.079883,"63":0},"firefox":{"2":0,"3":0.004699,"3.5":0.009398,"3.6":0.009398,"4":0.004699,"5":0,"6":0,"7":0,"8":0.004699,"9":0,"10":0.004699,"11":0,"12":0.004699,"13":0,"14":0,"15":0,"16":0,"17":0,"18":0,"19":0.004699,"20":0,"21":0.004699,"22":0.004699,"23":0,"24":0.004699,"25":0.004699,"26":0.004699,"27":0,"28":0.004699,"29":0.009398,"30":0.004699,"31":0.009398,"32":0.018796,"33":0,"34":0.004699,"35":0.004699,"36":0.018796,"37":0.018796,"38":0.014097,"39":0.009398,"40":0.009398,"41":0.004699,"42":0.014097,"43":0.032893,"44":0.004699,"45":0.023495,"46":0.004699,"47":0.051689,"48":0.042291,"49":0.075184,"50":0.037592,"51":0.042291,"52":0.681355,"53":0.18796,"54":4.168013,"55":1.884299,"56":0.122174,"57":0.014097,"58":0},"opera":{"9":0,"9.5-9.6":0,"10.0-10.1":0,"10.5":0,"10.6":0,"11":0,"11.1":0,"11.5":0,"11.6":0.004699,"12":0.014097,"12.1":0.075184,"15":0,"16":0,"17":0.004699,"18":0,"19":0,"20":0,"21":0,"22":0,"23":0,"24":0,"25":0,"26":0.004699,"27":0,"28":0,"29":0,"30":0.004699,"31":0.014097,"32":0.009398,"33":0,"34":0,"35":0.004699,"36":0.070485,"37":0.009398,"38":0.023495,"39":0.004699,"40":0.004699,"41":0.004699,"42":0.014097,"43":0.032893,"44":0.004699,"45":0.04699,"46":0.897509,"47":1.000887,"48":0,"49":0},"safari":{"3.1":0,"3.2":0,"4":0,"5":0.004699,"5.1":0.023495,"6":0,"6.1":0.009398,"7":0.004699,"7.1":0.004699,"8":0.037592,"9":0.018796,"9.1":0.14097,"10":0.056388,"10.1":0.51689,"11":0,"0":null},"ios_saf":{"3.2":0,"4.0-4.1":0,"4.2-4.3":0,"5.0-5.1":0,"6.0-6.1":0,"7.0-7.1":0.0415184345961,"8":0,"8.1-8.4":0.0336101613397,"9.0-9.2":0.435943563259,"9.3":0.315342396099,"10.0-10.2":1.21886261564,"10.3":7.63543782906,"11":null},"android":{"2.1":0,"2.2":0,"2.3":0,"3":0,"4":0,"4.1":0.19308504272,"4.2-4.3":0.498803027027,"4.4":1.38109440279,"4.4.3-4.4.4":1.00296952746,"56":null},"op_mob":{"10":null,"11":null,"11.1":null,"11.5":null,"12":null,"12.1":null,"0":null},"ie":{"5.5":0,"6":0,"7":0.00472765243902,"8":0.515314115854,"9":0.0472765243902,"10":0.0567318292683,"11":0.92189222561},"edge":{"12":0.018796,"13":0.056388,"14":0.286639,"15":null,"16":null},"bb":{"7":0.0127224,"10":0.0508896},"samsung":{"4":0,"5":0},"ie_mob":{"10":0.0465008695652,"11":0.220879130435},"baidu":{"0":null},"and_ff":{"0":0.021204},"and_qq":{"1.2":null},"and_uc":{"0":0.10602},"op_mini":{"0":0.541333907285},"and_chr":{"0":38.184611}},"total":93.6538222548}