{"id":"MG","name":"Madagascar","month":"2017-08","access_date":"2017-09-04","data":{"chrome":{"4":0,"5":0,"6":0,"7":0,"8":0,"9":0,"10":0,"11":0.047088,"12":0,"13":0.001962,"14":0.013734,"15":0,"16":0,"17":0,"18":0.015696,"19":0.001962,"20":0,"21":0.003924,"22":0.001962,"23":0.003924,"24":0,"25":0.001962,"26":0.003924,"27":0.003924,"28":0.001962,"29":0.005886,"30":0,"31":0.01962,"32":0.001962,"33":0.027468,"34":0.001962,"35":0.015696,"36":0.005886,"37":0.003924,"38":0.001962,"39":0.007848,"40":0.003924,"41":0.003924,"42":0.003924,"43":0.066708,"44":0.003924,"45":0.00981,"46":0.001962,"47":0.007848,"48":0.017658,"49":0.555246,"50":0.015696,"51":0.054936,"52":0.015696,"53":0.045126,"54":0.021582,"55":0.111834,"56":0.052974,"57":0.056898,"58":0.102024,"59":1.534284,"60":4.687218,"61":0.013734,"62":0.003924,"63":0},"firefox":{"2":0.001962,"3":0.170694,"3.5":0.003924,"3.6":0.015696,"4":0.005886,"5":0.043164,"6":0.003924,"7":0.001962,"8":0.001962,"9":0.003924,"10":0.013734,"11":0.001962,"12":0.003924,"13":0.011772,"14":0.00981,"15":0.001962,"16":0.007848,"17":0.003924,"18":0.003924,"19":0.00981,"20":0.005886,"21":0.005886,"22":0.017658,"23":0.021582,"24":0.005886,"25":0.005886,"26":0.005886,"27":0.027468,"28":0.023544,"29":0.041202,"30":0.023544,"31":0.00981,"32":0.01962,"33":0.021582,"34":0.007848,"35":0.03924,"36":0.02943,"37":0.027468,"38":0.043164,"39":0.025506,"40":0.062784,"41":0.02943,"42":0.021582,"43":0.188352,"44":0.051012,"45":0.04905,"46":0.02943,"47":0.260946,"48":0.200124,"49":0.115758,"50":0.056898,"51":0.05886,"52":0.704358,"53":0.135378,"54":3.01167,"55":0.928026,"56":0.03924,"57":0,"58":0},"opera":{"9":0,"9.5-9.6":0,"10.0-10.1":0.021582,"10.5":0,"10.6":0,"11":0,"11.1":0,"11.5":0,"11.6":0.005886,"12":0.001962,"12.1":0.005886,"15":0,"16":0.001962,"17":0,"18":0.001962,"19":0.001962,"20":0.005886,"21":0.001962,"22":0.001962,"23":0,"24":0.003924,"25":0,"26":0.001962,"27":0,"28":0.003924,"29":0.001962,"30":0.00981,"31":0,"32":0.003924,"33":0,"34":0.005886,"35":0.011772,"36":0.03924,"37":0.007848,"38":0.001962,"39":0.003924,"40":0.003924,"41":0.001962,"42":0.027468,"43":0.015696,"44":0,"45":0.013734,"46":0.272718,"47":0.231516,"48":0.001962,"49":0},"safari":{"3.1":0,"3.2":0,"4":0.001962,"5":0.001962,"5.1":0.011772,"6":0.001962,"6.1":0.003924,"7":0.001962,"7.1":0,"8":0.007848,"9":0.011772,"9.1":0.031392,"10":0.031392,"10.1":0.24525,"11":0.001962,"0":null},"ios_saf":{"3.2":0,"4.0-4.1":0,"4.2-4.3":0,"5.0-5.1":0,"6.0-6.1":0,"7.0-7.1":0.00319323516798,"8":0,"8.1-8.4":0.00258499989789,"9.0-9.2":0.0335289692638,"9.3":0.0242533813949,"10.0-10.2":0.0937442610028,"10.3":0.587251153273,"11":null},"android":{"2.1":0,"2.2":0,"2.3":0,"3":0,"4":0,"4.1":0.459093970357,"4.2-4.3":1.18599275676,"4.4":3.28379714908,"4.4.3-4.4.4":2.3847381238,"56":null},"op_mob":{"10":null,"11":null,"11.1":null,"11.5":null,"12":null,"12.1":null,"0":null},"ie":{"5.5":0,"6":0.00397865181058,"7":0.0159146072423,"8":0.0795730362117,"9":0.0457544958217,"10":0.0119359554318,"11":0.557011253482},"edge":{"12":0.027468,"13":0.027468,"14":0.08829,"15":null,"16":null},"bb":{"7":0.0450128,"10":0.1800512},"samsung":{"4":0,"5":0},"ie_mob":{"10":null,"11":null},"baidu":{"0":null},"and_ff":{"0":0.225064},"and_qq":{"1.2":null},"and_uc":{"0":15.963468},"op_mini":{"0":39.3453179868},"and_chr":{"0":8.322912}},"total":88.3245419868}