{"id":"MH","name":"Marshall Islands","month":"2017-08","access_date":"2017-09-04","data":{"chrome":{"4":0,"5":0,"6":0,"7":0,"8":0,"9":0,"10":0,"11":0,"12":0,"13":0.007225,"14":0,"15":0,"16":0,"17":0,"18":0,"19":0,"20":0,"21":0,"22":0,"23":0,"24":0,"25":0,"26":0,"27":0,"28":0,"29":0.01445,"30":0,"31":0.021675,"32":0,"33":0,"34":0,"35":0,"36":0,"37":0,"38":0,"39":0,"40":0,"41":0,"42":0,"43":0,"44":0.01445,"45":0.122825,"46":0.093925,"47":0,"48":2.275875,"49":0.3757,"50":0.007225,"51":0.007225,"52":0.0289,"53":0.0289,"54":0.021675,"55":0.151725,"56":0.108375,"57":0.252875,"58":0.59245,"59":8.547175,"60":15.728825,"61":0.10115,"62":0.0578,"63":0},"firefox":{"2":0,"3":0.325125,"3.5":0,"3.6":0,"4":0,"5":0,"6":0,"7":0,"8":0,"9":0,"10":0,"11":0,"12":0,"13":0,"14":0,"15":0,"16":0,"17":0,"18":0,"19":0,"20":0,"21":0,"22":0,"23":0,"24":0,"25":0,"26":0,"27":0,"28":0,"29":0,"30":0,"31":0,"32":0,"33":0,"34":0,"35":0,"36":0,"37":0,"38":0,"39":0,"40":0.04335,"41":0.122825,"42":0,"43":0.007225,"44":0,"45":0,"46":0,"47":0.007225,"48":0.0289,"49":0,"50":0.0289,"51":0,"52":0.050575,"53":0,"54":3.5836,"55":0.932025,"56":0.01445,"57":0,"58":0},"opera":{"9":0,"9.5-9.6":0.01445,"10.0-10.1":0,"10.5":0,"10.6":0,"11":0,"11.1":0,"11.5":0,"11.6":0,"12":0,"12.1":0,"15":0,"16":0,"17":0,"18":0,"19":0,"20":0,"21":0,"22":0,"23":0,"24":0,"25":0,"26":0,"27":0,"28":0,"29":0,"30":0.021675,"31":0,"32":0,"33":0,"34":0,"35":0,"36":0,"37":0,"38":0,"39":0,"40":0,"41":0,"42":0,"43":0,"44":0,"45":0,"46":0.093925,"47":0.065025,"48":0,"49":0},"safari":{"3.1":0,"3.2":0,"4":0.238425,"5":0.007225,"5.1":0.021675,"6":0,"6.1":0.036125,"7":0,"7.1":0,"8":0.01445,"9":0.007225,"9.1":0.21675,"10":0.065025,"10.1":1.567825,"11":0,"0":null},"ios_saf":{"3.2":0,"4.0-4.1":0,"4.2-4.3":0,"5.0-5.1":0,"6.0-6.1":0,"7.0-7.1":0.0788887419585,"8":0,"8.1-8.4":0.0638623149188,"9.0-9.2":0.828331790565,"9.3":0.599178778209,"10.0-10.2":2.3159480675,"10.3":14.5080153069,"11":null},"android":{"2.1":0,"2.2":0,"2.3":0,"3":0,"4":0,"4.1":0.28213391456,"4.2-4.3":0.728845945946,"4.4":2.01804119442,"4.4.3-4.4.4":1.46552894507,"56":null},"op_mob":{"10":null,"11":null,"11.1":null,"11.5":null,"12":null,"12.1":null,"0":null},"ie":{"5.5":0,"6":0.00960856898029,"7":0,"8":6.40891550985,"9":0.960856898029,"10":1.950539503,"11":1.88327952014},"edge":{"12":0.368475,"13":0.07225,"14":0.773075,"15":null,"16":null},"bb":{"7":0.000555,"10":0.00222},"samsung":{"4":0,"5":0},"ie_mob":{"10":null,"11":null},"baidu":{"0":null},"and_ff":{"0":0.01665},"and_qq":{"1.2":null},"and_uc":{"0":0.666},"op_mini":{"0":0.340056953642},"and_chr":{"0":18.189375}},"total":90.6050569536}