{"id":"MK","name":"Macedonia","month":"2017-08","access_date":"2017-09-04","data":{"chrome":{"4":0,"5":0,"6":0,"7":0,"8":0,"9":0,"10":0,"11":0.01374,"12":0,"13":0.06183,"14":0,"15":0,"16":0.01374,"17":0,"18":0.00687,"19":0,"20":0,"21":0,"22":0.03435,"23":0,"24":0,"25":0,"26":0.02748,"27":0.00687,"28":0,"29":0.01374,"30":0.00687,"31":0.07557,"32":0.02061,"33":0.00687,"34":0.04122,"35":0.01374,"36":0.04809,"37":0.01374,"38":0.04122,"39":0.02061,"40":0.01374,"41":0.00687,"42":0.01374,"43":0.08244,"44":0.04122,"45":0.02748,"46":0.01374,"47":0.10305,"48":0.05496,"49":5.44104,"50":0.03435,"51":0.78318,"52":0.04809,"53":0.24045,"54":0.6183,"55":0.70074,"56":0.69387,"57":0.19236,"58":0.51525,"59":9.03405,"60":30.35853,"61":0.16488,"62":0.0687,"63":0},"firefox":{"2":0.00687,"3":0,"3.5":0,"3.6":0.03435,"4":0.00687,"5":0.01374,"6":0.00687,"7":0,"8":0,"9":0,"10":0,"11":0.00687,"12":0,"13":0,"14":0.02061,"15":0,"16":0,"17":0.02748,"18":0.00687,"19":0.00687,"20":0.00687,"21":0.00687,"22":0,"23":0.00687,"24":0.01374,"25":0,"26":0.00687,"27":0,"28":0,"29":0,"30":0,"31":0.00687,"32":0.00687,"33":0.00687,"34":0.00687,"35":0.00687,"36":0.01374,"37":0.00687,"38":0.02061,"39":0.00687,"40":0.02061,"41":0.02748,"42":0.01374,"43":0.05496,"44":0.01374,"45":0.02061,"46":0.12366,"47":0.10992,"48":0.13053,"49":0.16488,"50":0.26793,"51":0.22671,"52":1.27095,"53":0.19923,"54":5.23494,"55":2.29458,"56":0.04809,"57":0,"58":0},"opera":{"9":0,"9.5-9.6":0,"10.0-10.1":0,"10.5":0,"10.6":0,"11":0,"11.1":0,"11.5":0,"11.6":0,"12":0,"12.1":0.0687,"15":0,"16":0,"17":0,"18":0,"19":0,"20":0,"21":0,"22":0,"23":0,"24":0,"25":0,"26":0,"27":0,"28":0,"29":0,"30":0.00687,"31":0.01374,"32":0.00687,"33":0,"34":0,"35":0,"36":0.11679,"37":0.02061,"38":0,"39":0,"40":0.00687,"41":0,"42":0.04122,"43":0.02061,"44":0,"45":0.01374,"46":0.91371,"47":0.81066,"48":0.00687,"49":0},"safari":{"3.1":0,"3.2":0,"4":0,"5":0,"5.1":0.01374,"6":0,"6.1":0.00687,"7":0.00687,"7.1":0,"8":0.00687,"9":0.04122,"9.1":0.06183,"10":0.10305,"10.1":0.42594,"11":0,"0":null},"ios_saf":{"3.2":0,"4.0-4.1":0,"4.2-4.3":0,"5.0-5.1":0,"6.0-6.1":0,"7.0-7.1":0.0245412008578,"8":0,"8.1-8.4":0.0198666864087,"9.0-9.2":0.257682609006,"9.3":0.186396263658,"10.0-10.2":0.720459539467,"10.3":4.5132437006,"11":null},"android":{"2.1":0,"2.2":0,"2.3":0,"3":0,"4":0,"4.1":0.107925928509,"4.2-4.3":0.278808648649,"4.4":0.771970183086,"4.4.3-4.4.4":0.560615239756,"56":null},"op_mob":{"10":null,"11":null,"11.1":null,"11.5":null,"12":null,"12.1":null,"0":null},"ie":{"5.5":0,"6":0,"7":0.0209388829787,"8":0.202409202128,"9":0.0767759042553,"10":0.0697962765957,"11":0.942249734043},"edge":{"12":0.04122,"13":0.10992,"14":0.2748,"15":null,"16":null},"bb":{"7":0.003756,"10":0.015024},"samsung":{"4":0,"5":0},"ie_mob":{"10":null,"11":null},"baidu":{"0":null},"and_ff":{"0":0.00939},"and_qq":{"1.2":null},"and_uc":{"0":0.05947},"op_mini":{"0":0.215752350993},"and_chr":{"0":23.77907}},"total":96.177542351}