{"id":"ML","name":"Mali","month":"2017-08","access_date":"2017-09-04","data":{"chrome":{"4":0,"5":0,"6":0,"7":0,"8":0,"9":0.00054,"10":0.00054,"11":0.00864,"12":0.00108,"13":0.00054,"14":0.0027,"15":0,"16":0.00108,"17":0.00054,"18":0.00054,"19":0.00108,"20":0.00054,"21":0.00594,"22":0.00054,"23":0,"24":0,"25":0.00216,"26":0.00054,"27":0.00162,"28":0.00108,"29":0.00108,"30":0.00108,"31":0.0189,"32":0.00054,"33":0.00108,"34":0.00054,"35":0.0027,"36":0.00594,"37":0,"38":0.00648,"39":0,"40":0.00324,"41":0.00216,"42":0.00054,"43":0.01458,"44":0.00162,"45":0.0054,"46":0.00108,"47":0.00054,"48":0.00108,"49":0.08424,"50":0.00324,"51":0.00648,"52":0.00054,"53":0.00162,"54":0.00054,"55":0.0189,"56":0.00594,"57":0.00594,"58":0.00864,"59":0.30402,"60":0.85752,"61":0.00324,"62":0.00054,"63":0},"firefox":{"2":0,"3":1.28412,"3.5":0.00108,"3.6":0.0027,"4":0.0027,"5":0.00054,"6":0.00108,"7":0.00162,"8":0.00108,"9":0.00054,"10":0.00054,"11":0.00378,"12":0.00162,"13":0.00108,"14":0.00054,"15":0.00108,"16":0.00216,"17":0.00108,"18":0.00216,"19":0.00108,"20":0.00162,"21":0.00216,"22":0.00432,"23":0.00216,"24":0.00324,"25":0.00702,"26":0.00054,"27":0.00216,"28":0.00108,"29":0.00216,"30":0.01026,"31":0.01566,"32":0.00378,"33":0.00432,"34":0.00324,"35":0.00378,"36":0.00108,"37":0.00324,"38":0.0054,"39":0.0027,"40":0.00648,"41":0.00378,"42":0.01242,"43":0.02646,"44":0.00972,"45":0.00756,"46":0.0054,"47":0.05076,"48":0.02916,"49":0.00918,"50":0.00864,"51":0.00702,"52":0.03888,"53":0.02538,"54":0.83268,"55":0.20466,"56":0.00972,"57":0,"58":0},"opera":{"9":0,"9.5-9.6":0,"10.0-10.1":0,"10.5":0,"10.6":0.00054,"11":0,"11.1":0,"11.5":0,"11.6":0,"12":0.00054,"12.1":0.00108,"15":0,"16":0,"17":0,"18":0,"19":0,"20":0,"21":0,"22":0,"23":0,"24":0,"25":0,"26":0,"27":0,"28":0.00162,"29":0,"30":0,"31":0,"32":0,"33":0,"34":0,"35":0.00108,"36":0.00108,"37":0,"38":0,"39":0,"40":0.00054,"41":0.00486,"42":0.00216,"43":0.00054,"44":0.00108,"45":0.00216,"46":0.06048,"47":0.054,"48":0,"49":0},"safari":{"3.1":0,"3.2":0,"4":0.00054,"5":0.00486,"5.1":0.01296,"6":0.00162,"6.1":0,"7":0.00054,"7.1":0,"8":0.01296,"9":0.00216,"9.1":0.02862,"10":0.02376,"10.1":0.09936,"11":0.00054,"0":null},"ios_saf":{"3.2":0,"4.0-4.1":0,"4.2-4.3":0,"5.0-5.1":0,"6.0-6.1":0,"7.0-7.1":0.00311562544675,"8":0,"8.1-8.4":0.0025221729807,"9.0-9.2":0.0327140671909,"9.3":0.0236639170836,"10.0-10.2":0.0914658613295,"10.3":0.572978355969,"11":null},"android":{"2.1":0,"2.2":0,"2.3":0,"3":0,"4":0,"4.1":0.118636163906,"4.2-4.3":0.306476756757,"4.4":0.848578116827,"4.4.3-4.4.4":0.616248962511,"56":null},"op_mob":{"10":null,"11":null,"11.1":null,"11.5":null,"12":null,"12.1":null,"0":null},"ie":{"5.5":0,"6":0.00111151750973,"7":0.000555758754864,"8":0.0394588715953,"9":0.00944789883268,"10":0.024453385214,"11":0.210076809339},"edge":{"12":0.03402,"13":0.01728,"14":0.03942,"15":null,"16":null},"bb":{"7":0.003784,"10":0.015136},"samsung":{"4":0,"5":0},"ie_mob":{"10":null,"11":null},"baidu":{"0":null},"and_ff":{"0":0.12298},"and_qq":{"1.2":null},"and_uc":{"0":75.207},"op_mini":{"0":2.35071602649},"and_chr":{"0":12.51352}},"total":97.6031202677}