{"id":"MM","name":"Myanmar","month":"2017-08","access_date":"2017-09-04","data":{"chrome":{"4":0,"5":0,"6":0.002735,"7":0,"8":0,"9":0,"10":0,"11":0.041025,"12":0.00547,"13":0,"14":0,"15":0,"16":0,"17":0.00547,"18":0.002735,"19":0,"20":0,"21":0,"22":0,"23":0.002735,"24":0.008205,"25":0.008205,"26":0.00547,"27":0,"28":0.002735,"29":0.01641,"30":0.002735,"31":0.073845,"32":0.046495,"33":0.019145,"34":0.002735,"35":0.00547,"36":0.01094,"37":0.030085,"38":0.024615,"39":0.008205,"40":0.002735,"41":0,"42":0.002735,"43":0.024615,"44":0.019145,"45":0.02188,"46":0.00547,"47":0.008205,"48":0.00547,"49":0.095725,"50":0.01641,"51":0.03829,"52":0.008205,"53":0.024615,"54":0.019145,"55":0.057435,"56":0.04376,"57":0.08205,"58":0.166835,"59":2.08407,"60":6.244005,"61":0.030085,"62":0.03282,"63":0},"firefox":{"2":0.013675,"3":0.002735,"3.5":0.002735,"3.6":0.01641,"4":0.030085,"5":0.00547,"6":0.00547,"7":0,"8":0.002735,"9":0.002735,"10":0.00547,"11":0.01094,"12":0.02188,"13":0.01641,"14":0.01094,"15":0.00547,"16":0.00547,"17":0.00547,"18":0.01094,"19":0.02735,"20":0.024615,"21":0.02188,"22":0.008205,"23":0.03829,"24":0.01641,"25":0.02188,"26":0.057435,"27":0.04376,"28":0.024615,"29":0.06017,"30":0.068375,"31":0.035555,"32":0.02188,"33":0.035555,"34":0.057435,"35":0.07658,"36":0.08205,"37":0.068375,"38":0.079315,"39":0.08205,"40":0.084785,"41":0.139485,"42":0.10393,"43":0.347345,"44":0.155895,"45":0.08752,"46":0.09299,"47":0.47589,"48":0.248885,"49":0.183245,"50":0.188715,"51":0.14222,"52":0.26803,"53":0.30085,"54":5.89119,"55":2.546285,"56":0.8752,"57":0.002735,"58":0},"opera":{"9":0,"9.5-9.6":0,"10.0-10.1":0,"10.5":0,"10.6":0,"11":0,"11.1":0,"11.5":0,"11.6":0,"12":0,"12.1":0,"15":0,"16":0,"17":0,"18":0,"19":0,"20":0,"21":0,"22":0,"23":0,"24":0,"25":0,"26":0,"27":0,"28":0,"29":0.002735,"30":0,"31":0,"32":0,"33":0,"34":0,"35":0.002735,"36":0.002735,"37":0.00547,"38":0,"39":0,"40":0,"41":0,"42":0.008205,"43":0.002735,"44":0,"45":0.00547,"46":0.194185,"47":0.15316,"48":0,"49":0},"safari":{"3.1":0,"3.2":0,"4":0,"5":0,"5.1":0.00547,"6":0,"6.1":0.002735,"7":0.008205,"7.1":0,"8":0.041025,"9":0.073845,"9.1":0.15316,"10":0.216065,"10.1":0.626315,"11":0.002735,"0":null},"ios_saf":{"3.2":0,"4.0-4.1":0,"4.2-4.3":0,"5.0-5.1":0,"6.0-6.1":0,"7.0-7.1":0.0197258684775,"8":0,"8.1-8.4":0.0159685601961,"9.0-9.2":0.207121619014,"9.3":0.149822667722,"10.0-10.2":0.579095138875,"10.3":3.62768114572,"11":null},"android":{"2.1":0,"2.2":0,"2.3":0,"3":0,"4":0,"4.1":0.52178657367,"4.2-4.3":1.34794864865,"4.4":3.73222340889,"4.4.3-4.4.4":2.71039136879,"56":null},"op_mob":{"10":null,"11":null,"11.1":null,"11.5":null,"12":null,"12.1":null,"0":null},"ie":{"5.5":0,"6":0,"7":0,"8":0.0663534782609,"9":0.022117826087,"10":0.0331767391304,"11":0.387061956522},"edge":{"12":0.041025,"13":0.030085,"14":0.144955,"15":null,"16":null},"bb":{"7":0.001453,"10":0.005812},"samsung":{"4":0,"5":0},"ie_mob":{"10":0.0465008695652,"11":0.220879130435},"baidu":{"0":null},"and_ff":{"0":0.10171},"and_qq":{"1.2":null},"and_uc":{"0":11.01374},"op_mini":{"0":8.1052140894},"and_chr":{"0":37.482595}},"total":94.7426140894}