{"id":"MN","name":"Mongolia","month":"2017-08","access_date":"2017-09-04","data":{"chrome":{"4":0,"5":0,"6":0,"7":0,"8":0,"9":0,"10":0,"11":0.03094,"12":0.012376,"13":0.018564,"14":0,"15":0.006188,"16":0,"17":0.006188,"18":0.012376,"19":0.006188,"20":0,"21":0,"22":0.012376,"23":0.080444,"24":0,"25":0.012376,"26":0.006188,"27":0.012376,"28":0.006188,"29":0.012376,"30":0.043316,"31":0.012376,"32":0.018564,"33":0.018564,"34":0.012376,"35":0.006188,"36":0.043316,"37":0,"38":0.012376,"39":0.012376,"40":0.006188,"41":0.006188,"42":0.006188,"43":0.09282,"44":0.018564,"45":0.03094,"46":0.024752,"47":0.03094,"48":0.024752,"49":0.915824,"50":0.043316,"51":0.129948,"52":0.068068,"53":0.074256,"54":0.080444,"55":0.891072,"56":0.327964,"57":0.272272,"58":0.538356,"59":8.954036,"60":29.312556,"61":0.111384,"62":0.099008,"63":0},"firefox":{"2":0,"3":0,"3.5":0.012376,"3.6":0.006188,"4":0.012376,"5":0,"6":0,"7":0,"8":0,"9":0,"10":0.006188,"11":0.006188,"12":0.012376,"13":0,"14":0.012376,"15":0.018564,"16":0.012376,"17":0,"18":0,"19":0,"20":0.018564,"21":0.006188,"22":0,"23":0,"24":0.012376,"25":0,"26":0,"27":0.006188,"28":0,"29":0.012376,"30":0.018564,"31":0.012376,"32":0.012376,"33":0.006188,"34":0.012376,"35":0.006188,"36":0,"37":0.006188,"38":0.03094,"39":0.006188,"40":0.006188,"41":0.024752,"42":0.012376,"43":0.111384,"44":0.018564,"45":0.055692,"46":0.018564,"47":0.129948,"48":0.12376,"49":0.06188,"50":0.06188,"51":0.1547,"52":0.414596,"53":0.179452,"54":5.69296,"55":1.664572,"56":0.173264,"57":0.006188,"58":0},"opera":{"9":0,"9.5-9.6":0,"10.0-10.1":0,"10.5":0,"10.6":0,"11":0,"11.1":0,"11.5":0,"11.6":0,"12":0,"12.1":0.006188,"15":0,"16":0,"17":0,"18":0,"19":0,"20":0,"21":0,"22":0,"23":0,"24":0,"25":0,"26":0,"27":0,"28":0.006188,"29":0,"30":0,"31":0,"32":0.006188,"33":0,"34":0,"35":0.006188,"36":0.012376,"37":0,"38":0.006188,"39":0,"40":0,"41":0,"42":0.006188,"43":0,"44":0,"45":0.055692,"46":1.02102,"47":1.60888,"48":0.03094,"49":0},"safari":{"3.1":0,"3.2":0,"4":0.006188,"5":0,"5.1":0.006188,"6":0,"6.1":0.012376,"7":0.006188,"7.1":0.006188,"8":0.03094,"9":0.06188,"9.1":0.074256,"10":0.06188,"10.1":0.754936,"11":0.006188,"0":null},"ios_saf":{"3.2":0,"4.0-4.1":0,"4.2-4.3":0,"5.0-5.1":0,"6.0-6.1":0,"7.0-7.1":0.0402021100786,"8":0,"8.1-8.4":0.0325445653017,"9.0-9.2":0.422122155826,"9.3":0.305344597978,"10.0-10.2":1.18021908874,"10.3":7.39335948208,"11":null},"android":{"2.1":0,"2.2":0,"2.3":0,"3":0,"4":0,"4.1":0.618551183958,"4.2-4.3":1.59792389189,"4.4":4.42435916303,"4.4.3-4.4.4":3.21302976112,"56":null},"op_mob":{"10":null,"11":null,"11.1":null,"11.5":null,"12":null,"12.1":null,"0":null},"ie":{"5.5":0,"6":0,"7":0,"8":0.182346387097,"9":0.106892709677,"10":0.0440146451613,"11":2.00581025806},"edge":{"12":0.055692,"13":0.099008,"14":0.21658,"15":null,"16":null},"bb":{"7":0.011436,"10":0.045744},"samsung":{"4":0,"5":0},"ie_mob":{"10":0.0465008695652,"11":0.220879130435},"baidu":{"0":null},"and_ff":{"0":0.060992},"and_qq":{"1.2":null},"and_uc":{"0":0.358328},"op_mini":{"0":0.230323059603},"and_chr":{"0":15.674164}},"total":94.0308470596}