{"id":"MO","name":"Macao","month":"2017-08","access_date":"2017-09-04","data":{"chrome":{"4":0,"5":0,"6":0,"7":0,"8":0,"9":0,"10":0,"11":0.03801,"12":0,"13":0.006335,"14":0,"15":0,"16":0,"17":0.006335,"18":0,"19":0,"20":0,"21":0.006335,"22":0.03801,"23":0,"24":0,"25":0.02534,"26":0.019005,"27":0.006335,"28":0,"29":0.006335,"30":0.05068,"31":0.031675,"32":0.006335,"33":0.07602,"34":0.031675,"35":0.019005,"36":0.082355,"37":0,"38":0.02534,"39":0.02534,"40":0.057015,"41":0.006335,"42":0.006335,"43":0.044345,"44":0.02534,"45":0.639835,"46":0.05068,"47":0.17738,"48":0.03801,"49":1.44438,"50":0.323085,"51":0.221725,"52":0.171045,"53":0.095025,"54":0.13937,"55":1.50773,"56":0.72219,"57":0.487795,"58":1.19098,"59":8.29885,"60":20.44938,"61":0.10136,"62":0.019005,"63":0},"firefox":{"2":0,"3":0,"3.5":0,"3.6":0.006335,"4":0,"5":0,"6":0,"7":0,"8":0,"9":0,"10":0,"11":0.006335,"12":0,"13":0,"14":0,"15":0,"16":0,"17":0,"18":0,"19":0,"20":0,"21":0.006335,"22":0,"23":0,"24":0,"25":0,"26":0,"27":0,"28":0,"29":0,"30":0,"31":0.01267,"32":0.019005,"33":0,"34":0.019005,"35":0,"36":0,"37":0,"38":0.01267,"39":0.006335,"40":0.05068,"41":0.006335,"42":0.031675,"43":0.019005,"44":0.006335,"45":0.019005,"46":0.006335,"47":0.03801,"48":0.044345,"49":0.01267,"50":0.057015,"51":0.01267,"52":0.20272,"53":0.05068,"54":2.71138,"55":0.931245,"56":0.01267,"57":0,"58":0},"opera":{"9":0,"9.5-9.6":0,"10.0-10.1":0,"10.5":0,"10.6":0,"11":0,"11.1":0,"11.5":0,"11.6":0,"12":0,"12.1":0.031675,"15":0,"16":0,"17":0,"18":0,"19":0,"20":0,"21":0,"22":0,"23":0,"24":0,"25":0,"26":0,"27":0,"28":0.006335,"29":0,"30":0,"31":0,"32":0,"33":0,"34":0,"35":0,"36":0.006335,"37":0.006335,"38":0,"39":0,"40":0,"41":0,"42":0,"43":0,"44":0,"45":0,"46":0.13937,"47":0.1267,"48":0,"49":0},"safari":{"3.1":0,"3.2":0,"4":0,"5":0.031675,"5.1":0.02534,"6":0.171045,"6.1":0.05068,"7":0.082355,"7.1":0,"8":0.196385,"9":0.095025,"9.1":1.19098,"10":0.78554,"10.1":2.48332,"11":0.01267,"0":null},"ios_saf":{"3.2":0,"4.0-4.1":0,"4.2-4.3":0,"5.0-5.1":0,"6.0-6.1":0,"7.0-7.1":0.109185568263,"8":0,"8.1-8.4":0.0883883171653,"9.0-9.2":1.14644846676,"9.3":0.829290387522,"10.0-10.2":3.20537632544,"10.3":20.0797459349,"11":null},"android":{"2.1":0,"2.2":0,"2.3":0,"3":0,"4":0,"4.1":0.0782301656495,"4.2-4.3":0.202094594595,"4.4":0.55956299041,"4.4.3-4.4.4":0.406362249346,"56":null},"op_mob":{"10":null,"11":null,"11.1":null,"11.5":null,"12":null,"12.1":null,"0":null},"ie":{"5.5":0,"6":0.0196871494157,"7":0.00656238313856,"8":0.32155677379,"9":1.96871494157,"10":0.518428267947,"11":5.020223101},"edge":{"12":0.095025,"13":0.183715,"14":0.73486,"15":null,"16":null},"bb":{"7":0.000733,"10":0.002932},"samsung":{"4":0,"5":0},"ie_mob":{"10":null,"11":null},"baidu":{"0":null},"and_ff":{"0":0.040315},"and_qq":{"1.2":null},"and_uc":{"0":0.93091},"op_mini":{"0":0.106042284768},"and_chr":{"0":12.188615}},"total":95.3038949016}