{"id":"MP","name":"Northern Mariana Islands","month":"2017-08","access_date":"2017-09-04","data":{"chrome":{"4":0,"5":0,"6":0,"7":0,"8":0,"9":0,"10":0,"11":0.029805,"12":0.041727,"13":0,"14":0,"15":0,"16":0,"17":0,"18":0.011922,"19":0,"20":0,"21":0,"22":0.017883,"23":0,"24":0,"25":0,"26":0.011922,"27":0,"28":0,"29":0,"30":0,"31":0.053649,"32":0,"33":0,"34":0,"35":0,"36":0,"37":0,"38":0.011922,"39":0.011922,"40":0.005961,"41":0,"42":0,"43":0.005961,"44":0.029805,"45":0.083454,"46":0,"47":0.023844,"48":0,"49":0.619944,"50":0.029805,"51":0.017883,"52":0,"53":0.029805,"54":0.005961,"55":0.363621,"56":0.017883,"57":0.554373,"58":0.190752,"59":7.636041,"60":23.718819,"61":0.262284,"62":0.053649,"63":0},"firefox":{"2":0,"3":0,"3.5":0,"3.6":0,"4":0,"5":0,"6":0,"7":0,"8":0,"9":0,"10":0,"11":0,"12":0,"13":0,"14":0,"15":0,"16":0.011922,"17":0,"18":0,"19":0,"20":0,"21":0,"22":0,"23":0,"24":0,"25":0,"26":0,"27":0,"28":0,"29":0,"30":0,"31":0,"32":0,"33":0,"34":0,"35":0.005961,"36":0,"37":0,"38":0,"39":0,"40":0.011922,"41":0,"42":0,"43":0.029805,"44":0,"45":0.005961,"46":0.11922,"47":0.149025,"48":0.047688,"49":0.11922,"50":0.029805,"51":0.029805,"52":0.232479,"53":0.029805,"54":1.627353,"55":0.488802,"56":0.035766,"57":0,"58":0},"opera":{"9":0,"9.5-9.6":0,"10.0-10.1":0,"10.5":0,"10.6":0,"11":0,"11.1":0,"11.5":0,"11.6":0,"12":0,"12.1":0,"15":0,"16":0,"17":0,"18":0,"19":0,"20":0,"21":0,"22":0,"23":0,"24":0,"25":0,"26":0,"27":0,"28":0,"29":0,"30":0,"31":0,"32":0,"33":0,"34":0,"35":0,"36":0,"37":0,"38":0,"39":0,"40":0,"41":0,"42":0,"43":0,"44":0,"45":0,"46":0.149025,"47":0.05961,"48":0,"49":0},"safari":{"3.1":0,"3.2":0,"4":0,"5":0,"5.1":0.005961,"6":0,"6.1":0.011922,"7":0,"7.1":0,"8":0.029805,"9":0.089415,"9.1":0.071532,"10":0.095376,"10.1":0.876267,"11":0,"0":null},"ios_saf":{"3.2":0,"4.0-4.1":0,"4.2-4.3":0,"5.0-5.1":0,"6.0-6.1":0,"7.0-7.1":0.0743296640457,"8":0,"8.1-8.4":0.0601716327989,"9.0-9.2":0.78046147248,"9.3":0.564551495967,"10.0-10.2":2.18210656591,"10.3":13.6695791688,"11":null},"android":{"2.1":0,"2.2":0,"2.3":0,"3":0,"4":0,"4.1":0.195853496077,"4.2-4.3":0.505954864865,"4.4":1.40089653444,"4.4.3-4.4.4":1.01735010462,"56":null},"op_mob":{"10":null,"11":null,"11.1":null,"11.5":null,"12":null,"12.1":null,"0":null},"ie":{"5.5":0,"6":0,"7":0,"8":0.077493,"9":0.065571,"10":0.041727,"11":2.467854},"edge":{"12":0.35766,"13":0.29805,"14":1.049136,"15":null,"16":null},"bb":{"7":0,"10":0},"samsung":{"4":0,"5":0},"ie_mob":{"10":0.0465008695652,"11":0.220879130435},"baidu":{"0":null},"and_ff":{"0":0.088858},"and_qq":{"1.2":null},"and_uc":{"0":0.379666},"op_mini":{"0":0.402147983444},"and_chr":{"0":27.877926}},"total":92.0287729834}