{"id":"MQ","name":"Martinique","month":"2017-08","access_date":"2017-09-04","data":{"chrome":{"4":0,"5":0,"6":0,"7":0,"8":0,"9":0,"10":0,"11":0.005952,"12":0,"13":0,"14":0,"15":0,"16":0,"17":0,"18":0.005952,"19":0,"20":0,"21":0,"22":0,"23":0,"24":0.005952,"25":0,"26":0,"27":0,"28":0,"29":0,"30":0,"31":0.005952,"32":0.005952,"33":0,"34":0.005952,"35":0.005952,"36":0.071424,"37":0.005952,"38":0.005952,"39":0.005952,"40":0.011904,"41":0,"42":0,"43":0.017856,"44":0,"45":0.02976,"46":0.005952,"47":0.017856,"48":0.011904,"49":0.690432,"50":0.011904,"51":0.023808,"52":0.011904,"53":0.005952,"54":0.095232,"55":0.11904,"56":0.071424,"57":0.047616,"58":0.23808,"59":6.451968,"60":20.349888,"61":0.095232,"62":0.035712,"63":0},"firefox":{"2":0,"3":0,"3.5":0,"3.6":0.005952,"4":0,"5":0,"6":0,"7":0,"8":0,"9":0,"10":0,"11":0,"12":0.005952,"13":0,"14":0,"15":0,"16":0,"17":0,"18":0,"19":0,"20":0,"21":0.023808,"22":0,"23":0,"24":0,"25":0,"26":0.011904,"27":0.005952,"28":0.005952,"29":0.005952,"30":0,"31":0.005952,"32":0,"33":0.005952,"34":0.005952,"35":0,"36":0,"37":0,"38":0.023808,"39":0.005952,"40":0.011904,"41":0,"42":0,"43":0.005952,"44":0.017856,"45":0.095232,"46":0,"47":0.035712,"48":0.601152,"49":0.011904,"50":0.02976,"51":0.017856,"52":0.2976,"53":0.17856,"54":4.011648,"55":1.96416,"56":0.261888,"57":0,"58":0},"opera":{"9":0,"9.5-9.6":0,"10.0-10.1":0,"10.5":0,"10.6":0,"11":0,"11.1":0,"11.5":0,"11.6":0,"12":0,"12.1":0.017856,"15":0,"16":0,"17":0,"18":0,"19":0,"20":0,"21":0,"22":0,"23":0,"24":0,"25":0,"26":0,"27":0,"28":0,"29":0,"30":0,"31":0,"32":0,"33":0,"34":0.017856,"35":0,"36":0,"37":0,"38":0,"39":0.005952,"40":0,"41":0,"42":0.005952,"43":0,"44":0.005952,"45":0.011904,"46":0.291648,"47":1.422528,"48":0.005952,"49":0},"safari":{"3.1":0,"3.2":0,"4":0.005952,"5":0.05952,"5.1":0.047616,"6":0,"6.1":0.017856,"7":0.005952,"7.1":0,"8":0.196416,"9":0.220224,"9.1":0.404736,"10":0.392832,"10.1":3.547392,"11":0.02976,"0":null},"ios_saf":{"3.2":0,"4.0-4.1":0,"4.2-4.3":0,"5.0-5.1":0,"6.0-6.1":0,"7.0-7.1":0.0501126862044,"8":0,"8.1-8.4":0.0405674126417,"9.0-9.2":0.526183205147,"9.3":0.380617783315,"10.0-10.2":1.47116528786,"10.3":9.21596162483,"11":null},"android":{"2.1":0,"2.2":0,"2.3":0,"3":0,"4":0,"4.1":0.136439183958,"4.2-4.3":0.352467891892,"4.4":0.975919163034,"4.4.3-4.4.4":0.708725761116,"56":null},"op_mob":{"10":null,"11":null,"11.1":null,"11.5":null,"12":null,"12.1":null,"0":null},"ie":{"5.5":0,"6":0,"7":0,"8":0.0298167938931,"9":0.0596335877863,"10":0.0775236641221,"11":2.9578259542},"edge":{"12":0.095232,"13":0.196416,"14":1.684416,"15":null,"16":null},"bb":{"7":0.0016192,"10":0.0064768},"samsung":{"4":0,"5":0},"ie_mob":{"10":null,"11":null},"baidu":{"0":null},"and_ff":{"0":0.032384},"and_qq":{"1.2":null},"and_uc":{"0":0.105248},"op_mini":{"0":0.155016953642},"and_chr":{"0":28.514528}},"total":90.6167929536}