{"id":"MR","name":"Mauritania","month":"2017-08","access_date":"2017-09-04","data":{"chrome":{"4":0.00275,"5":0.0165,"6":0.011,"7":0.05225,"8":0.00275,"9":0.06875,"10":0.011,"11":0.03575,"12":0.19525,"13":0.011,"14":0.01925,"15":0.022,"16":0.02475,"17":0.011,"18":0.0055,"19":0.0055,"20":0.0055,"21":0.0055,"22":0.01925,"23":0.011,"24":0.00275,"25":0.0385,"26":0.011,"27":0.044,"28":0.033,"29":0.0385,"30":0.00275,"31":0.022,"32":0.00825,"33":0.04675,"34":0.0165,"35":0.0055,"36":0.00275,"37":0,"38":0.01925,"39":0.00825,"40":0.011,"41":0.011,"42":0.01925,"43":0.47025,"44":0.011,"45":0.05225,"46":0.0275,"47":0.011,"48":0.0935,"49":0.80025,"50":0.03025,"51":0.0165,"52":0.03025,"53":0.011,"54":0.03025,"55":0.462,"56":0.0715,"57":0.09075,"58":0.17325,"59":3.1955,"60":7.8045,"61":0.01375,"62":0.011,"63":0},"firefox":{"2":0,"3":0.04125,"3.5":0.00275,"3.6":0.00825,"4":0.0055,"5":0,"6":0,"7":0.01375,"8":0.00275,"9":0,"10":0.00275,"11":0.0275,"12":0.0275,"13":0.01925,"14":0.011,"15":0.00275,"16":0.0605,"17":0.0275,"18":0.00275,"19":0,"20":0.01375,"21":0.044,"22":0.00825,"23":0.00275,"24":0.0055,"25":0.011,"26":0.0165,"27":0.0055,"28":0.00275,"29":0.011,"30":0.00825,"31":0.0055,"32":0.01925,"33":0.0055,"34":0.01925,"35":0.022,"36":0.0055,"37":0.033,"38":0.01925,"39":0.011,"40":0.01925,"41":0.01375,"42":0.0165,"43":0.154,"44":0.02475,"45":0.0275,"46":0.01925,"47":0.21175,"48":0.20075,"49":0.088,"50":0.0605,"51":0.1155,"52":0.82775,"53":0.06325,"54":3.03325,"55":0.6875,"56":0.03025,"57":0,"58":0},"opera":{"9":0,"9.5-9.6":0.00275,"10.0-10.1":0,"10.5":0,"10.6":0,"11":0,"11.1":0,"11.5":0,"11.6":0,"12":0.00275,"12.1":0.0165,"15":0,"16":0.00275,"17":0.0055,"18":0,"19":0,"20":0,"21":0.0055,"22":0,"23":0,"24":0,"25":0,"26":0,"27":0,"28":0.00275,"29":0,"30":0,"31":0,"32":0,"33":0,"34":0,"35":0,"36":0.03025,"37":0.00275,"38":0.00825,"39":0.00275,"40":0,"41":0,"42":0.0165,"43":0.00275,"44":0,"45":0.00825,"46":0.19525,"47":0.18975,"48":0,"49":0},"safari":{"3.1":0,"3.2":0,"4":0.01925,"5":0.00275,"5.1":0.00275,"6":0,"6.1":0,"7":0.0055,"7.1":0.011,"8":0.01375,"9":0.0055,"9.1":0.07975,"10":0.01925,"10.1":0.12925,"11":0.00275,"0":null},"ios_saf":{"3.2":0,"4.0-4.1":0,"4.2-4.3":0,"5.0-5.1":0,"6.0-6.1":0,"7.0-7.1":0.0305618298785,"8":0,"8.1-8.4":0.0247405289492,"9.0-9.2":0.320899213724,"9.3":0.232124374553,"10.0-10.2":0.897208005718,"10.3":5.62046604718,"11":null},"android":{"2.1":0,"2.2":0,"2.3":0,"3":0,"4":0,"4.1":0.563649520488,"4.2-4.3":1.45609459459,"4.4":4.0316597646,"4.4.3-4.4.4":2.92784612031,"56":null},"op_mob":{"10":null,"11":null,"11.1":null,"11.5":null,"12":null,"12.1":null,"0":null},"ie":{"5.5":0,"6":0.0120533515732,"7":0.0180800273598,"8":0.358587209302,"9":0.120533515732,"10":0.177786935705,"11":1.51570896033},"edge":{"12":0.033,"13":0.077,"14":0.26675,"15":null,"16":null},"bb":{"7":0.00725,"10":0.029},"samsung":{"4":0,"5":0},"ie_mob":{"10":null,"11":null},"baidu":{"0":null},"and_ff":{"0":0.029},"and_qq":{"1.2":null},"and_uc":{"0":1.61675},"op_mini":{"0":6.21905960265},"and_chr":{"0":44.2935}},"total":92.0680596026}