{"id":"MS","name":"Montserrat","month":"2017-08","access_date":"2017-09-04","data":{"chrome":{"4":0,"5":0,"6":0,"7":0,"8":0,"9":0,"10":0,"11":0,"12":0,"13":0,"14":0,"15":0,"16":0,"17":0,"18":0.12448,"19":0,"20":0,"21":0,"22":0,"23":0,"24":0,"25":0,"26":0,"27":0,"28":0.06224,"29":0,"30":0,"31":0,"32":0,"33":0,"34":0,"35":0,"36":0,"37":0,"38":0.17116,"39":0,"40":0,"41":0,"42":0,"43":0,"44":0,"45":0,"46":0.01556,"47":0,"48":0,"49":0.10892,"50":0.09336,"51":0,"52":0.1556,"53":0.3501,"54":0,"55":0.44346,"56":0.09336,"57":0,"58":0.24118,"59":6.02172,"60":27.90686,"61":0,"62":0.01556,"63":0},"firefox":{"2":0,"3":0,"3.5":0,"3.6":0,"4":0,"5":0,"6":0,"7":0,"8":0,"9":0,"10":0,"11":0,"12":0,"13":0,"14":0,"15":0,"16":0,"17":0,"18":0,"19":0,"20":0,"21":0,"22":0,"23":0,"24":0,"25":0,"26":0,"27":0,"28":0,"29":0,"30":0,"31":0,"32":0,"33":0,"34":0,"35":0,"36":0,"37":0,"38":0.03112,"39":0.01556,"40":0.04668,"41":0,"42":0,"43":0,"44":0,"45":0.25674,"46":0,"47":6.2629,"48":0.68464,"49":0.36566,"50":0.17116,"51":0.33454,"52":0.41234,"53":0.04668,"54":2.1395,"55":0.52126,"56":0,"57":0,"58":0},"opera":{"9":0,"9.5-9.6":0,"10.0-10.1":0,"10.5":0,"10.6":0,"11":0,"11.1":0,"11.5":0,"11.6":0,"12":0,"12.1":0.01556,"15":0,"16":0,"17":0,"18":0,"19":0,"20":0,"21":0,"22":0,"23":0,"24":0,"25":0,"26":0,"27":0,"28":0,"29":0,"30":0,"31":0,"32":0,"33":0,"34":0,"35":0,"36":0,"37":0,"38":0.18672,"39":0.17116,"40":0,"41":0,"42":0,"43":0,"44":0,"45":0.01556,"46":0.5057,"47":0.36566,"48":0,"49":0},"safari":{"3.1":0,"3.2":0,"4":0,"5":0,"5.1":0,"6":0,"6.1":0,"7":0,"7.1":0,"8":0,"9":0.12448,"9.1":0.56794,"10":0.06224,"10.1":1.2837,"11":0,"0":null},"ios_saf":{"3.2":0,"4.0-4.1":0,"4.2-4.3":0,"5.0-5.1":0,"6.0-6.1":0,"7.0-7.1":0.029170378842,"8":0,"8.1-8.4":0.0236141162055,"9.0-9.2":0.306288977841,"9.3":0.221555972634,"10.0-10.2":0.856358978862,"10.3":5.36457157562,"11":null},"android":{"2.1":0,"2.2":0,"2.3":0,"3":0,"4":0,"4.1":0.127272397559,"4.2-4.3":0.328787027027,"4.4":0.910351176983,"4.4.3-4.4.4":0.661109398431,"56":null},"op_mob":{"10":null,"11":null,"11.1":null,"11.5":null,"12":null,"12.1":null,"0":null},"ie":{"5.5":0,"6":0,"7":0,"8":0.06224,"9":0,"10":0,"11":6.93198},"edge":{"12":0,"13":0.80912,"14":2.52072,"15":null,"16":null},"bb":{"7":0,"10":0},"samsung":{"4":0,"5":0},"ie_mob":{"10":0.0465008695652,"11":0.220879130435},"baidu":{"0":null},"and_ff":{"0":0},"and_qq":{"1.2":null},"and_uc":{"0":0.09102},"op_mini":{"0":0.0302272847682},"and_chr":{"0":28.12588}},"total":98.0587072848}