{"id":"MT","name":"Malta","month":"2017-08","access_date":"2017-09-04","data":{"chrome":{"4":0,"5":0,"6":0,"7":0,"8":0,"9":0,"10":0,"11":0.006393,"12":0,"13":0,"14":0,"15":0,"16":0,"17":0,"18":0.006393,"19":0,"20":0,"21":0.006393,"22":0.025572,"23":0.006393,"24":0,"25":0,"26":0.031965,"27":0,"28":0,"29":0.006393,"30":0,"31":0,"32":0.012786,"33":0,"34":0.019179,"35":0,"36":0.217362,"37":0.006393,"38":0.019179,"39":0.012786,"40":0.006393,"41":0.006393,"42":0.006393,"43":0.031965,"44":0.012786,"45":0.019179,"46":0.006393,"47":0.031965,"48":0.025572,"49":1.668573,"50":0.019179,"51":0.076716,"52":0.019179,"53":0.102288,"54":2.263122,"55":0.223755,"56":0.115074,"57":0.095895,"58":0.38358,"59":8.489904,"60":25.437747,"61":0.076716,"62":0.038358,"63":0},"firefox":{"2":0,"3":0.006393,"3.5":0,"3.6":0,"4":0,"5":0,"6":0,"7":0,"8":0,"9":0,"10":0,"11":0,"12":0,"13":0,"14":0,"15":0,"16":0.006393,"17":0,"18":0,"19":0,"20":0,"21":0,"22":0,"23":0,"24":0,"25":0,"26":0,"27":0,"28":0,"29":0.006393,"30":0.012786,"31":0,"32":0,"33":0,"34":0.006393,"35":0.006393,"36":0.006393,"37":0.019179,"38":0.031965,"39":0.012786,"40":0.012786,"41":0.012786,"42":0.006393,"43":0.051144,"44":0.012786,"45":0.051144,"46":0.012786,"47":0.134253,"48":0.140646,"49":0.038358,"50":0.057537,"51":0.044751,"52":0.421938,"53":0.095895,"54":3.330753,"55":1.297779,"56":0.051144,"57":0,"58":0},"opera":{"9":0,"9.5-9.6":0,"10.0-10.1":0,"10.5":0,"10.6":0,"11":0,"11.1":0,"11.5":0,"11.6":0,"12":0,"12.1":0.006393,"15":0,"16":0,"17":0,"18":0,"19":0,"20":0,"21":0,"22":0,"23":0,"24":0,"25":0,"26":0,"27":0,"28":0,"29":0,"30":0,"31":0,"32":0,"33":0,"34":0,"35":0,"36":0.012786,"37":0,"38":0,"39":0,"40":0,"41":0,"42":0,"43":0,"44":0,"45":0,"46":0.326043,"47":0.268506,"48":0,"49":0},"safari":{"3.1":0,"3.2":0,"4":0.006393,"5":0.019179,"5.1":0.025572,"6":0,"6.1":0.012786,"7":0.006393,"7.1":0,"8":0.044751,"9":0.051144,"9.1":0.204576,"10":0.236541,"10.1":2.167227,"11":0.012786,"0":null},"ios_saf":{"3.2":0,"4.0-4.1":0,"4.2-4.3":0,"5.0-5.1":0,"6.0-6.1":0,"7.0-7.1":0.05968161401,"8":0,"8.1-8.4":0.0483136875319,"9.0-9.2":0.626656947105,"9.3":0.453296068314,"10.0-10.2":1.75208166844,"10.3":10.9757330146,"11":null},"android":{"2.1":0,"2.2":0,"2.3":0,"3":0,"4":0,"4.1":0.143851982563,"4.2-4.3":0.371617621622,"4.4":1.02894126417,"4.4.3-4.4.4":0.747231131648,"56":null},"op_mob":{"10":null,"11":null,"11.1":null,"11.5":null,"12":null,"12.1":null,"0":null},"ie":{"5.5":0,"6":0.00652563485477,"7":0.00652563485477,"8":0.123987062241,"9":0.0652563485477,"10":0.13703833195,"11":2.80602298755},"edge":{"12":0.038358,"13":0.332436,"14":1.355316,"15":null,"16":null},"bb":{"7":0.0028856,"10":0.0115424},"samsung":{"4":0,"5":0},"ie_mob":{"10":null,"11":null},"baidu":{"0":null},"and_ff":{"0":0.018035},"and_qq":{"1.2":null},"and_uc":{"0":0.111817},"op_mini":{"0":0.0675297284768},"and_chr":{"0":24.007814}},"total":94.1218357285}