{"id":"MU","name":"Mauritius","month":"2017-08","access_date":"2017-09-04","data":{"chrome":{"4":0,"5":0,"6":0,"7":0,"8":0,"9":0,"10":0,"11":0.049005,"12":0.01089,"13":0,"14":0,"15":0,"16":0,"17":0,"18":0.01089,"19":0.005445,"20":0.005445,"21":0,"22":0.059895,"23":0.005445,"24":0,"25":0,"26":0.027225,"27":0,"28":0,"29":0.02178,"30":0.005445,"31":0.04356,"32":0.005445,"33":0.01089,"34":0.06534,"35":0.005445,"36":0.14157,"37":0.005445,"38":0.059895,"39":0.016335,"40":0.01089,"41":0.01089,"42":0.005445,"43":0.05445,"44":0.016335,"45":0.06534,"46":0.01089,"47":0.016335,"48":0.02178,"49":0.8712,"50":0.02178,"51":0.136125,"52":0.092565,"53":0.059895,"54":0.13068,"55":0.419265,"56":0.201465,"57":0.125235,"58":0.255915,"59":7.30719,"60":23.212035,"61":0.09801,"62":0.081675,"63":0},"firefox":{"2":0,"3":0.005445,"3.5":0.005445,"3.6":0.02178,"4":0,"5":0,"6":0,"7":0,"8":0,"9":0,"10":0.005445,"11":0.005445,"12":0.005445,"13":0,"14":0,"15":0,"16":0.005445,"17":0,"18":0,"19":0.005445,"20":0.005445,"21":0.005445,"22":0.005445,"23":0,"24":0,"25":0,"26":0,"27":0,"28":0.005445,"29":0,"30":0.005445,"31":0.005445,"32":0.005445,"33":0.005445,"34":0.005445,"35":0.005445,"36":0.005445,"37":0.005445,"38":0.016335,"39":0.016335,"40":0.01089,"41":0.01089,"42":0.01089,"43":0.059895,"44":0.02178,"45":0.081675,"46":0.02178,"47":0.06534,"48":0.125235,"49":0.038115,"50":0.081675,"51":0.03267,"52":0.332145,"53":0.092565,"54":4.34511,"55":1.976535,"56":0.136125,"57":0.005445,"58":0},"opera":{"9":0,"9.5-9.6":0,"10.0-10.1":0,"10.5":0,"10.6":0,"11":0,"11.1":0,"11.5":0,"11.6":0,"12":0,"12.1":0.005445,"15":0,"16":0,"17":0,"18":0,"19":0,"20":0,"21":0,"22":0,"23":0,"24":0,"25":0,"26":0,"27":0,"28":0.005445,"29":0,"30":0.005445,"31":0,"32":0,"33":0,"34":0,"35":0,"36":0.01089,"37":0.005445,"38":0.005445,"39":0.005445,"40":0.005445,"41":0,"42":0.005445,"43":0.005445,"44":0,"45":0.005445,"46":0.57717,"47":0.53361,"48":0.01089,"49":0},"safari":{"3.1":0,"3.2":0,"4":0.01089,"5":0.07623,"5.1":0.103455,"6":0.005445,"6.1":0.01089,"7":0.01089,"7.1":0.005445,"8":0.05445,"9":0.09801,"9.1":0.44649,"10":0.343035,"10.1":1.78596,"11":0.016335,"0":null},"ios_saf":{"3.2":0,"4.0-4.1":0,"4.2-4.3":0,"5.0-5.1":0,"6.0-6.1":0,"7.0-7.1":0.0210875768406,"8":0,"8.1-8.4":0.0170708955376,"9.0-9.2":0.221419556826,"9.3":0.160165166956,"10.0-10.2":0.61907100582,"10.3":3.87810579802,"11":null},"android":{"2.1":0,"2.2":0,"2.3":0,"3":0,"4":0,"4.1":0.176259703575,"4.2-4.3":0.455337567568,"4.4":1.26074649085,"4.4.3-4.4.4":0.915571238012,"56":null},"op_mob":{"10":null,"11":null,"11.1":null,"11.5":null,"12":null,"12.1":null,"0":null},"ie":{"5.5":0,"6":0.01089,"7":0.005445,"8":0.08712,"9":0.05445,"10":0.114345,"11":1.98198},"edge":{"12":0.09801,"13":0.15246,"14":0.691515,"15":null,"16":null},"bb":{"7":0.013665,"10":0.05466},"samsung":{"4":0,"5":0},"ie_mob":{"10":null,"11":null},"baidu":{"0":null},"and_ff":{"0":0.13665},"and_qq":{"1.2":null},"and_uc":{"0":2.83321},"op_mini":{"0":4.24839721854},"and_chr":{"0":26.90197}},"total":90.6515822185}