{"id":"MV","name":"Maldives","month":"2017-08","access_date":"2017-09-04","data":{"chrome":{"4":0,"5":0,"6":0,"7":0,"8":0,"9":0,"10":0,"11":0.004015,"12":0.020075,"13":0.004015,"14":0,"15":0,"16":0.004015,"17":0.004015,"18":0.004015,"19":0.03212,"20":0,"21":0.00803,"22":0.004015,"23":0.00803,"24":0,"25":0,"26":0.00803,"27":0.004015,"28":0,"29":0.004015,"30":0.012045,"31":0.060225,"32":0.012045,"33":0.00803,"34":0.02409,"35":0.004015,"36":0.02409,"37":0,"38":0.020075,"39":0.004015,"40":0.00803,"41":0,"42":0.004015,"43":0.04015,"44":0.02409,"45":0.02409,"46":0.01606,"47":0.00803,"48":0.06424,"49":0.38544,"50":0.020075,"51":0.07227,"52":0.012045,"53":0.020075,"54":0.092345,"55":0.108405,"56":0.076285,"57":0.036135,"58":0.27302,"59":6.620735,"60":18.713915,"61":0.11242,"62":0.13651,"63":0},"firefox":{"2":0,"3":0.00803,"3.5":0.004015,"3.6":0.004015,"4":0.004015,"5":0,"6":0,"7":0,"8":0,"9":0,"10":0,"11":0.004015,"12":0.00803,"13":0.012045,"14":0,"15":0,"16":0,"17":0,"18":0.012045,"19":0,"20":0.004015,"21":0,"22":0.004015,"23":0.004015,"24":0.01606,"25":0,"26":0,"27":0,"28":0,"29":0.004015,"30":0.02409,"31":0,"32":0.004015,"33":0.012045,"34":0.004015,"35":0,"36":0.004015,"37":0.004015,"38":0.020075,"39":0.004015,"40":0.020075,"41":0.00803,"42":0.012045,"43":0.04015,"44":0.052195,"45":0.02409,"46":0.012045,"47":0.084315,"48":0.12848,"49":0.044165,"50":0.04015,"51":0.060225,"52":0.1606,"53":0.13651,"54":3.07549,"55":1.43737,"56":0.28105,"57":0,"58":0},"opera":{"9":0,"9.5-9.6":0,"10.0-10.1":0,"10.5":0,"10.6":0,"11":0,"11.1":0,"11.5":0,"11.6":0,"12":0,"12.1":0,"15":0,"16":0,"17":0,"18":0,"19":0,"20":0,"21":0,"22":0,"23":0,"24":0,"25":0,"26":0,"27":0,"28":0,"29":0.004015,"30":0,"31":0,"32":0,"33":0,"34":0,"35":0,"36":0.004015,"37":0.004015,"38":0,"39":0,"40":0,"41":0,"42":0,"43":0,"44":0,"45":0.004015,"46":0.132495,"47":0.092345,"48":0,"49":0},"safari":{"3.1":0,"3.2":0,"4":0,"5":0,"5.1":0.004015,"6":0,"6.1":0.004015,"7":0.012045,"7.1":0,"8":0.020075,"9":0.05621,"9.1":0.148555,"10":0.17666,"10.1":2.003485,"11":0.004015,"0":null},"ios_saf":{"3.2":0,"4.0-4.1":0,"4.2-4.3":0,"5.0-5.1":0,"6.0-6.1":0,"7.0-7.1":0.0523952466047,"8":0,"8.1-8.4":0.0424151996324,"9.0-9.2":0.55015008935,"9.3":0.397954373022,"10.0-10.2":1.53817473961,"10.3":9.63573535178,"11":null},"android":{"2.1":0,"2.2":0,"2.3":0,"3":0,"4":0,"4.1":0.101764498692,"4.2-4.3":0.262891621622,"4.4":0.727898844813,"4.4.3-4.4.4":0.528610034874,"56":null},"op_mob":{"10":null,"11":null,"11.1":null,"11.5":null,"12":null,"12.1":null,"0":null},"ie":{"5.5":0,"6":0,"7":0,"8":0.0534159356725,"9":0.0246535087719,"10":0.0534159356725,"11":0.571139619883},"edge":{"12":0.052195,"13":0.116435,"14":0.21681,"15":null,"16":null},"bb":{"7":0.003591,"10":0.014364},"samsung":{"4":0,"5":0},"ie_mob":{"10":null,"11":null},"baidu":{"0":null},"and_ff":{"0":0.029925},"and_qq":{"1.2":null},"and_uc":{"0":6.97851},"op_mini":{"0":1.7520592053},"and_chr":{"0":35.279675}},"total":94.5811692053}