{"id":"MW","name":"Malawi","month":"2017-08","access_date":"2017-09-04","data":{"chrome":{"4":0.002168,"5":0,"6":0,"7":0,"8":0,"9":0,"10":0,"11":0.01084,"12":0,"13":0,"14":0.001084,"15":0.001084,"16":0,"17":0,"18":0.003252,"19":0,"20":0,"21":0.003252,"22":0.001084,"23":0.001084,"24":0.029268,"25":0.003252,"26":0.00542,"27":0.009756,"28":0.007588,"29":0.013008,"30":0.007588,"31":0.036856,"32":0.006504,"33":0.017344,"34":0.002168,"35":0.006504,"36":0.009756,"37":0.00542,"38":0.004336,"39":0.003252,"40":0.015176,"41":0.045528,"42":0.001084,"43":0.020596,"44":0.004336,"45":0.009756,"46":0.008672,"47":0.003252,"48":0.01084,"49":0.160432,"50":0.019512,"51":0.028184,"52":0.004336,"53":0.006504,"54":0.047696,"55":0.067208,"56":0.019512,"57":0.026016,"58":0.039024,"59":0.725196,"60":2.068272,"61":0.006504,"62":0.00542,"63":0},"firefox":{"2":0.002168,"3":0.018428,"3.5":0.001084,"3.6":0.00542,"4":0.003252,"5":0.002168,"6":0.011924,"7":0.001084,"8":0,"9":0.001084,"10":0.002168,"11":0.003252,"12":0.006504,"13":0.00542,"14":0.004336,"15":0.003252,"16":0.004336,"17":0.006504,"18":0.002168,"19":0.004336,"20":0.014092,"21":0.030352,"22":0.01084,"23":0.009756,"24":0.008672,"25":0.007588,"26":0.003252,"27":0.006504,"28":0.008672,"29":0.01626,"30":0.020596,"31":0.014092,"32":0.004336,"33":0.008672,"34":0.01084,"35":0.017344,"36":0.006504,"37":0.042276,"38":0.018428,"39":0.01084,"40":0.015176,"41":0.07046,"42":0.014092,"43":0.050948,"44":0.04878,"45":0.01626,"46":0.013008,"47":0.107316,"48":0.042276,"49":0.036856,"50":0.058536,"51":0.024932,"52":0.062872,"53":0.053116,"54":1.211912,"55":0.452028,"56":0.110568,"57":0,"58":0},"opera":{"9":0,"9.5-9.6":0,"10.0-10.1":0,"10.5":0,"10.6":0.001084,"11":0.003252,"11.1":0,"11.5":0,"11.6":0.003252,"12":0.01084,"12.1":0.023848,"15":0,"16":0.001084,"17":0,"18":0.002168,"19":0.001084,"20":0.001084,"21":0.002168,"22":0.003252,"23":0.001084,"24":0,"25":0,"26":0,"27":0.001084,"28":0.050948,"29":0,"30":0.001084,"31":0.001084,"32":0,"33":0.001084,"34":0.006504,"35":0.00542,"36":0.004336,"37":0.008672,"38":0.002168,"39":0.007588,"40":0.006504,"41":0.002168,"42":0.020596,"43":0.004336,"44":0,"45":0.014092,"46":0.128996,"47":0.093224,"48":0,"49":0},"safari":{"3.1":0,"3.2":0,"4":0.001084,"5":0.00542,"5.1":0.00542,"6":0.001084,"6.1":0.003252,"7":0.003252,"7.1":0.004336,"8":0.030352,"9":0.003252,"9.1":0.035772,"10":0.039024,"10.1":0.15718,"11":0,"0":null},"ios_saf":{"3.2":0,"4.0-4.1":0,"4.2-4.3":0,"5.0-5.1":0,"6.0-6.1":0,"7.0-7.1":0.00706996426019,"8":0,"8.1-8.4":0.0057233044011,"9.0-9.2":0.074234624732,"9.3":0.0536980618809,"10.0-10.2":0.207553950781,"10.3":1.30020009394,"11":null},"android":{"2.1":0,"2.2":0,"2.3":0,"3":0,"4":0,"4.1":0.204667061901,"4.2-4.3":0.528723243243,"4.4":1.46393801221,"4.4.3-4.4.4":1.06313168265,"56":null},"op_mob":{"10":null,"11":null,"11.1":null,"11.5":null,"12":null,"12.1":null,"0":null},"ie":{"5.5":0,"6":0,"7":0.00651290958904,"8":0.14436949589,"9":0.0488468219178,"10":0.0933517041096,"11":0.498237583562},"edge":{"12":0.11924,"13":0.061788,"14":0.12466,"15":null,"16":null},"bb":{"7":0.1123416,"10":0.4493664},"samsung":{"4":0,"5":0},"ie_mob":{"10":null,"11":null},"baidu":{"0":null},"and_ff":{"0":0.026748},"and_qq":{"1.2":null},"and_uc":{"0":59.228988},"op_mini":{"0":10.3720536556},"and_chr":{"0":8.590412}},"total":91.7722361707}