{"id":"MX","name":"Mexico","month":"2017-08","access_date":"2017-09-04","data":{"chrome":{"4":0,"5":0,"6":0,"7":0,"8":0,"9":0,"10":0,"11":0.02838,"12":0,"13":0,"14":0,"15":0,"16":0,"17":0,"18":0.005676,"19":0,"20":0,"21":0.005676,"22":0.039732,"23":0,"24":0,"25":0.005676,"26":0.005676,"27":0.005676,"28":0,"29":0.017028,"30":0,"31":0.005676,"32":0.005676,"33":0.005676,"34":0.022704,"35":0.011352,"36":0.073788,"37":0.005676,"38":0.034056,"39":0.011352,"40":0.011352,"41":0.022704,"42":0.017028,"43":0.034056,"44":0.022704,"45":0.017028,"46":0.02838,"47":0.02838,"48":0.02838,"49":1.328184,"50":0.034056,"51":0.130548,"52":0.039732,"53":0.05676,"54":0.079464,"55":0.136224,"56":0.187308,"57":0.153252,"58":0.391644,"59":7.97478,"60":27.012084,"61":0.05676,"62":0.017028,"63":0},"firefox":{"2":0,"3":0.005676,"3.5":0,"3.6":0.005676,"4":0,"5":0,"6":0,"7":0,"8":0,"9":0,"10":0,"11":0,"12":0.005676,"13":0,"14":0,"15":0.005676,"16":0.005676,"17":0,"18":0,"19":0,"20":0,"21":0.005676,"22":0,"23":0,"24":0.005676,"25":0,"26":0,"27":0,"28":0,"29":0,"30":0,"31":0.005676,"32":0,"33":0.005676,"34":0,"35":0.005676,"36":0.005676,"37":0.005676,"38":0.011352,"39":0.005676,"40":0.005676,"41":0.017028,"42":0.005676,"43":0.034056,"44":0.005676,"45":0.02838,"46":0.011352,"47":0.051084,"48":0.136224,"49":0.02838,"50":0.045408,"51":0.039732,"52":0.249744,"53":0.068112,"54":2.605284,"55":0.998976,"56":0.017028,"57":0,"58":0},"opera":{"9":0,"9.5-9.6":0,"10.0-10.1":0,"10.5":0,"10.6":0,"11":0,"11.1":0,"11.5":0,"11.6":0,"12":0,"12.1":0.011352,"15":0,"16":0,"17":0,"18":0,"19":0,"20":0,"21":0,"22":0,"23":0,"24":0,"25":0,"26":0,"27":0,"28":0.005676,"29":0,"30":0,"31":0,"32":0,"33":0,"34":0,"35":0,"36":0.017028,"37":0.005676,"38":0,"39":0,"40":0,"41":0,"42":0.005676,"43":0.005676,"44":0,"45":0.011352,"46":0.357588,"47":0.346236,"48":0.005676,"49":0},"safari":{"3.1":0,"3.2":0,"4":0.011352,"5":0.034056,"5.1":0.039732,"6":0.005676,"6.1":0.02838,"7":0.017028,"7.1":0.005676,"8":0.11352,"9":0.124872,"9.1":0.48246,"10":0.437052,"10.1":2.344188,"11":0.005676,"0":null},"ios_saf":{"3.2":0,"4.0-4.1":0,"4.2-4.3":0,"5.0-5.1":0,"6.0-6.1":0,"7.0-7.1":0.0356604488921,"8":0,"8.1-8.4":0.0288679824364,"9.0-9.2":0.374434713367,"9.3":0.270849599918,"10.0-10.2":1.04688889247,"10.3":6.55812636291,"11":null},"android":{"2.1":0,"2.2":0,"2.3":0,"3":0,"4":0,"4.1":0.145149740192,"4.2-4.3":0.374970162162,"4.4":1.03822383609,"4.4.3-4.4.4":0.753972261552,"56":null},"op_mob":{"10":null,"11":null,"11.1":null,"11.5":null,"12":null,"12.1":null,"0":null},"ie":{"5.5":0,"6":0.00572482580645,"7":0.00572482580645,"8":0.1774696,"9":0.131670993548,"10":0.160295122581,"11":2.18115863226},"edge":{"12":0.05676,"13":0.130548,"14":0.720852,"15":null,"16":null},"bb":{"7":0.008648,"10":0.034592},"samsung":{"4":0,"5":0},"ie_mob":{"10":null,"11":null},"baidu":{"0":null},"and_ff":{"0":0.030268},"and_qq":{"1.2":null},"and_uc":{"0":0.311328},"op_mini":{"0":1.19222129801},"and_chr":{"0":33.255332}},"total":95.981609298}