{"id":"MY","name":"Malaysia","month":"2017-08","access_date":"2017-09-04","data":{"chrome":{"4":0,"5":0,"6":0,"7":0,"8":0,"9":0,"10":0.004152,"11":0.016608,"12":0.004152,"13":0,"14":0.004152,"15":0.004152,"16":0.004152,"17":0.004152,"18":0.004152,"19":0.008304,"20":0.004152,"21":0.008304,"22":0.008304,"23":0.004152,"24":0.004152,"25":0.004152,"26":0.008304,"27":0.008304,"28":0.004152,"29":0.012456,"30":0.008304,"31":0.053976,"32":0.012456,"33":0.033216,"34":0.016608,"35":0.008304,"36":0.074736,"37":0.012456,"38":0.024912,"39":0.02076,"40":0.008304,"41":0.008304,"42":0.008304,"43":0.037368,"44":0.049824,"45":0.058128,"46":0.045672,"47":0.024912,"48":0.053976,"49":1.150104,"50":0.053976,"51":0.14532,"52":0.037368,"53":0.04152,"54":0.06228,"55":0.274032,"56":0.240816,"57":0.16608,"58":0.465024,"59":6.776064,"60":17.940792,"61":0.099648,"62":0.107952,"63":0},"firefox":{"2":0,"3":0.016608,"3.5":0,"3.6":0.008304,"4":0.004152,"5":0,"6":0,"7":0,"8":0,"9":0,"10":0.004152,"11":0.004152,"12":0.008304,"13":0.004152,"14":0.004152,"15":0.004152,"16":0.008304,"17":0.004152,"18":0,"19":0.004152,"20":0.004152,"21":0.004152,"22":0.004152,"23":0.004152,"24":0.004152,"25":0.004152,"26":0.004152,"27":0.008304,"28":0.004152,"29":0.008304,"30":0.004152,"31":0.008304,"32":0.008304,"33":0.008304,"34":0.004152,"35":0.008304,"36":0.016608,"37":0.012456,"38":0.016608,"39":0.012456,"40":0.016608,"41":0.016608,"42":0.012456,"43":0.049824,"44":0.02076,"45":0.029064,"46":0.016608,"47":0.087192,"48":0.120408,"49":0.029064,"50":0.045672,"51":0.045672,"52":0.35292,"53":0.099648,"54":2.586696,"55":0.85116,"56":0.107952,"57":0.004152,"58":0},"opera":{"9":0,"9.5-9.6":0,"10.0-10.1":0,"10.5":0,"10.6":0,"11":0,"11.1":0,"11.5":0,"11.6":0,"12":0,"12.1":0.008304,"15":0,"16":0,"17":0,"18":0,"19":0,"20":0,"21":0,"22":0,"23":0,"24":0,"25":0,"26":0,"27":0,"28":0.004152,"29":0,"30":0,"31":0,"32":0,"33":0,"34":0,"35":0,"36":0.008304,"37":0.02076,"38":0,"39":0,"40":0,"41":0,"42":0.004152,"43":0,"44":0,"45":0.004152,"46":0.157776,"47":0.137016,"48":0,"49":0},"safari":{"3.1":0,"3.2":0,"4":0.008304,"5":0.008304,"5.1":0.02076,"6":0.012456,"6.1":0.012456,"7":0.02076,"7.1":0.004152,"8":0.066432,"9":0.053976,"9.1":0.2076,"10":0.182688,"10.1":0.817944,"11":0.004152,"0":null},"ios_saf":{"3.2":0,"4.0-4.1":0,"4.2-4.3":0,"5.0-5.1":0,"6.0-6.1":0,"7.0-7.1":0.0388590021444,"8":0,"8.1-8.4":0.0314572874502,"9.0-9.2":0.408019522516,"9.3":0.29514337343,"10.0-10.2":1.14078927724,"10.3":7.14635553722,"11":null},"android":{"2.1":0,"2.2":0,"2.3":0,"3":0,"4":0,"4.1":0.242012903226,"4.2-4.3":0.6252,"4.4":1.73106451613,"4.4.3-4.4.4":1.25712258065,"56":null},"op_mob":{"10":null,"11":null,"11.1":null,"11.5":null,"12":null,"12.1":null,"0":null},"ie":{"5.5":0,"6":0.0215713103448,"7":0.00862852413793,"8":0.232970151724,"9":0.1251136,"10":0.120799337931,"11":1.36762107586},"edge":{"12":0.016608,"13":0.045672,"14":0.211752,"15":null,"16":null},"bb":{"7":0.0070176,"10":0.0280704},"samsung":{"4":0,"5":0},"ie_mob":{"10":null,"11":null},"baidu":{"0":null},"and_ff":{"0":0.023392},"and_qq":{"1.2":null},"and_uc":{"0":6.63748},"op_mini":{"0":2.56793038411},"and_chr":{"0":35.958096}},"total":95.0119223841}