{"id":"MZ","name":"Mozambique","month":"2017-08","access_date":"2017-09-04","data":{"chrome":{"4":0.001733,"5":0,"6":0,"7":0,"8":0,"9":0,"10":0.001733,"11":0.01733,"12":0,"13":0.005199,"14":0,"15":0,"16":0.005199,"17":0,"18":0.001733,"19":0.001733,"20":0,"21":0.003466,"22":0.001733,"23":0.005199,"24":0,"25":0.008665,"26":0.006932,"27":0.013864,"28":0.008665,"29":0.010398,"30":0.003466,"31":0.019063,"32":0.010398,"33":0.031194,"34":0.008665,"35":0.012131,"36":0.284212,"37":0.008665,"38":0.003466,"39":0.005199,"40":0.031194,"41":0.071053,"42":0.001733,"43":0.788515,"44":0.005199,"45":0.038126,"46":0.010398,"47":0.015597,"48":0.005199,"49":0.161169,"50":0.012131,"51":0.024262,"52":0.006932,"53":0.01733,"54":0.010398,"55":0.204494,"56":0.03466,"57":0.03466,"58":0.117844,"59":1.616889,"60":4.845468,"61":0.027728,"62":0.013864,"63":0},"firefox":{"2":0,"3":0.041592,"3.5":0.001733,"3.6":0.003466,"4":0.003466,"5":0.001733,"6":0,"7":0,"8":0.005199,"9":0.001733,"10":0.001733,"11":0.005199,"12":0.005199,"13":0.008665,"14":0.008665,"15":0.003466,"16":0.005199,"17":0.003466,"18":0.003466,"19":0.006932,"20":0.008665,"21":0.046791,"22":0.012131,"23":0.008665,"24":0.015597,"25":0.010398,"26":0.001733,"27":0.006932,"28":0.010398,"29":0.008665,"30":0.012131,"31":0.012131,"32":0.005199,"33":0.008665,"34":0.005199,"35":0.012131,"36":0.012131,"37":0.05199,"38":0.012131,"39":0.012131,"40":0.005199,"41":0.005199,"42":0.006932,"43":0.039859,"44":0.012131,"45":0.024262,"46":0.01733,"47":0.095315,"48":0.032927,"49":0.029461,"50":0.01733,"51":0.015597,"52":0.088383,"53":0.038126,"54":1.457453,"55":0.509502,"56":0.05199,"57":0.001733,"58":0},"opera":{"9":0,"9.5-9.6":0,"10.0-10.1":0,"10.5":0,"10.6":0.003466,"11":0.006932,"11.1":0.001733,"11.5":0.003466,"11.6":0.013864,"12":0.012131,"12.1":0.022529,"15":0.003466,"16":0.003466,"17":0.001733,"18":0.001733,"19":0.003466,"20":0.006932,"21":0.005199,"22":0.005199,"23":0,"24":0.001733,"25":0,"26":0,"27":0,"28":0.083184,"29":0.003466,"30":0.001733,"31":0.001733,"32":0.001733,"33":0,"34":0.006932,"35":0.006932,"36":0.019063,"37":0.006932,"38":0.003466,"39":0.001733,"40":0.003466,"41":0.003466,"42":0.031194,"43":0.03466,"44":0.003466,"45":0.03466,"46":0.431517,"47":0.407255,"48":0.001733,"49":0},"safari":{"3.1":0,"3.2":0,"4":0,"5":0.005199,"5.1":0.029461,"6":0.008665,"6.1":0.003466,"7":0.003466,"7.1":0.013864,"8":0.012131,"9":0.01733,"9.1":0.036393,"10":0.041592,"10.1":0.216625,"11":0.001733,"0":null},"ios_saf":{"3.2":0,"4.0-4.1":0,"4.2-4.3":0,"5.0-5.1":0,"6.0-6.1":0,"7.0-7.1":0.0066578470336,"8":0,"8.1-8.4":0.00538968569386,"9.0-9.2":0.0699073938528,"9.3":0.0505679334218,"10.0-10.2":0.195455366486,"10.3":1.22440977351,"11":null},"android":{"2.1":0,"2.2":0,"2.3":0,"3":0,"4":0,"4.1":0.280672509154,"4.2-4.3":0.725070648649,"4.4":2.00758808631,"4.4.3-4.4.4":1.45793775588,"56":null},"op_mob":{"10":null,"11":null,"11.1":null,"11.5":null,"12":null,"12.1":null,"0":null},"ie":{"5.5":0,"6":0.00173887457627,"7":0.00347774915254,"8":0.283436555932,"9":0.083465979661,"10":0.0956381016949,"11":1.07114673898},"edge":{"12":0.097048,"13":0.083184,"14":0.145572,"15":null,"16":null},"bb":{"7":0.1289652,"10":0.5158608},"samsung":{"4":0,"5":0},"ie_mob":{"10":0.0465008695652,"11":0.220879130435},"baidu":{"0":null},"and_ff":{"0":0.016534},"and_qq":{"1.2":null},"and_uc":{"0":10.515624},"op_mini":{"0":31.3697884801},"and_chr":{"0":22.910634}},"total":86.5967874801}