{"id":"NA","name":"Namibia","month":"2017-08","access_date":"2017-09-04","data":{"chrome":{"4":0,"5":0,"6":0,"7":0,"8":0,"9":0,"10":0,"11":0.044,"12":0,"13":0,"14":0,"15":0,"16":0,"17":0,"18":0.004,"19":0,"20":0.004,"21":0.008,"22":0.004,"23":0,"24":0,"25":0.004,"26":0.008,"27":0.004,"28":0.008,"29":0.028,"30":0,"31":0.016,"32":0.008,"33":0.004,"34":0.012,"35":0.012,"36":0.832,"37":0.008,"38":0.032,"39":0.008,"40":0.04,"41":0.004,"42":0.004,"43":0.124,"44":0.004,"45":0.052,"46":0.008,"47":0.012,"48":0.004,"49":0.5,"50":0.032,"51":0.128,"52":0.012,"53":0.124,"54":0.024,"55":0.24,"56":0.112,"57":0.06,"58":0.292,"59":4.112,"60":12.284,"61":0.052,"62":0.032,"63":0},"firefox":{"2":0.008,"3":0.004,"3.5":0,"3.6":0.016,"4":0.052,"5":0.004,"6":0,"7":0,"8":0,"9":0,"10":0.004,"11":0.008,"12":0.004,"13":0.012,"14":0.004,"15":0,"16":0.004,"17":0.004,"18":0,"19":0,"20":0.004,"21":0,"22":0,"23":0.004,"24":0.004,"25":0,"26":0.004,"27":0,"28":0.004,"29":0.004,"30":0.004,"31":0.008,"32":0.02,"33":0.004,"34":0.004,"35":0.024,"36":0.004,"37":0.016,"38":0.036,"39":0.012,"40":0.02,"41":0.008,"42":0.008,"43":0.032,"44":0.02,"45":0.032,"46":0.008,"47":0.148,"48":0.096,"49":0.024,"50":0.036,"51":0.044,"52":0.264,"53":0.084,"54":3.5,"55":1.34,"56":0.12,"57":0,"58":0},"opera":{"9":0,"9.5-9.6":0,"10.0-10.1":0,"10.5":0,"10.6":0,"11":0,"11.1":0,"11.5":0,"11.6":0,"12":0,"12.1":0.028,"15":0,"16":0,"17":0,"18":0,"19":0,"20":0,"21":0,"22":0.004,"23":0,"24":0,"25":0,"26":0,"27":0,"28":0.004,"29":0,"30":0,"31":0,"32":0,"33":0,"34":0,"35":0,"36":0.012,"37":0.004,"38":0.004,"39":0,"40":0.004,"41":0.004,"42":0.012,"43":0.008,"44":0.004,"45":0.052,"46":0.516,"47":0.544,"48":0,"49":0},"safari":{"3.1":0,"3.2":0,"4":0,"5":0,"5.1":0.02,"6":0,"6.1":0,"7":0,"7.1":0.008,"8":0.084,"9":0.104,"9.1":0.096,"10":0.208,"10.1":0.772,"11":0.004,"0":null},"ios_saf":{"3.2":0,"4.0-4.1":0,"4.2-4.3":0,"5.0-5.1":0,"6.0-6.1":0,"7.0-7.1":0.0178756254467,"8":0,"8.1-8.4":0.0144707444093,"9.0-9.2":0.187694067191,"9.3":0.135769631369,"10.0-10.2":0.524777289901,"10.3":3.28741264168,"11":null},"android":{"2.1":0,"2.2":0,"2.3":0,"3":0,"4":0,"4.1":0.314615518745,"4.2-4.3":0.812756756757,"4.4":2.25037489102,"4.4.3-4.4.4":1.63425283348,"56":null},"op_mob":{"10":null,"11":null,"11.1":null,"11.5":null,"12":null,"12.1":null,"0":null},"ie":{"5.5":0,"6":0.00401998001998,"7":0.00401998001998,"8":0.269338661339,"9":0.128639360639,"10":0.353758241758,"11":3.2602037962},"edge":{"12":0.268,"13":0.448,"14":0.784,"15":null,"16":null},"bb":{"7":0.1236,"10":0.4944},"samsung":{"4":0,"5":0},"ie_mob":{"10":0.0465008695652,"11":0.220879130435},"baidu":{"0":null},"and_ff":{"0":0.012},"and_qq":{"1.2":null},"and_uc":{"0":4.356},"op_mini":{"0":13.204013245},"and_chr":{"0":26.818}},"total":87.839373265}