{"id":"NC","name":"New Caledonia","month":"2017-08","access_date":"2017-09-04","data":{"chrome":{"4":0,"5":0,"6":0,"7":0,"8":0,"9":0,"10":0,"11":0,"12":0,"13":0,"14":0,"15":0,"16":0,"17":0,"18":0,"19":0,"20":0,"21":0,"22":0,"23":0,"24":0,"25":0,"26":0,"27":0,"28":0.007199,"29":0,"30":0,"31":0,"32":0.021597,"33":0,"34":0.777492,"35":0,"36":0.208771,"37":0,"38":0.007199,"39":0.007199,"40":0.100786,"41":0,"42":0,"43":0.107985,"44":0.014398,"45":0,"46":0.014398,"47":0.021597,"48":0.014398,"49":0.683905,"50":0.021597,"51":0.014398,"52":0,"53":0.028796,"54":0.021597,"55":0.201572,"56":0.244766,"57":0.122383,"58":0.352751,"59":6.198339,"60":20.358772,"61":0.107985,"62":0.007199,"63":0},"firefox":{"2":0,"3":0,"3.5":0,"3.6":0,"4":0,"5":0,"6":0,"7":0,"8":0,"9":0,"10":0.007199,"11":0,"12":0.007199,"13":0,"14":0.007199,"15":0,"16":0,"17":0,"18":0,"19":0,"20":0,"21":0.007199,"22":0,"23":0,"24":0.007199,"25":0,"26":0.007199,"27":0,"28":0,"29":0,"30":0,"31":0,"32":0,"33":0,"34":0.007199,"35":0,"36":0.007199,"37":0.021597,"38":0.014398,"39":0.014398,"40":0.035995,"41":0.014398,"42":0.014398,"43":0.050393,"44":0.014398,"45":1.540586,"46":0.014398,"47":0.237567,"48":1.022258,"49":0.057592,"50":0.057592,"51":0.122383,"52":0.950268,"53":0.21597,"54":8.624402,"55":2.742819,"56":0.007199,"57":0.007199,"58":0},"opera":{"9":0,"9.5-9.6":0,"10.0-10.1":0,"10.5":0,"10.6":0,"11":0,"11.1":0,"11.5":0,"11.6":0,"12":0,"12.1":0.064791,"15":0,"16":0,"17":0,"18":0,"19":0,"20":0,"21":0,"22":0,"23":0,"24":0,"25":0,"26":0,"27":0,"28":0,"29":0,"30":0,"31":0,"32":0,"33":0,"34":0,"35":0,"36":0.079189,"37":0,"38":0,"39":0,"40":0,"41":0,"42":0.007199,"43":0,"44":0,"45":0,"46":0.554323,"47":0.640711,"48":0,"49":0},"safari":{"3.1":0,"3.2":0,"4":0.021597,"5":0.043194,"5.1":0.129582,"6":0,"6.1":0.158378,"7":0.007199,"7.1":0,"8":0.129582,"9":0.151179,"9.1":0.971865,"10":0.50393,"10.1":4.053037,"11":0.007199,"0":null},"ios_saf":{"3.2":0,"4.0-4.1":0,"4.2-4.3":0,"5.0-5.1":0,"6.0-6.1":0,"7.0-7.1":0.0675620972123,"8":0,"8.1-8.4":0.0546931263147,"9.0-9.2":0.709402020729,"9.3":0.513150214541,"10.0-10.2":1.98343013959,"10.3":12.4249914016,"11":null},"android":{"2.1":0,"2.2":0,"2.3":0,"3":0,"4":0,"4.1":0.128042113339,"4.2-4.3":0.330775459459,"4.4":0.915856782912,"4.4.3-4.4.4":0.665107644289,"56":null},"op_mob":{"10":null,"11":null,"11.1":null,"11.5":null,"12":null,"12.1":null,"0":null},"ie":{"5.5":0,"6":0,"7":0.007199,"8":0.050393,"9":0.201572,"10":0.057592,"11":4.110629},"edge":{"12":0.064791,"13":0.187174,"14":1.180636,"15":null,"16":null},"bb":{"7":0.0005602,"10":0.0022408},"samsung":{"4":0,"5":0},"ie_mob":{"10":0.0465008695652,"11":0.220879130435},"baidu":{"0":null},"and_ff":{"0":0.022408},"and_qq":{"1.2":null},"and_uc":{"0":0.050418},"op_mini":{"0":0.138250682119},"and_chr":{"0":16.47679}},"total":93.6388786821}