{"id":"NE","name":"Niger","month":"2017-08","access_date":"2017-09-04","data":{"chrome":{"4":0,"5":0.001306,"6":0.001306,"7":0,"8":0,"9":0,"10":0,"11":0.031344,"12":0.001306,"13":0,"14":0.001306,"15":0,"16":0.001306,"17":0.001306,"18":0.001306,"19":0.003918,"20":0.007836,"21":0.010448,"22":0.010448,"23":0,"24":0,"25":0,"26":0.002612,"27":0.001306,"28":0,"29":0.074442,"30":0.003918,"31":0.010448,"32":0,"33":0.002612,"34":0,"35":0,"36":0.014366,"37":0,"38":0.092726,"39":0,"40":0,"41":0,"42":0,"43":0.077054,"44":0.002612,"45":0.151496,"46":0.003918,"47":0.291238,"48":0.003918,"49":0.018284,"50":0.040486,"51":0.016978,"52":0.009142,"53":0.01306,"54":0.014366,"55":0.11101,"56":0.01306,"57":0.033956,"58":0.036568,"59":0.429674,"60":1.64556,"61":0.03265,"62":0.002612,"63":0},"firefox":{"2":0,"3":0.31344,"3.5":0.001306,"3.6":0.007836,"4":0.002612,"5":0.001306,"6":0.20243,"7":0.002612,"8":0.002612,"9":0.001306,"10":0.001306,"11":0.003918,"12":0.016978,"13":0.002612,"14":0.002612,"15":0.003918,"16":0.010448,"17":0.010448,"18":0.001306,"19":0.005224,"20":0.005224,"21":0.003918,"22":0.005224,"23":0.001306,"24":0.009142,"25":0.010448,"26":0.003918,"27":0.003918,"28":0.001306,"29":0.002612,"30":0.010448,"31":0.175004,"32":0.001306,"33":0.033956,"34":0.009142,"35":0.010448,"36":0.00653,"37":0.022202,"38":0.00653,"39":0.011754,"40":0.009142,"41":0.016978,"42":0.003918,"43":0.056158,"44":0.009142,"45":0.01306,"46":0.007836,"47":0.094032,"48":0.033956,"49":0.037874,"50":0.047016,"51":0.007836,"52":0.079666,"53":0.09795,"54":1.375218,"55":0.468854,"56":0.015672,"57":0,"58":0},"opera":{"9":0,"9.5-9.6":0.003918,"10.0-10.1":0.001306,"10.5":0,"10.6":0.002612,"11":0,"11.1":0,"11.5":0,"11.6":0,"12":0,"12.1":0.002612,"15":0.002612,"16":0,"17":0,"18":0,"19":0,"20":0,"21":0,"22":0,"23":0,"24":0,"25":0.001306,"26":0,"27":0,"28":0,"29":0.002612,"30":0.014366,"31":0,"32":0.001306,"33":0,"34":0.003918,"35":0.002612,"36":0.010448,"37":0.00653,"38":0.002612,"39":0.001306,"40":0.001306,"41":0.001306,"42":0.031344,"43":0.003918,"44":0,"45":0.005224,"46":0.245528,"47":0.15019,"48":0,"49":0},"safari":{"3.1":0,"3.2":0,"4":0.053546,"5":0.002612,"5.1":0.003918,"6":0,"6.1":0.001306,"7":0,"7.1":0.007836,"8":0.005224,"9":0.048322,"9.1":0.01306,"10":0.082278,"10.1":0.092726,"11":0,"0":null},"ios_saf":{"3.2":0,"4.0-4.1":0,"4.2-4.3":0,"5.0-5.1":0,"6.0-6.1":0,"7.0-7.1":0.00605326661901,"8":0,"8.1-8.4":0.00490026345349,"9.0-9.2":0.0635592994996,"9.3":0.0459760012254,"10.0-10.2":0.177706612887,"10.3":1.11322455632,"11":null},"android":{"2.1":0,"2.2":0,"2.3":0,"3":0,"4":0,"4.1":0.401780840453,"4.2-4.3":1.03793383784,"4.4":2.87384906713,"4.4.3-4.4.4":2.08702825458,"56":null},"op_mob":{"10":null,"11":null,"11.1":null,"11.5":null,"12":null,"12.1":null,"0":null},"ie":{"5.5":0,"6":0.00507346167995,"7":0.00169115389332,"8":1.22777772655,"9":0.167424235438,"10":0.334848470877,"11":1.02145695156},"edge":{"12":0.049628,"13":0.037874,"14":0.030038,"15":null,"16":null},"bb":{"7":0.0191268,"10":0.0765072},"samsung":{"4":0,"5":0},"ie_mob":{"10":0.0465008695652,"11":0.220879130435},"baidu":{"0":null},"and_ff":{"0":0.312984},"and_qq":{"1.2":null},"and_uc":{"0":15.60573},"op_mini":{"0":18.747891298},"and_chr":{"0":41.451908}},"total":94.505153298}