{"id":"NI","name":"Nicaragua","month":"2017-08","access_date":"2017-09-04","data":{"chrome":{"4":0,"5":0,"6":0,"7":0,"8":0,"9":0,"10":0,"11":0.015477,"12":0,"13":0,"14":0,"15":0,"16":0.005159,"17":0,"18":0.005159,"19":0,"20":0,"21":0.010318,"22":0.015477,"23":0.010318,"24":0,"25":0.005159,"26":0.010318,"27":0.010318,"28":0.005159,"29":0.015477,"30":0.005159,"31":0.05159,"32":0.010318,"33":0.005159,"34":0.010318,"35":0.010318,"36":0.010318,"37":0.015477,"38":0.041272,"39":0.005159,"40":0.025795,"41":0.025795,"42":0.005159,"43":0.030954,"44":0.020636,"45":0.020636,"46":0.010318,"47":0.020636,"48":0.05159,"49":0.959574,"50":0.025795,"51":0.175406,"52":0.025795,"53":0.041272,"54":0.046431,"55":0.201201,"56":0.247632,"57":0.098021,"58":0.30954,"59":7.625002,"60":27.151817,"61":0.05159,"62":0.056749,"63":0},"firefox":{"2":0.010318,"3":0.015477,"3.5":0.005159,"3.6":0.010318,"4":0,"5":0,"6":0,"7":0,"8":0,"9":0,"10":0,"11":0,"12":0,"13":0,"14":0,"15":0,"16":0,"17":0,"18":0,"19":0,"20":0,"21":0.010318,"22":0.005159,"23":0.005159,"24":0.005159,"25":0.005159,"26":0,"27":0.005159,"28":0.005159,"29":0.005159,"30":0,"31":0.010318,"32":0.005159,"33":0.010318,"34":0.005159,"35":0.010318,"36":0.010318,"37":0.015477,"38":0.030954,"39":0.010318,"40":0.020636,"41":0.015477,"42":0.010318,"43":0.061908,"44":0.015477,"45":0.025795,"46":0.010318,"47":0.077385,"48":0.10318,"49":0.046431,"50":0.046431,"51":0.041272,"52":0.278586,"53":0.087703,"54":2.878722,"55":1.093708,"56":0.010318,"57":0,"58":0},"opera":{"9":0,"9.5-9.6":0.005159,"10.0-10.1":0,"10.5":0,"10.6":0,"11":0,"11.1":0,"11.5":0,"11.6":0,"12":0.005159,"12.1":0.010318,"15":0,"16":0,"17":0,"18":0,"19":0,"20":0,"21":0,"22":0,"23":0,"24":0,"25":0,"26":0,"27":0.005159,"28":0.015477,"29":0.005159,"30":0,"31":0,"32":0.005159,"33":0.005159,"34":0,"35":0,"36":0.025795,"37":0.082544,"38":0.010318,"39":0,"40":0.010318,"41":0,"42":0,"43":0.010318,"44":0,"45":0.005159,"46":0.325017,"47":0.407561,"48":0,"49":0},"safari":{"3.1":0,"3.2":0,"4":0.005159,"5":0.010318,"5.1":0.020636,"6":0.010318,"6.1":0,"7":0.010318,"7.1":0.005159,"8":0.046431,"9":0.061908,"9.1":0.211519,"10":0.263109,"10.1":0.82544,"11":0.005159,"0":null},"ios_saf":{"3.2":0,"4.0-4.1":0,"4.2-4.3":0,"5.0-5.1":0,"6.0-6.1":0,"7.0-7.1":0.0136668205861,"8":0,"8.1-8.4":0.011063616665,"9.0-9.2":0.143501616154,"9.3":0.103802756357,"10.0-10.2":0.40121880435,"10.3":2.51339338589,"11":null},"android":{"2.1":0,"2.2":0,"2.3":0,"3":0,"4":0,"4.1":0.225373433304,"4.2-4.3":0.582214702703,"4.4":1.61204608544,"4.4.3-4.4.4":1.17068977855,"56":null},"op_mob":{"10":null,"11":null,"11.1":null,"11.5":null,"12":null,"12.1":null,"0":null},"ie":{"5.5":0,"6":0,"7":0.00532191578947,"8":0.180945136842,"9":0.127725978947,"10":0.111760231579,"11":0.585410736842},"edge":{"12":0.05159,"13":0.10318,"14":0.314699,"15":null,"16":null},"bb":{"7":0.009682,"10":0.038728},"samsung":{"4":0,"5":0},"ie_mob":{"10":0.0465008695652,"11":0.220879130435},"baidu":{"0":null},"and_ff":{"0":0.009682},"and_qq":{"1.2":null},"and_uc":{"0":2.154245},"op_mini":{"0":3.49347078146},"and_chr":{"0":35.21964}},"total":94.3801627815}