{"id":"NO","name":"Norway","month":"2017-08","access_date":"2017-09-04","data":{"chrome":{"4":0,"5":0,"6":0,"7":0,"8":0,"9":0,"10":0,"11":0.006622,"12":0,"13":0,"14":0,"15":0,"16":0,"17":0,"18":0.006622,"19":0,"20":0,"21":0,"22":0.006622,"23":0,"24":0,"25":0,"26":0,"27":0.013244,"28":0.006622,"29":0.059598,"30":0.006622,"31":0.013244,"32":0.013244,"33":0.006622,"34":0.019866,"35":0.006622,"36":0.026488,"37":0.013244,"38":0.026488,"39":0.006622,"40":0.013244,"41":0.06622,"42":0.006622,"43":0.019866,"44":0.019866,"45":0.026488,"46":0.019866,"47":0.026488,"48":0.039732,"49":0.543004,"50":0.026488,"51":0.072842,"52":0.019866,"53":0.052976,"54":0.072842,"55":0.19866,"56":0.13244,"57":0.192038,"58":0.390698,"59":7.21798,"60":18.40916,"61":0.06622,"62":0.03311,"63":0},"firefox":{"2":0,"3":0,"3.5":0,"3.6":0.205282,"4":0.006622,"5":0,"6":0,"7":0,"8":0,"9":0,"10":0,"11":0,"12":0.006622,"13":0,"14":0,"15":0,"16":0,"17":0,"18":0,"19":0,"20":0,"21":0.019866,"22":0.006622,"23":0.006622,"24":0.006622,"25":0.006622,"26":0,"27":0.006622,"28":0.013244,"29":0.006622,"30":0.006622,"31":0.006622,"32":0,"33":0.006622,"34":0.006622,"35":0.006622,"36":0.006622,"37":0.039732,"38":0.013244,"39":0.006622,"40":0.013244,"41":0.013244,"42":0.013244,"43":0.019866,"44":0.006622,"45":0.039732,"46":0.006622,"47":0.026488,"48":0.119196,"49":0.026488,"50":0.03311,"51":0.046354,"52":0.437052,"53":0.092708,"54":3.34411,"55":1.370754,"56":0.019866,"57":0,"58":0},"opera":{"9":0,"9.5-9.6":0,"10.0-10.1":0,"10.5":0,"10.6":0,"11":0,"11.1":0,"11.5":0,"11.6":0,"12":0.006622,"12.1":0.059598,"15":0,"16":0,"17":0,"18":0,"19":0,"20":0,"21":0,"22":0,"23":0,"24":0,"25":0.006622,"26":0,"27":0,"28":0.052976,"29":0,"30":0,"31":0,"32":0,"33":0,"34":0.013244,"35":0,"36":0.03311,"37":0.006622,"38":0.013244,"39":0.006622,"40":0,"41":0,"42":0.006622,"43":0.019866,"44":0.019866,"45":0.026488,"46":1.086008,"47":0.668822,"48":0.006622,"49":0},"safari":{"3.1":0,"3.2":0,"4":0.019866,"5":0.013244,"5.1":0.039732,"6":0.006622,"6.1":0.026488,"7":0.03311,"7.1":0.026488,"8":0.39732,"9":0.23177,"9.1":0.907214,"10":0.49665,"10.1":3.582502,"11":0.026488,"0":null},"ios_saf":{"3.2":0,"4.0-4.1":0,"4.2-4.3":0,"5.0-5.1":0,"6.0-6.1":0,"7.0-7.1":0.0990202687634,"8":0,"8.1-8.4":0.0801592651894,"9.0-9.2":1.03971282202,"9.3":0.752082517513,"10.0-10.2":2.90695217584,"10.3":18.2102989507,"11":null},"android":{"2.1":0,"2.2":0,"2.3":0,"3":0,"4":0,"4.1":0.038654646905,"4.2-4.3":0.0998578378378,"4.4":0.27648809939,"4.4.3-4.4.4":0.200789415867,"56":null},"op_mob":{"10":null,"11":null,"11.1":null,"11.5":null,"12":null,"12.1":null,"0":null},"ie":{"5.5":0,"6":0,"7":0.00663725806452,"8":0.0929216129032,"9":0.119470645161,"10":0.159294193548,"11":11.1373190323},"edge":{"12":0.03311,"13":0.145684,"14":1.264802,"15":null,"16":null},"bb":{"7":0.0087828,"10":0.0351312},"samsung":{"4":0,"5":0},"ie_mob":{"10":0.0465008695652,"11":0.220879130435},"baidu":{"0":null},"and_ff":{"0":0.040536},"and_qq":{"1.2":null},"and_uc":{"0":0.25335},"op_mini":{"0":0.416825066225},"and_chr":{"0":13.221392}},"total":92.6716058082}