{"id":"NP","name":"Nepal","month":"2017-08","access_date":"2017-09-04","data":{"chrome":{"4":0.003823,"5":0.003823,"6":0.003823,"7":0.003823,"8":0.003823,"9":0.003823,"10":0.003823,"11":0.015292,"12":0.022938,"13":0.003823,"14":0.003823,"15":0.003823,"16":0.003823,"17":0.026761,"18":0.003823,"19":0.015292,"20":0.011469,"21":0.003823,"22":0.015292,"23":0.003823,"24":0.011469,"25":0.015292,"26":0.015292,"27":0.011469,"28":0.019115,"29":0.072637,"30":0.053522,"31":0.099398,"32":0.237026,"33":0.072637,"34":0.007646,"35":0.003823,"36":0.095575,"37":0.007646,"38":0.007646,"39":0.007646,"40":0.007646,"41":0.003823,"42":0.003823,"43":0.126159,"44":0.011469,"45":0.011469,"46":0.007646,"47":0.007646,"48":0.015292,"49":0.787538,"50":0.019115,"51":0.087929,"52":0.011469,"53":0.03823,"54":0.057345,"55":0.328778,"56":0.103221,"57":0.07646,"58":0.263787,"59":4.839918,"60":17.566685,"61":0.141451,"62":0.198796,"63":0},"firefox":{"2":0,"3":0.030584,"3.5":0,"3.6":0.003823,"4":0.003823,"5":0.003823,"6":0.003823,"7":0,"8":0,"9":0.003823,"10":0.003823,"11":0.007646,"12":0.011469,"13":0.003823,"14":0.007646,"15":0.007646,"16":0.007646,"17":0.011469,"18":0,"19":0.003823,"20":0.003823,"21":0.007646,"22":0.007646,"23":0.007646,"24":0.003823,"25":0.007646,"26":0.007646,"27":0.003823,"28":0.003823,"29":0.019115,"30":0.011469,"31":0.015292,"32":0.030584,"33":0.015292,"34":0.015292,"35":0.015292,"36":0.007646,"37":0.011469,"38":0.015292,"39":0.026761,"40":0.015292,"41":0.011469,"42":0.011469,"43":0.084106,"44":0.045876,"45":0.022938,"46":0.015292,"47":0.168212,"48":0.080283,"49":0.042053,"50":0.053522,"51":0.03823,"52":0.367008,"53":0.080283,"54":3.119568,"55":1.37628,"56":0.405238,"57":0.015292,"58":0},"opera":{"9":0,"9.5-9.6":0,"10.0-10.1":0,"10.5":0,"10.6":0,"11":0,"11.1":0,"11.5":0,"11.6":0,"12":0,"12.1":0.007646,"15":0,"16":0,"17":0,"18":0,"19":0,"20":0,"21":0,"22":0.003823,"23":0,"24":0,"25":0,"26":0,"27":0,"28":0.003823,"29":0,"30":0.003823,"31":0,"32":0,"33":0,"34":0,"35":0.007646,"36":0.022938,"37":0.007646,"38":0,"39":0,"40":0.003823,"41":0.007646,"42":0.007646,"43":0.003823,"44":0,"45":0.011469,"46":0.397592,"47":0.493167,"48":0.003823,"49":0},"safari":{"3.1":0,"3.2":0,"4":0.003823,"5":0,"5.1":0.003823,"6":0,"6.1":0.003823,"7":0.003823,"7.1":0.003823,"8":0.011469,"9":0.022938,"9.1":0.049699,"10":0.057345,"10.1":0.30584,"11":0.003823,"0":null},"ios_saf":{"3.2":0,"4.0-4.1":0,"4.2-4.3":0,"5.0-5.1":0,"6.0-6.1":0,"7.0-7.1":0.0205765003574,"8":0,"8.1-8.4":0.016657166956,"9.0-9.2":0.216053253753,"9.3":0.156283419381,"10.0-10.2":0.604067260492,"10.3":3.78411639906,"11":null},"android":{"2.1":0,"2.2":0,"2.3":0,"3":0,"4":0,"4.1":0.249311267655,"4.2-4.3":0.644054108108,"4.4":1.78326809503,"4.4.3-4.4.4":1.29503352921,"56":null},"op_mob":{"10":null,"11":null,"11.1":null,"11.5":null,"12":null,"12.1":null,"0":null},"ie":{"5.5":0,"6":0.00419667669173,"7":0,"8":0.138490330827,"9":0.0251800601504,"10":0.0503601203008,"11":0.33993081203},"edge":{"12":0.091752,"13":0.057345,"14":0.11469,"15":null,"16":null},"bb":{"7":0.0037062,"10":0.0148248},"samsung":{"4":0,"5":0},"ie_mob":{"10":0.0465008695652,"11":0.220879130435},"baidu":{"0":null},"and_ff":{"0":0.012354},"and_qq":{"1.2":null},"and_uc":{"0":6.183177},"op_mini":{"0":10.6708697682},"and_chr":{"0":34.482754}},"total":94.6012217682}