{"id":"NZ","name":"New Zealand","month":"2017-08","access_date":"2017-09-04","data":{"chrome":{"4":0,"5":0,"6":0,"7":0,"8":0,"9":0,"10":0,"11":0.006293,"12":0,"13":0,"14":0,"15":0,"16":0,"17":0,"18":0,"19":0,"20":0.006293,"21":0,"22":0.012586,"23":0,"24":0,"25":0,"26":0.012586,"27":0,"28":0,"29":0.006293,"30":0.006293,"31":0.012586,"32":0.006293,"33":0.006293,"34":0.018879,"35":0.006293,"36":0.044051,"37":0.006293,"38":0.037758,"39":0.012586,"40":0.006293,"41":0.006293,"42":0.006293,"43":0.018879,"44":0.018879,"45":0.232841,"46":0.075516,"47":0.031465,"48":0.044051,"49":0.774039,"50":0.081809,"51":0.050344,"52":0.056637,"53":0.050344,"54":0.106981,"55":0.320943,"56":0.283185,"57":0.69223,"58":0.591542,"59":9.527602,"60":21.150773,"61":0.075516,"62":0.050344,"63":0},"firefox":{"2":0,"3":0,"3.5":0,"3.6":0.006293,"4":0,"5":0,"6":0,"7":0,"8":0,"9":0,"10":0.006293,"11":0,"12":0,"13":0.012586,"14":0,"15":0,"16":0.006293,"17":0,"18":0,"19":0,"20":0,"21":0.006293,"22":0,"23":0,"24":0,"25":0,"26":0,"27":0,"28":0,"29":0.006293,"30":0,"31":0.006293,"32":0,"33":0.006293,"34":0.012586,"35":0,"36":0.006293,"37":0.012586,"38":0.012586,"39":0.006293,"40":0.031465,"41":0.025172,"42":0.006293,"43":0.006293,"44":0.006293,"45":0.075516,"46":0.006293,"47":0.031465,"48":0.100688,"49":0.018879,"50":0.044051,"51":0.050344,"52":0.333529,"53":0.056637,"54":3.222016,"55":1.208256,"56":0.025172,"57":0.006293,"58":0},"opera":{"9":0,"9.5-9.6":0,"10.0-10.1":0,"10.5":0,"10.6":0,"11":0,"11.1":0,"11.5":0,"11.6":0,"12":0,"12.1":0.012586,"15":0,"16":0,"17":0,"18":0,"19":0,"20":0,"21":0,"22":0,"23":0,"24":0,"25":0,"26":0,"27":0,"28":0,"29":0,"30":0,"31":0,"32":0.006293,"33":0,"34":0,"35":0,"36":0.012586,"37":0,"38":0,"39":0,"40":0,"41":0,"42":0.006293,"43":0.006293,"44":0,"45":0.006293,"46":0.201376,"47":0.157325,"48":0.006293,"49":0},"safari":{"3.1":0,"3.2":0,"4":0.012586,"5":0.031465,"5.1":0.050344,"6":0.006293,"6.1":0.031465,"7":0.012586,"7.1":0.006293,"8":0.088102,"9":0.106981,"9.1":0.509733,"10":0.44051,"10.1":2.913659,"11":0.018879,"0":null},"ios_saf":{"3.2":0,"4.0-4.1":0,"4.2-4.3":0,"5.0-5.1":0,"6.0-6.1":0,"7.0-7.1":0.100574547534,"8":0,"8.1-8.4":0.0814174908608,"9.0-9.2":1.05603274911,"9.3":0.763887634841,"10.0-10.2":2.95258135975,"10.3":18.4961382179,"11":null},"android":{"2.1":0,"2.2":0,"2.3":0,"3":0,"4":0,"4.1":0.0719507863993,"4.2-4.3":0.185872864865,"4.4":0.514647986051,"4.4.3-4.4.4":0.373744362685,"56":null},"op_mob":{"10":null,"11":null,"11.1":null,"11.5":null,"12":null,"12.1":null,"0":null},"ie":{"5.5":0,"6":0,"7":0.00637944230769,"8":0.0701738653846,"9":0.08293275,"10":0.08293275,"11":4.40181519231},"edge":{"12":0.037758,"13":0.132153,"14":1.038345,"15":null,"16":null},"bb":{"7":0.003707,"10":0.014828},"samsung":{"4":0,"5":0},"ie_mob":{"10":0.0465008695652,"11":0.220879130435},"baidu":{"0":null},"and_ff":{"0":0.033363},"and_qq":{"1.2":null},"and_uc":{"0":0.355872},"op_mini":{"0":0.135649195364},"and_chr":{"0":18.867016}},"total":94.5871981954}