{"id":"OM","name":"Oman","month":"2017-08","access_date":"2017-09-04","data":{"chrome":{"4":0,"5":0,"6":0,"7":0.002421,"8":0.002421,"9":0.004842,"10":0,"11":0.007263,"12":0,"13":0.002421,"14":0.002421,"15":0.002421,"16":0,"17":0,"18":0.002421,"19":0.002421,"20":0.004842,"21":0.002421,"22":0.012105,"23":0.007263,"24":0.002421,"25":0.004842,"26":0.007263,"27":0.002421,"28":0.007263,"29":0.135576,"30":0.02421,"31":0.014526,"32":0.004842,"33":0.021789,"34":0.016947,"35":0.007263,"36":0.058104,"37":0.002421,"38":0.026631,"39":0.019368,"40":0.012105,"41":0.002421,"42":0.007263,"43":0.07263,"44":0.021789,"45":0.007263,"46":0.004842,"47":0.007263,"48":0.038736,"49":0.438201,"50":0.036315,"51":0.014526,"52":0.012105,"53":0.019368,"54":0.021789,"55":0.125892,"56":0.041157,"57":0.075051,"58":0.200943,"59":3.05046,"60":9.65979,"61":0.077472,"62":0.041157,"63":0},"firefox":{"2":0,"3":0.002421,"3.5":0,"3.6":0.004842,"4":0,"5":0,"6":0,"7":0.002421,"8":0,"9":0.002421,"10":0.002421,"11":0.002421,"12":0.004842,"13":0,"14":0,"15":0,"16":0.002421,"17":0.002421,"18":0,"19":0.002421,"20":0,"21":0.002421,"22":0.002421,"23":0.002421,"24":0.002421,"25":0,"26":0,"27":0.004842,"28":0,"29":0.002421,"30":0.002421,"31":0,"32":0,"33":0.002421,"34":0.004842,"35":0.004842,"36":0.002421,"37":0.007263,"38":0.002421,"39":0.004842,"40":0.002421,"41":0.007263,"42":0.002421,"43":0.019368,"44":0.004842,"45":0.021789,"46":0.016947,"47":0.055683,"48":0.079893,"49":0.021789,"50":0.012105,"51":0.031473,"52":0.099261,"53":0.038736,"54":1.026504,"55":0.382518,"56":0.038736,"57":0,"58":0},"opera":{"9":0,"9.5-9.6":0,"10.0-10.1":0,"10.5":0,"10.6":0,"11":0,"11.1":0,"11.5":0,"11.6":0,"12":0,"12.1":0.002421,"15":0,"16":0,"17":0,"18":0,"19":0,"20":0,"21":0,"22":0,"23":0,"24":0,"25":0.002421,"26":0,"27":0,"28":0,"29":0,"30":0,"31":0,"32":0.004842,"33":0.002421,"34":0,"35":0,"36":0.004842,"37":0.002421,"38":0,"39":0,"40":0.002421,"41":0,"42":0.002421,"43":0.002421,"44":0,"45":0.007263,"46":0.142839,"47":0.133155,"48":0,"49":0},"safari":{"3.1":0,"3.2":0,"4":0.002421,"5":0.004842,"5.1":0.041157,"6":0.002421,"6.1":0.019368,"7":0.009684,"7.1":0,"8":0.058104,"9":0.043578,"9.1":0.239679,"10":0.183996,"10.1":0.961137,"11":0.002421,"0":null},"ios_saf":{"3.2":0,"4.0-4.1":0,"4.2-4.3":0,"5.0-5.1":0,"6.0-6.1":0,"7.0-7.1":0.0278288534668,"8":0,"8.1-8.4":0.0225281194731,"9.0-9.2":0.292202961401,"9.3":0.211366767998,"10.0-10.2":0.816975626774,"10.3":5.11785867089,"11":null},"android":{"2.1":0,"2.2":0,"2.3":0,"3":0,"4":0,"4.1":0.344523138622,"4.2-4.3":0.890018108108,"4.4":2.46429744987,"4.4.3-4.4.4":1.7896063034,"56":null},"op_mob":{"10":null,"11":null,"11.1":null,"11.5":null,"12":null,"12.1":null,"0":null},"ie":{"5.5":0,"6":0,"7":0.00244281081081,"8":0.149011459459,"9":0.131911783784,"10":0.141683027027,"11":2.28647091892},"edge":{"12":0.050841,"13":0.106524,"14":0.355887,"15":null,"16":null},"bb":{"7":0.0106106,"10":0.0424424},"samsung":{"4":0,"5":0},"ie_mob":{"10":0.0465008695652,"11":0.220879130435},"baidu":{"0":null},"and_ff":{"0":0.015158},"and_qq":{"1.2":null},"and_uc":{"0":0.394108},"op_mini":{"0":0.238638115894},"and_chr":{"0":58.029325}},"total":92.4176651159}