{"id":"PA","name":"Panama","month":"2017-08","access_date":"2017-09-04","data":{"chrome":{"4":0,"5":0,"6":0,"7":0,"8":0,"9":0,"10":0,"11":0.005462,"12":0,"13":0,"14":0,"15":0,"16":0,"17":0,"18":0.005462,"19":0,"20":0,"21":0.005462,"22":0.016386,"23":0,"24":0,"25":0,"26":0.010924,"27":0,"28":0,"29":0.005462,"30":0,"31":0.032772,"32":0,"33":0,"34":0.016386,"35":0.043696,"36":0.05462,"37":0.010924,"38":0.021848,"39":0.02731,"40":0.010924,"41":0.005462,"42":0,"43":0.043696,"44":0.02731,"45":0.060082,"46":0.05462,"47":0.021848,"48":0.016386,"49":1.3655,"50":0.02731,"51":0.120164,"52":0.021848,"53":0.049158,"54":0.092854,"55":0.142012,"56":0.185708,"57":1.070552,"58":0.35503,"59":7.575794,"60":24.054648,"61":0.05462,"62":0.016386,"63":0},"firefox":{"2":0,"3":0,"3.5":0.005462,"3.6":0,"4":0,"5":0,"6":0,"7":0,"8":0,"9":0,"10":0,"11":0.005462,"12":0,"13":0,"14":0,"15":0,"16":0.005462,"17":0,"18":0,"19":0,"20":0.010924,"21":0,"22":0,"23":0.005462,"24":0,"25":0,"26":0,"27":0,"28":0,"29":0,"30":0.005462,"31":0.005462,"32":0,"33":0,"34":0,"35":0.005462,"36":0,"37":0.005462,"38":0.005462,"39":0.005462,"40":0.005462,"41":0.010924,"42":0.010924,"43":0.016386,"44":0.005462,"45":0.043696,"46":0.005462,"47":0.065544,"48":0.125626,"49":0.02731,"50":0.05462,"51":0.032772,"52":0.841148,"53":0.049158,"54":2.490672,"55":0.988622,"56":0.021848,"57":0,"58":0},"opera":{"9":0,"9.5-9.6":0,"10.0-10.1":0,"10.5":0,"10.6":0,"11":0,"11.1":0,"11.5":0,"11.6":0,"12":0,"12.1":0.005462,"15":0,"16":0,"17":0,"18":0,"19":0,"20":0,"21":0,"22":0,"23":0,"24":0,"25":0,"26":0,"27":0,"28":0,"29":0,"30":0,"31":0,"32":0,"33":0,"34":0,"35":0,"36":0.005462,"37":0.005462,"38":0,"39":0,"40":0,"41":0.010924,"42":0.005462,"43":0,"44":0,"45":0.005462,"46":0.284024,"47":0.251252,"48":0,"49":0},"safari":{"3.1":0,"3.2":0,"4":0,"5":0.021848,"5.1":0.060082,"6":0.010924,"6.1":0.032772,"7":0.016386,"7.1":0,"8":0.103778,"9":0.10924,"9.1":0.535276,"10":0.49158,"10.1":2.561678,"11":0.010924,"0":null},"ios_saf":{"3.2":0,"4.0-4.1":0,"4.2-4.3":0,"5.0-5.1":0,"6.0-6.1":0,"7.0-7.1":0.0290198341673,"8":0,"8.1-8.4":0.0234922467068,"9.0-9.2":0.304708258756,"9.3":0.220412549985,"10.0-10.2":0.851939417339,"10.3":5.33688569305,"11":null},"android":{"2.1":0,"2.2":0,"2.3":0,"3":0,"4":0,"4.1":0.16092332694,"4.2-4.3":0.415718594595,"4.4":1.15104879686,"4.4.3-4.4.4":0.835907281604,"56":null},"op_mob":{"10":null,"11":null,"11.1":null,"11.5":null,"12":null,"12.1":null,"0":null},"ie":{"5.5":0,"6":0,"7":0,"8":0.126284589777,"9":0.0768688807339,"10":0.120793955439,"11":3.85442530537},"edge":{"12":0.05462,"13":0.147474,"14":0.704598,"15":null,"16":null},"bb":{"7":0.0054456,"10":0.0217824},"samsung":{"4":0,"5":0},"ie_mob":{"10":0.0465008695652,"11":0.220879130435},"baidu":{"0":null},"and_ff":{"0":0.009076},"and_qq":{"1.2":null},"and_uc":{"0":0.222362},"op_mini":{"0":0.617889271523},"and_chr":{"0":31.584742}},"total":92.1616020028}