{"id":"PE","name":"Peru","month":"2017-08","access_date":"2017-09-04","data":{"chrome":{"4":0,"5":0,"6":0,"7":0,"8":0,"9":0,"10":0,"11":0.007213,"12":0,"13":0,"14":0,"15":0,"16":0,"17":0,"18":0.007213,"19":0,"20":0.014426,"21":0,"22":0.064917,"23":0.007213,"24":0.007213,"25":0.007213,"26":0.050491,"27":0.007213,"28":0.007213,"29":0.036065,"30":0.007213,"31":0.028852,"32":0.007213,"33":0.014426,"34":0.064917,"35":0.014426,"36":0.079343,"37":0.014426,"38":0.14426,"39":0.043278,"40":0.021639,"41":0.014426,"42":0.014426,"43":0.064917,"44":0.050491,"45":0.043278,"46":0.064917,"47":0.050491,"48":0.064917,"49":2.1639,"50":0.07213,"51":0.281307,"52":0.086556,"53":0.158686,"54":0.238029,"55":0.317372,"56":0.512123,"57":0.439993,"58":0.930477,"59":12.831927,"60":42.477357,"61":0.086556,"62":0.036065,"63":0},"firefox":{"2":0,"3":0.007213,"3.5":0,"3.6":0,"4":0,"5":0,"6":0,"7":0,"8":0,"9":0,"10":0,"11":0,"12":0,"13":0,"14":0,"15":0,"16":0,"17":0.007213,"18":0,"19":0,"20":0,"21":0.007213,"22":0,"23":0,"24":0,"25":0,"26":0,"27":0,"28":0,"29":0.007213,"30":0,"31":0.007213,"32":0,"33":0,"34":0.007213,"35":0.007213,"36":0.007213,"37":0.007213,"38":0.014426,"39":0.007213,"40":0.007213,"41":0.007213,"42":0.007213,"43":0.036065,"44":0.007213,"45":0.028852,"46":0.007213,"47":0.057704,"48":0.079343,"49":0.036065,"50":0.057704,"51":0.043278,"52":0.173112,"53":0.064917,"54":1.969149,"55":0.771791,"56":0.014426,"57":0,"58":0},"opera":{"9":0,"9.5-9.6":0,"10.0-10.1":0,"10.5":0,"10.6":0,"11":0,"11.1":0,"11.5":0,"11.6":0,"12":0,"12.1":0,"15":0,"16":0,"17":0,"18":0,"19":0,"20":0,"21":0,"22":0,"23":0,"24":0,"25":0,"26":0,"27":0,"28":0,"29":0,"30":0,"31":0,"32":0,"33":0,"34":0,"35":0,"36":0.014426,"37":0,"38":0,"39":0,"40":0,"41":0.007213,"42":0.007213,"43":0.007213,"44":0,"45":0.007213,"46":0.324585,"47":0.324585,"48":0,"49":0},"safari":{"3.1":0,"3.2":0,"4":0.007213,"5":0.007213,"5.1":0.007213,"6":0,"6.1":0,"7":0.014426,"7.1":0.007213,"8":0.043278,"9":0.043278,"9.1":0.158686,"10":0.165899,"10.1":0.7213,"11":0,"0":null},"ios_saf":{"3.2":0,"4.0-4.1":0,"4.2-4.3":0,"5.0-5.1":0,"6.0-6.1":0,"7.0-7.1":0.0106814624732,"8":0,"8.1-8.4":0.00864689819259,"9.0-9.2":0.112155355969,"9.3":0.0811282506893,"10.0-10.2":0.313577219749,"10.3":1.96437181293,"11":null},"android":{"2.1":0,"2.2":0,"2.3":0,"3":0,"4":0,"4.1":0.0768315954664,"4.2-4.3":0.198481621622,"4.4":0.549559328684,"4.4.3-4.4.4":0.399097454228,"56":null},"op_mob":{"10":null,"11":null,"11.1":null,"11.5":null,"12":null,"12.1":null,"0":null},"ie":{"5.5":0,"6":0.0075828974359,"7":0.0075828974359,"8":0.189572435897,"9":0.0606631794872,"10":0.121326358974,"11":1.09193723077},"edge":{"12":0.043278,"13":0.086556,"14":0.310159,"15":null,"16":null},"bb":{"7":0.0061314,"10":0.0245256},"samsung":{"4":0,"5":0},"ie_mob":{"10":0.0465008695652,"11":0.220879130435},"baidu":{"0":null},"and_ff":{"0":0.030657},"and_qq":{"1.2":null},"and_uc":{"0":0.170007},"op_mini":{"0":0.846703519868},"and_chr":{"0":23.384001}},"total":97.3425125199}