{"id":"PF","name":"French Polynesia","month":"2017-08","access_date":"2017-09-04","data":{"chrome":{"4":0,"5":0,"6":0,"7":0,"8":0,"9":0,"10":0,"11":0.012212,"12":0,"13":0,"14":0,"15":0,"16":0,"17":0,"18":0,"19":0,"20":0,"21":0,"22":0.006106,"23":0,"24":0,"25":0,"26":0,"27":0,"28":0,"29":0.006106,"30":0,"31":0.006106,"32":0.006106,"33":0.006106,"34":0.012212,"35":0,"36":0.006106,"37":0.006106,"38":0.03053,"39":0,"40":0,"41":0.006106,"42":0,"43":0.079378,"44":0.018318,"45":0.012212,"46":0,"47":0,"48":0.018318,"49":1.013596,"50":0.03053,"51":0.134332,"52":0,"53":0.006106,"54":0.006106,"55":0.128226,"56":0.067166,"57":0.073272,"58":0.250346,"59":4.927542,"60":14.733778,"61":0.067166,"62":0.018318,"63":0},"firefox":{"2":0,"3":0.006106,"3.5":0,"3.6":0.018318,"4":0,"5":0.012212,"6":0,"7":0,"8":0,"9":0.006106,"10":0.012212,"11":0,"12":0.012212,"13":0.006106,"14":0,"15":0,"16":0.006106,"17":0.018318,"18":0,"19":0,"20":0,"21":0.006106,"22":0,"23":0,"24":0.006106,"25":0,"26":0.006106,"27":0,"28":0.024424,"29":0.006106,"30":0.012212,"31":0.006106,"32":0.146544,"33":0,"34":0.012212,"35":0,"36":0,"37":0.012212,"38":0.317512,"39":0,"40":0.006106,"41":0.006106,"42":0.006106,"43":0.067166,"44":0.006106,"45":0.097696,"46":0.036636,"47":0.12212,"48":0.360254,"49":0.067166,"50":0.079378,"51":0.054954,"52":0.433526,"53":0.378572,"54":9.714646,"55":3.29724,"56":0.073272,"57":0,"58":0},"opera":{"9":0,"9.5-9.6":0,"10.0-10.1":0,"10.5":0,"10.6":0,"11":0,"11.1":0,"11.5":0,"11.6":0,"12":0,"12.1":0,"15":0,"16":0,"17":0,"18":0,"19":0,"20":0,"21":0,"22":0,"23":0,"24":0,"25":0,"26":0,"27":0,"28":0.006106,"29":0,"30":0,"31":0,"32":0,"33":0,"34":0,"35":0,"36":0.006106,"37":0,"38":0,"39":0,"40":0,"41":0,"42":0,"43":0,"44":0,"45":0,"46":0.329724,"47":0.70219,"48":0,"49":0},"safari":{"3.1":0,"3.2":0,"4":0.018318,"5":0.042742,"5.1":0.12212,"6":0.006106,"6.1":0.024424,"7":0.006106,"7.1":0,"8":0.03053,"9":0.164862,"9.1":0.787674,"10":0.714402,"10.1":3.339982,"11":0.006106,"0":null},"ios_saf":{"3.2":0,"4.0-4.1":0,"4.2-4.3":0,"5.0-5.1":0,"6.0-6.1":0,"7.0-7.1":0.0871788506076,"8":0,"8.1-8.4":0.0705733552538,"9.0-9.2":0.91537793138,"9.3":0.662144127234,"10.0-10.2":2.55932197141,"10.3":16.0326057641,"11":null},"android":{"2.1":0,"2.2":0,"2.3":0,"3":0,"4":0,"4.1":0.102292979948,"4.2-4.3":0.264256864865,"4.4":0.731678953793,"4.4.3-4.4.4":0.531355201395,"56":null},"op_mob":{"10":null,"11":null,"11.1":null,"11.5":null,"12":null,"12.1":null,"0":null},"ie":{"5.5":0,"6":0,"7":0.00615465338645,"8":0.0800104940239,"9":0.0861651474104,"10":0.067701187251,"11":2.84960451793},"edge":{"12":0.140438,"13":0.201498,"14":0.586176,"15":null,"16":null},"bb":{"7":0.0007788,"10":0.0031152},"samsung":{"4":0,"5":0},"ie_mob":{"10":null,"11":null},"baidu":{"0":null},"and_ff":{"0":0.035046},"and_qq":{"1.2":null},"and_uc":{"0":0.159654},"op_mini":{"0":0.0364514503311},"and_chr":{"0":25.150798}},"total":94.8167794503}