{"id":"PG","name":"Papua New Guinea","month":"2017-08","access_date":"2017-09-04","data":{"chrome":{"4":0,"5":0,"6":0,"7":0,"8":0,"9":0,"10":0,"11":0.008424,"12":0,"13":0,"14":0,"15":0,"16":0,"17":0,"18":0.004212,"19":0,"20":0,"21":0,"22":0,"23":0,"24":0,"25":0.004212,"26":0.008424,"27":0,"28":0,"29":0.004212,"30":0,"31":0.1053,"32":0.008424,"33":0,"34":0.004212,"35":0,"36":0,"37":0,"38":0.004212,"39":0.004212,"40":0,"41":0.008424,"42":0,"43":0.071604,"44":0.004212,"45":0.008424,"46":0.004212,"47":0.004212,"48":0.004212,"49":0.050544,"50":0.008424,"51":0.008424,"52":0.004212,"53":0.025272,"54":0.016848,"55":0.02106,"56":0.033696,"57":0.425412,"58":0.248508,"59":1.448928,"60":3.0537,"61":0.004212,"62":0,"63":0},"firefox":{"2":0,"3":0.012636,"3.5":0,"3.6":0.004212,"4":0,"5":0,"6":0.004212,"7":0,"8":0.008424,"9":0,"10":0,"11":0,"12":0,"13":0,"14":0.054756,"15":0.261144,"16":0,"17":0,"18":0.395928,"19":0.012636,"20":0.004212,"21":0,"22":0.004212,"23":0,"24":0,"25":0,"26":0,"27":0,"28":0,"29":0.004212,"30":0.046332,"31":0.029484,"32":0.328536,"33":0.004212,"34":0.06318,"35":0.029484,"36":0.12636,"37":0.577044,"38":0.12636,"39":0.004212,"40":0.04212,"41":0.23166,"42":0.383292,"43":0.328536,"44":0.387504,"45":0.416988,"46":0.4212,"47":0.669708,"48":0.050544,"49":0.960336,"50":0.012636,"51":0.016848,"52":0.539136,"53":0.101088,"54":20.162844,"55":4.90698,"56":0.012636,"57":0.004212,"58":0},"opera":{"9":0,"9.5-9.6":0,"10.0-10.1":0,"10.5":0,"10.6":0,"11":0,"11.1":0,"11.5":0,"11.6":0,"12":0,"12.1":0,"15":0,"16":0,"17":0,"18":0,"19":0,"20":0.004212,"21":0,"22":0,"23":0,"24":0,"25":0,"26":0,"27":0,"28":0,"29":0,"30":0,"31":0,"32":0,"33":0,"34":0,"35":0,"36":0,"37":0,"38":0,"39":0,"40":0,"41":0,"42":0,"43":0,"44":0,"45":0,"46":0.033696,"47":0.071604,"48":0,"49":0},"safari":{"3.1":0,"3.2":0,"4":0,"5":0,"5.1":0.004212,"6":0.004212,"6.1":0.012636,"7":0,"7.1":0,"8":0.008424,"9":0.012636,"9.1":0.016848,"10":0.016848,"10.1":0.067392,"11":0,"0":null},"ios_saf":{"3.2":0,"4.0-4.1":0,"4.2-4.3":0,"5.0-5.1":0,"6.0-6.1":0,"7.0-7.1":0.00206991851322,"8":0,"8.1-8.4":0.00167564832023,"9.0-9.2":0.0217341443888,"9.3":0.0157215239457,"10.0-10.2":0.0607668934954,"10.3":0.380667871337,"11":null},"android":{"2.1":0,"2.2":0,"2.3":0,"3":0,"4":0,"4.1":0.0557238570183,"4.2-4.3":0.143953297297,"4.4":0.398580366173,"4.4.3-4.4.4":0.289454479512,"56":null},"op_mob":{"10":null,"11":null,"11.1":null,"11.5":null,"12":null,"12.1":null,"0":null},"ie":{"5.5":0,"6":0,"7":0,"8":0.307476,"9":0.075816,"10":0.067392,"11":2.257632},"edge":{"12":0.025272,"13":0.122148,"14":0.534924,"15":null,"16":null},"bb":{"7":0.0138912,"10":0.0555648},"samsung":{"4":0,"5":0},"ie_mob":{"10":0.0465008695652,"11":0.220879130435},"baidu":{"0":null},"and_ff":{"0":0.005788},"and_qq":{"1.2":null},"and_uc":{"0":51.113828},"op_mini":{"0":1.41855830464},"and_chr":{"0":3.650848}},"total":98.9000263046}