{"id":"PH","name":"Philippines","month":"2017-08","access_date":"2017-09-04","data":{"chrome":{"4":0,"5":0,"6":0.005896,"7":0,"8":0,"9":0,"10":0.005896,"11":0.017688,"12":0.005896,"13":0,"14":0.005896,"15":0.005896,"16":0.005896,"17":0.005896,"18":0.011792,"19":0.005896,"20":0.005896,"21":0.011792,"22":0.017688,"23":0.011792,"24":0.005896,"25":0.011792,"26":0.017688,"27":0.017688,"28":0.011792,"29":0.035376,"30":0.017688,"31":0.094336,"32":0.017688,"33":0.064856,"34":0.02948,"35":0.023584,"36":0.094336,"37":0.017688,"38":0.02948,"39":0.035376,"40":0.035376,"41":0.017688,"42":0.017688,"43":0.082544,"44":0.070752,"45":0.064856,"46":0.11792,"47":0.082544,"48":0.106128,"49":1.485792,"50":0.11792,"51":0.312488,"52":0.11792,"53":0.170984,"54":0.253528,"55":0.548328,"56":0.53064,"57":0.424512,"58":1.078968,"59":9.769672,"60":26.066216,"61":0.17688,"62":0.141504,"63":0},"firefox":{"2":0,"3":0.005896,"3.5":0,"3.6":0.011792,"4":0.005896,"5":0,"6":0,"7":0.005896,"8":0,"9":0,"10":0,"11":0.005896,"12":0.005896,"13":0.005896,"14":0,"15":0.005896,"16":0.005896,"17":0,"18":0.601392,"19":0,"20":0.005896,"21":0.005896,"22":0.011792,"23":0.005896,"24":0.023584,"25":0.005896,"26":0.005896,"27":0.017688,"28":0.005896,"29":0.011792,"30":0.011792,"31":0.011792,"32":0.005896,"33":0.011792,"34":0.005896,"35":0.023584,"36":0.011792,"37":0.017688,"38":0.02948,"39":0.023584,"40":0.023584,"41":0.02948,"42":0.011792,"43":0.076648,"44":0.023584,"45":0.064856,"46":0.023584,"47":0.11792,"48":0.094336,"49":0.047168,"50":0.070752,"51":0.05896,"52":0.418616,"53":0.106128,"54":2.352504,"55":0.907984,"56":0.106128,"57":0,"58":0},"opera":{"9":0,"9.5-9.6":0,"10.0-10.1":0,"10.5":0,"10.6":0,"11":0,"11.1":0,"11.5":0,"11.6":0,"12":0,"12.1":0.005896,"15":0,"16":0,"17":0,"18":0,"19":0,"20":0,"21":0,"22":0,"23":0,"24":0,"25":0,"26":0,"27":0,"28":0.005896,"29":0,"30":0,"31":0,"32":0,"33":0,"34":0,"35":0,"36":0.005896,"37":0.005896,"38":0,"39":0,"40":0,"41":0,"42":0.005896,"43":0.005896,"44":0.005896,"45":0.011792,"46":0.224048,"47":0.200464,"48":0,"49":0},"safari":{"3.1":0,"3.2":0,"4":0,"5":0.011792,"5.1":0.011792,"6":0,"6.1":0.005896,"7":0.005896,"7.1":0,"8":0.035376,"9":0.041272,"9.1":0.170984,"10":0.1474,"10.1":0.61908,"11":0.005896,"0":null},"ios_saf":{"3.2":0,"4.0-4.1":0,"4.2-4.3":0,"5.0-5.1":0,"6.0-6.1":0,"7.0-7.1":0.0458080914939,"8":0,"8.1-8.4":0.0370827407332,"9.0-9.2":0.480984960686,"9.3":0.347923361585,"10.0-10.2":1.344794686,"10.3":8.4243261595,"11":null},"android":{"2.1":0,"2.2":0,"2.3":0,"3":0,"4":0,"4.1":0.170761653008,"4.2-4.3":0.44113427027,"4.4":1.22142015693,"4.4.3-4.4.4":0.887011919791,"56":null},"op_mob":{"10":null,"11":null,"11.1":null,"11.5":null,"12":null,"12.1":null,"0":null},"ie":{"5.5":0,"6":0.00598432958801,"7":0.00598432958801,"8":0.532605333333,"9":0.0478746367041,"10":0.0777962846442,"11":0.927571086142},"edge":{"12":0.064856,"13":0.11792,"14":0.288904,"15":null,"16":null},"bb":{"7":0.0098496,"10":0.0393984},"samsung":{"4":0,"5":0},"ie_mob":{"10":0.0465008695652,"11":0.220879130435},"baidu":{"0":null},"and_ff":{"0":0.02052},"and_qq":{"1.2":null},"and_uc":{"0":1.39536},"op_mini":{"0":2.0430989404},"and_chr":{"0":27.847024}},"total":96.5136469404}