{"id":"PK","name":"Pakistan","month":"2017-08","access_date":"2017-09-04","data":{"chrome":{"4":0,"5":0,"6":0,"7":0,"8":0,"9":0,"10":0.003079,"11":0.009237,"12":0.003079,"13":0.003079,"14":0.003079,"15":0.003079,"16":0.006158,"17":0.006158,"18":0.003079,"19":0.006158,"20":0.009237,"21":0.006158,"22":0.009237,"23":0.015395,"24":0.012316,"25":0.027711,"26":0.009237,"27":0.015395,"28":0.012316,"29":0.043106,"30":0.015395,"31":0.064659,"32":0.027711,"33":0.052343,"34":0.015395,"35":0.009237,"36":0.009237,"37":0.006158,"38":0.012316,"39":0.015395,"40":0.012316,"41":0.006158,"42":0.003079,"43":0.224767,"44":0.012316,"45":0.015395,"46":0.015395,"47":0.018474,"48":0.036948,"49":1.13923,"50":0.015395,"51":0.098528,"52":0.015395,"53":0.049264,"54":0.086212,"55":0.200135,"56":0.15395,"57":0.083133,"58":0.261715,"59":3.870303,"60":13.661523,"61":0.218609,"62":0.147792,"63":0},"firefox":{"2":0,"3":0.073896,"3.5":0.003079,"3.6":0.006158,"4":0.003079,"5":0.003079,"6":0,"7":0,"8":0.003079,"9":0.003079,"10":0.003079,"11":0.003079,"12":0.012316,"13":0.003079,"14":0.009237,"15":0.003079,"16":0.003079,"17":0.003079,"18":0.006158,"19":0.003079,"20":0.003079,"21":0.006158,"22":0.003079,"23":0.006158,"24":0.003079,"25":0.006158,"26":0.009237,"27":0.006158,"28":0.009237,"29":0.009237,"30":0.012316,"31":0.009237,"32":0.009237,"33":0.012316,"34":0.006158,"35":0.012316,"36":0.009237,"37":0.015395,"38":0.015395,"39":0.009237,"40":0.015395,"41":0.015395,"42":0.018474,"43":0.052343,"44":0.027711,"45":0.024632,"46":0.015395,"47":0.09237,"48":0.064659,"49":0.046185,"50":0.055422,"51":0.033869,"52":0.274031,"53":0.055422,"54":1.459446,"55":0.748197,"56":0.15395,"57":0,"58":0},"opera":{"9":0,"9.5-9.6":0,"10.0-10.1":0,"10.5":0,"10.6":0,"11":0,"11.1":0,"11.5":0,"11.6":0.003079,"12":0,"12.1":0.009237,"15":0,"16":0,"17":0,"18":0,"19":0,"20":0.003079,"21":0,"22":0,"23":0,"24":0,"25":0,"26":0,"27":0,"28":0.003079,"29":0,"30":0,"31":0,"32":0,"33":0,"34":0,"35":0.003079,"36":0.021553,"37":0.003079,"38":0.003079,"39":0,"40":0.006158,"41":0.006158,"42":0.012316,"43":0.009237,"44":0.003079,"45":0.006158,"46":0.403349,"47":0.437218,"48":0.003079,"49":0},"safari":{"3.1":0,"3.2":0,"4":0.009237,"5":0,"5.1":0.003079,"6":0,"6.1":0,"7":0.003079,"7.1":0.003079,"8":0.009237,"9":0.012316,"9.1":0.024632,"10":0.033869,"10.1":0.12316,"11":0,"0":null},"ios_saf":{"3.2":0,"4.0-4.1":0,"4.2-4.3":0,"5.0-5.1":0,"6.0-6.1":0,"7.0-7.1":0.0140164846319,"8":0,"8.1-8.4":0.0113466780353,"9.0-9.2":0.147173088635,"9.3":0.106458538037,"10.0-10.2":0.411483941693,"10.3":2.57769826897,"11":null},"android":{"2.1":0,"2.2":0,"2.3":0,"3":0,"4":0,"4.1":0.354213384481,"4.2-4.3":0.915051243243,"4.4":2.53360962511,"4.4.3-4.4.4":1.83994174717,"56":null},"op_mob":{"10":null,"11":null,"11.1":null,"11.5":null,"12":null,"12.1":null,"0":null},"ie":{"5.5":0,"6":0.0205016341463,"7":0.00683387804878,"8":0.273355121951,"9":0.0444202073171,"10":0.078589597561,"11":0.416866560976},"edge":{"12":0.049264,"13":0.06158,"14":0.113923,"15":null,"16":null},"bb":{"7":0.0179946,"10":0.0719784},"samsung":{"4":0,"5":0},"ie_mob":{"10":0.0465008695652,"11":0.220879130435},"baidu":{"0":null},"and_ff":{"0":0.027684},"and_qq":{"1.2":null},"and_uc":{"0":12.132513},"op_mini":{"0":5.68358478477},"and_chr":{"0":41.379747}},"total":94.9651167848}