{"id":"PL","name":"Poland","month":"2017-08","access_date":"2017-09-04","data":{"chrome":{"4":0,"5":0,"6":0,"7":0,"8":0,"9":0,"10":0,"11":0.009993,"12":0,"13":0,"14":0,"15":0,"16":0,"17":0,"18":0.006662,"19":0,"20":0,"21":0,"22":0.006662,"23":0,"24":0,"25":0,"26":0.009993,"27":0.003331,"28":0,"29":0.013324,"30":0.003331,"31":0.019986,"32":0.003331,"33":0.006662,"34":0.026648,"35":0.009993,"36":0.009993,"37":0.009993,"38":0.026648,"39":0.013324,"40":0.006662,"41":0.003331,"42":0.003331,"43":0.026648,"44":0.009993,"45":0.009993,"46":0.036641,"47":0.019986,"48":0.016655,"49":0.89937,"50":0.016655,"51":0.063289,"52":0.016655,"53":0.03331,"54":0.036641,"55":0.083275,"56":0.106592,"57":0.139902,"58":0.256487,"59":3.647445,"60":11.505274,"61":0.026648,"62":0.009993,"63":0},"firefox":{"2":0,"3":0,"3.5":0.003331,"3.6":0.006662,"4":0.003331,"5":0,"6":0,"7":0,"8":0,"9":0,"10":0.009993,"11":0,"12":0.003331,"13":0.003331,"14":0.003331,"15":0.003331,"16":0.003331,"17":0,"18":0.006662,"19":0,"20":0,"21":0.003331,"22":0.003331,"23":0.003331,"24":0.003331,"25":0,"26":0.003331,"27":0,"28":0.003331,"29":0.003331,"30":0.003331,"31":0.009993,"32":0.003331,"33":0.003331,"34":0.003331,"35":0.003331,"36":0.006662,"37":0.006662,"38":0.023317,"39":0.009993,"40":0.013324,"41":0.013324,"42":0.009993,"43":0.036641,"44":0.009993,"45":0.043303,"46":0.013324,"47":0.076613,"48":0.063289,"49":0.029979,"50":0.06662,"51":0.056627,"52":0.902701,"53":0.13324,"54":4.680055,"55":1.63219,"56":0.016655,"57":0.003331,"58":0},"opera":{"9":0,"9.5-9.6":0,"10.0-10.1":0,"10.5":0,"10.6":0,"11":0,"11.1":0,"11.5":0,"11.6":0.003331,"12":0.003331,"12.1":0.059958,"15":0,"16":0,"17":0,"18":0.003331,"19":0,"20":0.003331,"21":0,"22":0,"23":0,"24":0,"25":0,"26":0.019986,"27":0,"28":0.003331,"29":0.003331,"30":0.003331,"31":0.003331,"32":0.003331,"33":0.003331,"34":0.003331,"35":0.006662,"36":0.149895,"37":0.006662,"38":0.006662,"39":0.006662,"40":0.003331,"41":0.003331,"42":0.016655,"43":0.013324,"44":0.006662,"45":0.03331,"46":1.192498,"47":1.182505,"48":0.013324,"49":0},"safari":{"3.1":0,"3.2":0,"4":0,"5":0.003331,"5.1":0.009993,"6":0.003331,"6.1":0.003331,"7":0.003331,"7.1":0,"8":0.009993,"9":0.016655,"9.1":0.049965,"10":0.053296,"10.1":0.419706,"11":0.006662,"0":null},"ios_saf":{"3.2":0,"4.0-4.1":0,"4.2-4.3":0,"5.0-5.1":0,"6.0-6.1":0,"7.0-7.1":0.00599096354539,"8":0,"8.1-8.4":0.00484982763198,"9.0-9.2":0.0629051172266,"9.3":0.0455027945471,"10.0-10.2":0.175877572654,"10.3":1.10176672439,"11":null},"android":{"2.1":0,"2.2":0,"2.3":0,"3":0,"4":0,"4.1":0.233162992153,"4.2-4.3":0.60233772973,"4.4":1.66776306888,"4.4.3-4.4.4":1.21115220924,"56":null},"op_mob":{"10":null,"11":null,"11.1":null,"11.5":null,"12":null,"12.1":null,"0":null},"ie":{"5.5":0,"6":0,"7":0.00335228434505,"8":0.0435796964856,"9":0.0234659904153,"10":0.0368751277955,"11":0.941991900958},"edge":{"12":0.023317,"13":0.056627,"14":0.386396,"15":null,"16":null},"bb":{"7":0.006669,"10":0.026676},"samsung":{"4":0,"5":0},"ie_mob":{"10":0.0465008695652,"11":0.220879130435},"baidu":{"0":null},"and_ff":{"0":0.020007},"and_qq":{"1.2":null},"and_uc":{"0":0.073359},"op_mini":{"0":0.964796721854},"and_chr":{"0":55.067283}},"total":91.4898317219}