{"id":"PM","name":"Saint Pierre and Miquelon","month":"2017-08","access_date":"2017-09-04","data":{"chrome":{"4":0.033536,"5":0,"6":0,"7":0,"8":0,"9":0,"10":0,"11":0,"12":0,"13":0,"14":0,"15":0,"16":0,"17":0,"18":0,"19":0,"20":0,"21":0,"22":0,"23":0,"24":0,"25":0,"26":0,"27":0,"28":0,"29":0,"30":0,"31":0,"32":0,"33":0,"34":0.100608,"35":0.008384,"36":0,"37":0,"38":0,"39":0.008384,"40":0,"41":0.008384,"42":0,"43":0,"44":0,"45":0.016768,"46":0.025152,"47":0.025152,"48":0,"49":1.433664,"50":0.008384,"51":0,"52":0,"53":0.008384,"54":0.159296,"55":0.025152,"56":0.310208,"57":0.033536,"58":0.301824,"59":10.463232,"60":27.382144,"61":0,"62":0,"63":0},"firefox":{"2":0,"3":0,"3.5":0,"3.6":0,"4":0,"5":0,"6":0,"7":0,"8":0,"9":0,"10":0,"11":0,"12":0,"13":0,"14":0,"15":0,"16":0.008384,"17":0,"18":0,"19":0,"20":0,"21":0,"22":0,"23":0,"24":0,"25":0,"26":0,"27":0,"28":0,"29":0,"30":0,"31":0,"32":0,"33":0,"34":0,"35":0,"36":0.008384,"37":0,"38":0,"39":0,"40":0.016768,"41":0,"42":0,"43":0.016768,"44":0,"45":0.008384,"46":0,"47":0.008384,"48":0.092224,"49":0.142528,"50":0.033536,"51":0.016768,"52":0.477888,"53":0.067072,"54":7.235392,"55":3.999168,"56":0.008384,"57":0,"58":0},"opera":{"9":0,"9.5-9.6":0,"10.0-10.1":0,"10.5":0,"10.6":0,"11":0,"11.1":0,"11.5":0,"11.6":0,"12":0,"12.1":0,"15":0,"16":0,"17":0,"18":0,"19":0,"20":0,"21":0,"22":0,"23":0,"24":0,"25":0,"26":0,"27":0,"28":0,"29":0,"30":0,"31":0,"32":0,"33":0,"34":0,"35":0,"36":0,"37":0,"38":0,"39":0,"40":0,"41":0,"42":0,"43":0,"44":0,"45":0,"46":0.092224,"47":0.201216,"48":0,"49":0},"safari":{"3.1":0,"3.2":0,"4":0.008384,"5":1.710336,"5.1":0.075456,"6":0,"6.1":0.016768,"7":0,"7.1":0,"8":0.058688,"9":0.008384,"9.1":0.176064,"10":0.4192,"10.1":5.919104,"11":0,"0":null},"ios_saf":{"3.2":0,"4.0-4.1":0,"4.2-4.3":0,"5.0-5.1":0,"6.0-6.1":0,"7.0-7.1":0.100249115082,"8":0,"8.1-8.4":0.0811540455427,"9.0-9.2":1.05261570836,"9.3":0.761415897886,"10.0-10.2":2.94302759277,"10.3":18.4362896404,"11":null},"android":{"2.1":0,"2.2":0,"2.3":0,"3":0,"4":0,"4.1":0.0816302981691,"4.2-4.3":0.21087827027,"4.4":0.583883382738,"4.4.3-4.4.4":0.424024048823,"56":null},"op_mob":{"10":null,"11":null,"11.1":null,"11.5":null,"12":null,"12.1":null,"0":null},"ie":{"5.5":0,"6":0,"7":0,"8":0,"9":0.08384,"10":0,"11":1.391744},"edge":{"12":0.050304,"13":0.058688,"14":0.595264,"15":null,"16":null},"bb":{"7":0.0012928,"10":0.0051712},"samsung":{"4":0,"5":0},"ie_mob":{"10":0.0465008695652,"11":0.220879130435},"baidu":{"0":null},"and_ff":{"0":0.02424},"and_qq":{"1.2":null},"and_uc":{"0":0.006464},"op_mini":{"0":0},"and_chr":{"0":9.280176}},"total":97.61778}