{"id":"PR","name":"Puerto Rico","month":"2017-08","access_date":"2017-09-04","data":{"chrome":{"4":0,"5":0,"6":0,"7":0,"8":0,"9":0,"10":0,"11":0.018636,"12":0,"13":0,"14":0,"15":0,"16":0.004659,"17":0,"18":0.004659,"19":0,"20":0,"21":0.004659,"22":0.004659,"23":0.004659,"24":0,"25":0,"26":0.004659,"27":0,"28":0,"29":0.04659,"30":0,"31":0.009318,"32":0.009318,"33":0.004659,"34":0.013977,"35":0.004659,"36":0.111816,"37":0.004659,"38":0.032613,"39":0.018636,"40":0.004659,"41":0.009318,"42":0.004659,"43":0.027954,"44":0.009318,"45":0.009318,"46":0.009318,"47":0.013977,"48":0.023295,"49":0.740781,"50":0.018636,"51":0.037272,"52":0.009318,"53":0.032613,"54":0.037272,"55":0.116475,"56":0.083862,"57":0.074544,"58":0.195678,"59":5.036379,"60":14.997321,"61":0.041931,"62":0.041931,"63":0},"firefox":{"2":0,"3":0,"3.5":0,"3.6":0.004659,"4":0,"5":0,"6":0,"7":0,"8":0,"9":0,"10":0,"11":0,"12":0,"13":0,"14":0,"15":0,"16":0.004659,"17":0,"18":0,"19":0,"20":0,"21":0,"22":0,"23":0,"24":0,"25":0,"26":0,"27":0.004659,"28":0,"29":0,"30":0,"31":0.004659,"32":0,"33":0.004659,"34":0,"35":0.004659,"36":0.004659,"37":0.004659,"38":0.004659,"39":0.004659,"40":0.009318,"41":0.004659,"42":0,"43":0.013977,"44":0.009318,"45":0.088521,"46":0.004659,"47":0.032613,"48":0.107157,"49":0.027954,"50":0.027954,"51":0.027954,"52":0.302835,"53":0.051249,"54":2.306205,"55":1.150773,"56":0.023295,"57":0,"58":0},"opera":{"9":0,"9.5-9.6":0,"10.0-10.1":0,"10.5":0,"10.6":0,"11":0,"11.1":0,"11.5":0,"11.6":0,"12":0,"12.1":0.004659,"15":0,"16":0,"17":0,"18":0,"19":0,"20":0,"21":0,"22":0,"23":0,"24":0,"25":0.004659,"26":0,"27":0,"28":0,"29":0,"30":0,"31":0,"32":0,"33":0,"34":0,"35":0,"36":0.004659,"37":0,"38":0,"39":0,"40":0.009318,"41":0,"42":0,"43":0,"44":0,"45":0.009318,"46":0.256245,"47":0.195678,"48":0,"49":0},"safari":{"3.1":0,"3.2":0,"4":0.009318,"5":0.065226,"5.1":0.074544,"6":0.013977,"6.1":0.027954,"7":0.013977,"7.1":0,"8":0.130452,"9":0.111816,"9.1":0.498513,"10":0.428628,"10.1":3.144825,"11":0.027954,"0":null},"ios_saf":{"3.2":0,"4.0-4.1":0,"4.2-4.3":0,"5.0-5.1":0,"6.0-6.1":0,"7.0-7.1":0.0943198884918,"8":0,"8.1-8.4":0.0763541954457,"9.0-9.2":0.990358829164,"9.3":0.716382010211,"10.0-10.2":2.76896244072,"10.3":17.345876636,"11":null},"android":{"2.1":0,"2.2":0,"2.3":0,"3":0,"4":0,"4.1":0.147351232781,"4.2-4.3":0.380657351351,"4.4":1.05397062337,"4.4.3-4.4.4":0.765407792502,"56":null},"op_mob":{"10":null,"11":null,"11.1":null,"11.5":null,"12":null,"12.1":null,"0":null},"ie":{"5.5":0,"6":0,"7":0.00467694223363,"8":0.107569671374,"9":0.15433909371,"10":0.0795080179718,"11":3.29724427471},"edge":{"12":0.079203,"13":0.181701,"14":1.052934,"15":null,"16":null},"bb":{"7":0.0010682,"10":0.0042728},"samsung":{"4":0,"5":0},"ie_mob":{"10":0.0465008695652,"11":0.220879130435},"baidu":{"0":null},"and_ff":{"0":0.037387},"and_qq":{"1.2":null},"and_uc":{"0":0.090797},"op_mini":{"0":0.10453857947},"and_chr":{"0":30.861138}},"total":91.8088135795}