{"id":"PS","name":"Palestinian Territory","month":"2017-08","access_date":"2017-09-04","data":{"chrome":{"4":0,"5":0,"6":0,"7":0,"8":0,"9":0,"10":0,"11":0.01208,"12":0.00604,"13":0,"14":0.00604,"15":0.00604,"16":0,"17":0,"18":0,"19":0,"20":0,"21":0.00604,"22":0.01812,"23":0.00604,"24":0.00604,"25":0.01812,"26":0.03624,"27":0.00604,"28":0.00604,"29":0.23556,"30":0.01208,"31":0.01812,"32":0.03624,"33":0.04228,"34":0.03624,"35":0.00604,"36":0.01208,"37":0.04832,"38":0.02416,"39":0.00604,"40":0.01208,"41":0.00604,"42":0.01208,"43":0.56776,"44":0.03624,"45":0.02416,"46":0.01812,"47":0.03624,"48":0.07852,"49":1.51,"50":0.01208,"51":0.06644,"52":0.01208,"53":0.0604,"54":0.06644,"55":0.4832,"56":0.23556,"57":0.3624,"58":0.53756,"59":10.23176,"60":31.5288,"61":0.0604,"62":0.09664,"63":0},"firefox":{"2":0,"3":0.00604,"3.5":0,"3.6":0,"4":0,"5":0,"6":0,"7":0,"8":0,"9":0,"10":0,"11":0,"12":0.01208,"13":0,"14":0,"15":0,"16":0.01812,"17":0,"18":0.00604,"19":0,"20":0,"21":0,"22":0.00604,"23":0,"24":0,"25":0.00604,"26":0,"27":0.01812,"28":0,"29":0,"30":0.00604,"31":0,"32":0.01208,"33":0.00604,"34":0.01812,"35":0.00604,"36":0.01208,"37":0.01208,"38":0.01208,"39":0.01208,"40":0.04832,"41":0.01812,"42":0.01208,"43":0.0604,"44":0.01208,"45":0.04832,"46":0.01208,"47":0.13892,"48":0.07852,"49":0.05436,"50":0.0604,"51":0.03624,"52":0.55568,"53":0.17516,"54":3.29784,"55":1.37712,"56":0.07248,"57":0,"58":0},"opera":{"9":0,"9.5-9.6":0,"10.0-10.1":0,"10.5":0,"10.6":0,"11":0,"11.1":0,"11.5":0,"11.6":0,"12":0,"12.1":0.01208,"15":0,"16":0,"17":0,"18":0,"19":0,"20":0,"21":0,"22":0,"23":0,"24":0,"25":0,"26":0,"27":0,"28":0,"29":0,"30":0,"31":0,"32":0,"33":0,"34":0,"35":0,"36":0.02416,"37":0.01208,"38":0,"39":0,"40":0.00604,"41":0.00604,"42":0.00604,"43":0.00604,"44":0.00604,"45":0.01208,"46":0.61608,"47":0.5738,"48":0.00604,"49":0},"safari":{"3.1":0,"3.2":0,"4":0.01208,"5":0,"5.1":0.01208,"6":0,"6.1":0.00604,"7":0,"7.1":0,"8":0.03624,"9":0.03624,"9.1":0.22952,"10":0.31408,"10.1":1.06908,"11":0.00604,"0":null},"ios_saf":{"3.2":0,"4.0-4.1":0,"4.2-4.3":0,"5.0-5.1":0,"6.0-6.1":0,"7.0-7.1":0.0205574839171,"8":0,"8.1-8.4":0.0166417726948,"9.0-9.2":0.215853581129,"9.3":0.156138984989,"10.0-10.2":0.603508992137,"10.3":3.78061918513,"11":null},"android":{"2.1":0,"2.2":0,"2.3":0,"3":0,"4":0,"4.1":0.202403487358,"4.2-4.3":0.522875675676,"4.4":1.44774716652,"4.4.3-4.4.4":1.05137367044,"56":null},"op_mob":{"10":null,"11":null,"11.1":null,"11.5":null,"12":null,"12.1":null,"0":null},"ie":{"5.5":0,"6":0.00662011299435,"7":0.00662011299435,"8":0.278044745763,"9":0.0728212429379,"10":0.0860614689266,"11":0.721592316384},"edge":{"12":0.05436,"13":0.1208,"14":0.20536,"15":null,"16":null},"bb":{"7":0.000792,"10":0.003168},"samsung":{"4":0,"5":0},"ie_mob":{"10":0.0465008695652,"11":0.220879130435},"baidu":{"0":null},"and_ff":{"0":0.01188},"and_qq":{"1.2":null},"and_uc":{"0":0.198},"op_mini":{"0":0.791934437086},"and_chr":{"0":28.5228}},"total":95.2661544371}