{"id":"PT","name":"Portugal","month":"2017-08","access_date":"2017-09-04","data":{"chrome":{"4":0,"5":0,"6":0,"7":0,"8":0,"9":0,"10":0,"11":0.007555,"12":0,"13":0,"14":0,"15":0,"16":0,"17":0,"18":0,"19":0,"20":0,"21":0,"22":0.052885,"23":0.007555,"24":0.007555,"25":0,"26":0.007555,"27":0,"28":0,"29":0.173765,"30":0,"31":0.022665,"32":0.01511,"33":0.007555,"34":0.03022,"35":0.022665,"36":0.883935,"37":0.022665,"38":0.06044,"39":0.052885,"40":0.01511,"41":0.007555,"42":0.007555,"43":0.07555,"44":0.022665,"45":0.04533,"46":0.01511,"47":0.052885,"48":0.037775,"49":1.790535,"50":0.022665,"51":0.10577,"52":0.03022,"53":0.07555,"54":0.098215,"55":0.234205,"56":0.19643,"57":0.203985,"58":0.52885,"59":9.133995,"60":33.12112,"61":0.098215,"62":0.04533,"63":0},"firefox":{"2":0,"3":0,"3.5":0,"3.6":0.007555,"4":0,"5":0,"6":0,"7":0,"8":0,"9":0,"10":0,"11":0,"12":0,"13":0,"14":0,"15":0,"16":0,"17":0.007555,"18":0,"19":0,"20":0.007555,"21":0,"22":0,"23":0,"24":0.007555,"25":0,"26":0,"27":0,"28":0.01511,"29":0,"30":0.007555,"31":0.007555,"32":0,"33":0.007555,"34":0.007555,"35":0,"36":0.007555,"37":0.01511,"38":0.022665,"39":0.007555,"40":0.01511,"41":0.007555,"42":0.007555,"43":0.022665,"44":0.007555,"45":0.037775,"46":0.01511,"47":0.09066,"48":0.1511,"49":0.06044,"50":0.06044,"51":0.07555,"52":0.6044,"53":0.113325,"54":4.600995,"55":2.10029,"56":0.03022,"57":0.007555,"58":0},"opera":{"9":0,"9.5-9.6":0,"10.0-10.1":0,"10.5":0,"10.6":0,"11":0,"11.1":0,"11.5":0,"11.6":0,"12":0,"12.1":0.01511,"15":0,"16":0,"17":0,"18":0,"19":0,"20":0,"21":0,"22":0,"23":0,"24":0,"25":0,"26":0,"27":0,"28":0,"29":0,"30":0,"31":0,"32":0,"33":0,"34":0.007555,"35":0,"36":0.04533,"37":0,"38":0.01511,"39":0,"40":0,"41":0,"42":0.007555,"43":0.007555,"44":0,"45":0.007555,"46":0.58929,"47":0.54396,"48":0.007555,"49":0},"safari":{"3.1":0,"3.2":0,"4":0,"5":0.022665,"5.1":0.04533,"6":0,"6.1":0.03022,"7":0.007555,"7.1":0,"8":0.06044,"9":0.07555,"9.1":0.324865,"10":0.279535,"10.1":2.47804,"11":0.022665,"0":null},"ios_saf":{"3.2":0,"4.0-4.1":0,"4.2-4.3":0,"5.0-5.1":0,"6.0-6.1":0,"7.0-7.1":0.0348522373124,"8":0,"8.1-8.4":0.0282137159195,"9.0-9.2":0.36594849178,"9.3":0.264711040539,"10.0-10.2":1.02316210967,"10.3":6.40949240478,"11":null},"android":{"2.1":0,"2.2":0,"2.3":0,"3":0,"4":0,"4.1":0.0724463121186,"4.2-4.3":0.187152972973,"4.4":0.518192371404,"4.4.3-4.4.4":0.376318343505,"56":null},"op_mob":{"10":null,"11":null,"11.1":null,"11.5":null,"12":null,"12.1":null,"0":null},"ie":{"5.5":0,"6":0.00757735207101,"7":0.00757735207101,"8":0.128814985207,"9":0.204588505917,"10":0.136392337278,"11":4.63733946746},"edge":{"12":0.07555,"13":0.203985,"14":1.337235,"15":null,"16":null},"bb":{"7":0.008313,"10":0.033252},"samsung":{"4":0,"5":0},"ie_mob":{"10":0.0465008695652,"11":0.220879130435},"baidu":{"0":null},"and_ff":{"0":0.017115},"and_qq":{"1.2":null},"and_uc":{"0":0.173595},"op_mini":{"0":0.147728195364},"and_chr":{"0":17.932155}},"total":94.6688931954}