{"id":"PY","name":"Paraguay","month":"2017-08","access_date":"2017-09-04","data":{"chrome":{"4":0,"5":0,"6":0,"7":0,"8":0,"9":0,"10":0.01222,"11":0.021996,"12":0.004888,"13":0,"14":0,"15":0,"16":0,"17":0,"18":0.007332,"19":0,"20":0,"21":0,"22":0.002444,"23":0.007332,"24":0,"25":0.002444,"26":0.002444,"27":0,"28":0,"29":0.002444,"30":0.004888,"31":0.034216,"32":0.002444,"33":0.004888,"34":0.004888,"35":0.004888,"36":0.0611,"37":0.004888,"38":0.01222,"39":0.007332,"40":0.004888,"41":0.017108,"42":0.002444,"43":0.017108,"44":0.009776,"45":0.002444,"46":0.007332,"47":0.009776,"48":0.01222,"49":0.564564,"50":0.01222,"51":0.021996,"52":0.014664,"53":0.029328,"54":0.021996,"55":0.039104,"56":0.117312,"57":0.0611,"58":0.205296,"59":3.981276,"60":12.850552,"61":0.041548,"62":0.009776,"63":0},"firefox":{"2":0,"3":0.009776,"3.5":0,"3.6":0.007332,"4":0.007332,"5":0,"6":0,"7":0,"8":0,"9":0,"10":0.004888,"11":0.009776,"12":0.009776,"13":0,"14":0,"15":0.004888,"16":0.002444,"17":0.007332,"18":0,"19":0.002444,"20":0,"21":0,"22":0.002444,"23":0,"24":0.007332,"25":0.002444,"26":0.002444,"27":0.004888,"28":0.002444,"29":0.004888,"30":0.004888,"31":0.004888,"32":0.004888,"33":0.004888,"34":0.004888,"35":0.009776,"36":0.004888,"37":0.007332,"38":0.021996,"39":0.009776,"40":0.007332,"41":0.009776,"42":0.004888,"43":0.039104,"44":0.009776,"45":0.043992,"46":0.002444,"47":0.04888,"48":0.039104,"49":0.02444,"50":0.019552,"51":0.026884,"52":0.237068,"53":0.056212,"54":1.573936,"55":0.593892,"56":0.007332,"57":0,"58":0},"opera":{"9":0,"9.5-9.6":0,"10.0-10.1":0,"10.5":0,"10.6":0,"11":0,"11.1":0,"11.5":0,"11.6":0,"12":0,"12.1":0.002444,"15":0,"16":0,"17":0,"18":0,"19":0,"20":0,"21":0,"22":0,"23":0,"24":0,"25":0,"26":0,"27":0.002444,"28":0,"29":0,"30":0,"31":0,"32":0,"33":0,"34":0,"35":0,"36":0.002444,"37":0.004888,"38":0.004888,"39":0,"40":0,"41":0,"42":0,"43":0.004888,"44":0,"45":0.002444,"46":0.127088,"47":0.1222,"48":0,"49":0},"safari":{"3.1":0,"3.2":0,"4":0,"5":0,"5.1":0.009776,"6":0,"6.1":0.002444,"7":0.002444,"7.1":0,"8":0.007332,"9":0.019552,"9.1":0.051324,"10":0.058656,"10.1":0.496132,"11":0.004888,"0":null},"ios_saf":{"3.2":0,"4.0-4.1":0,"4.2-4.3":0,"5.0-5.1":0,"6.0-6.1":0,"7.0-7.1":0.0150533352395,"8":0,"8.1-8.4":0.0121860332891,"9.0-9.2":0.158060020014,"9.3":0.114333665271,"10.0-10.2":0.441922913101,"10.3":2.76838003308,"11":null},"android":{"2.1":0,"2.2":0,"2.3":0,"3":0,"4":0,"4.1":0.282336418483,"4.2-4.3":0.729369081081,"4.4":2.01948965998,"4.4.3-4.4.4":1.46658084045,"56":null},"op_mob":{"10":null,"11":null,"11.1":null,"11.5":null,"12":null,"12.1":null,"0":null},"ie":{"5.5":0,"6":0.002444,"7":0,"8":0.0611,"9":0.021996,"10":0.021996,"11":0.337272},"edge":{"12":0.019552,"13":0.031772,"14":0.105092,"15":null,"16":null},"bb":{"7":0.0060448,"10":0.0241792},"samsung":{"4":0,"5":0},"ie_mob":{"10":0.0465008695652,"11":0.220879130435},"baidu":{"0":null},"and_ff":{"0":0.007556},"and_qq":{"1.2":null},"and_uc":{"0":0.574256},"op_mini":{"0":2.21195645033},"and_chr":{"0":58.401428}},"total":92.2028284503}