{"id":"RE","name":"Reunion","month":"2017-08","access_date":"2017-09-04","data":{"chrome":{"4":0,"5":0,"6":0,"7":0,"8":0,"9":0,"10":0,"11":0.04086,"12":0,"13":0,"14":0,"15":0,"16":0,"17":0,"18":0,"19":0,"20":0,"21":0.01362,"22":0.00681,"23":0,"24":0,"25":0.00681,"26":0,"27":0,"28":0,"29":0.17706,"30":0.01362,"31":0.02043,"32":0.02724,"33":0.01362,"34":0.02043,"35":0.00681,"36":0.23154,"37":0.00681,"38":0.02724,"39":0.01362,"40":0.01362,"41":0,"42":0.01362,"43":0.06129,"44":0.1362,"45":0.02043,"46":0.00681,"47":0.03405,"48":0.04767,"49":1.2939,"50":0.03405,"51":0.12939,"52":0.02724,"53":0.08853,"54":0.46308,"55":0.32007,"56":0.10215,"57":0.17706,"58":0.53118,"59":6.6057,"60":20.84541,"61":0.04086,"62":0.03405,"63":0},"firefox":{"2":0,"3":0,"3.5":0,"3.6":0.02043,"4":0,"5":0,"6":0,"7":0.00681,"8":0,"9":0,"10":0,"11":0.01362,"12":0,"13":0.02043,"14":0.00681,"15":0.04767,"16":0.04086,"17":0.00681,"18":0,"19":0,"20":0.00681,"21":0,"22":0.00681,"23":0.05448,"24":0.02043,"25":0.02724,"26":0.01362,"27":0,"28":0.00681,"29":0.01362,"30":0,"31":0.02043,"32":0.18387,"33":0.00681,"34":0.02724,"35":0.04086,"36":0.00681,"37":0.01362,"38":0.05448,"39":0.00681,"40":0.03405,"41":0.25197,"42":0.02043,"43":0.06129,"44":0.08172,"45":0.23154,"46":0.04086,"47":0.10896,"48":0.37455,"49":0.38817,"50":0.16344,"51":0.07491,"52":0.70824,"53":0.24516,"54":7.61358,"55":2.9283,"56":0.01362,"57":0,"58":0},"opera":{"9":0,"9.5-9.6":0,"10.0-10.1":0,"10.5":0,"10.6":0,"11":0,"11.1":0,"11.5":0,"11.6":0,"12":0,"12.1":0.00681,"15":0,"16":0,"17":0,"18":0,"19":0,"20":0,"21":0,"22":0,"23":0,"24":0,"25":0,"26":0,"27":0,"28":0,"29":0,"30":0,"31":0,"32":0,"33":0,"34":0,"35":0,"36":0.01362,"37":0,"38":0,"39":0,"40":0,"41":0,"42":0,"43":0.02724,"44":0,"45":0.00681,"46":0.42903,"47":0.42903,"48":0.00681,"49":0},"safari":{"3.1":0,"3.2":0,"4":0.02043,"5":0.03405,"5.1":0.21111,"6":0.00681,"6.1":0.05448,"7":0.02043,"7.1":0.01362,"8":0.12939,"9":0.10215,"9.1":0.5448,"10":0.57885,"10.1":3.96342,"11":0.06129,"0":null},"ios_saf":{"3.2":0,"4.0-4.1":0,"4.2-4.3":0,"5.0-5.1":0,"6.0-6.1":0,"7.0-7.1":0.0478953109364,"8":0,"8.1-8.4":0.0387723945675,"9.0-9.2":0.502900764832,"9.3":0.363776290207,"10.0-10.2":1.40606948535,"10.3":8.80817575411,"11":null},"android":{"2.1":0,"2.2":0,"2.3":0,"3":0,"4":0,"4.1":0.110601290323,"4.2-4.3":0.28572,"4.4":0.791106451613,"4.4.3-4.4.4":0.574512258065,"56":null},"op_mob":{"10":null,"11":null,"11.1":null,"11.5":null,"12":null,"12.1":null,"0":null},"ie":{"5.5":0,"6":0,"7":0,"8":0.04767,"9":0.04086,"10":0.12939,"11":2.15196},"edge":{"12":0.08172,"13":0.23154,"14":1.40286,"15":null,"16":null},"bb":{"7":0.002552,"10":0.010208},"samsung":{"4":0,"5":0},"ie_mob":{"10":0.0465008695652,"11":0.220879130435},"baidu":{"0":null},"and_ff":{"0":0.08932},"and_qq":{"1.2":null},"and_uc":{"0":0.04466},"op_mini":{"0":0.095013410596},"and_chr":{"0":23.26277}},"total":93.1154734106}