{"id":"RO","name":"Romania","month":"2017-08","access_date":"2017-09-04","data":{"chrome":{"4":0,"5":0,"6":0,"7":0,"8":0,"9":0,"10":0,"11":0.019245,"12":0,"13":0,"14":0.006415,"15":0,"16":0,"17":0,"18":0.01283,"19":0,"20":0,"21":0.006415,"22":0.019245,"23":0.006415,"24":0,"25":0,"26":0.01283,"27":0,"28":0.006415,"29":0.10264,"30":0.019245,"31":0.01283,"32":0.006415,"33":0.006415,"34":0.044905,"35":0.006415,"36":0.03849,"37":0.01283,"38":0.02566,"39":0.02566,"40":0.02566,"41":0.006415,"42":0.006415,"43":0.08981,"44":0.019245,"45":0.01283,"46":0.01283,"47":0.03849,"48":0.1283,"49":2.65581,"50":0.032075,"51":0.211695,"52":0.03849,"53":0.10264,"54":0.288675,"55":0.34641,"56":0.21811,"57":0.160375,"58":0.558105,"59":8.345915,"60":25.03133,"61":0.083395,"62":0.03849,"63":0},"firefox":{"2":0,"3":0.044905,"3.5":0.006415,"3.6":0.01283,"4":0.006415,"5":0,"6":0,"7":0,"8":0,"9":0,"10":0,"11":0.006415,"12":0.006415,"13":0,"14":0.006415,"15":0,"16":0.006415,"17":0,"18":0.006415,"19":0,"20":0.006415,"21":0.006415,"22":0,"23":0.006415,"24":0.006415,"25":0.006415,"26":0,"27":0,"28":0.006415,"29":0.006415,"30":0.006415,"31":0.006415,"32":0.006415,"33":0.006415,"34":0.006415,"35":0.01283,"36":0.006415,"37":0.006415,"38":0.019245,"39":0.01283,"40":0.02566,"41":0.994325,"42":0.01283,"43":0.044905,"44":0.01283,"45":0.057735,"46":0.019245,"47":0.08981,"48":0.35924,"49":0.07698,"50":0.10264,"51":0.096225,"52":1.263755,"53":0.134715,"54":5.31162,"55":2.302985,"56":0.03849,"57":0.006415,"58":0},"opera":{"9":0,"9.5-9.6":0,"10.0-10.1":0,"10.5":0,"10.6":0,"11":0,"11.1":0,"11.5":0,"11.6":0,"12":0.006415,"12.1":0.05132,"15":0,"16":0,"17":0,"18":0,"19":0,"20":0,"21":0,"22":0,"23":0,"24":0,"25":0,"26":0,"27":0,"28":0,"29":0,"30":0,"31":0.006415,"32":0.006415,"33":0,"34":0.006415,"35":0,"36":0.134715,"37":0.006415,"38":0.006415,"39":0.006415,"40":0.006415,"41":0.006415,"42":0.01283,"43":0.019245,"44":0.006415,"45":0.02566,"46":1.481865,"47":1.417715,"48":0.006415,"49":0},"safari":{"3.1":0,"3.2":0,"4":0.019245,"5":0.006415,"5.1":0.01283,"6":0.006415,"6.1":0.006415,"7":0.006415,"7.1":0,"8":0.01283,"9":0.03849,"9.1":0.07698,"10":0.070565,"10.1":0.570935,"11":0.006415,"0":null},"ios_saf":{"3.2":0,"4.0-4.1":0,"4.2-4.3":0,"5.0-5.1":0,"6.0-6.1":0,"7.0-7.1":0.0280871837026,"8":0,"8.1-8.4":0.0227372439498,"9.0-9.2":0.294915428878,"9.3":0.213328847646,"10.0-10.2":0.824559464413,"10.3":5.16536683141,"11":null},"android":{"2.1":0,"2.2":0,"2.3":0,"3":0,"4":0,"4.1":0.117397977332,"4.2-4.3":0.303278108108,"4.4":0.839721643418,"4.4.3-4.4.4":0.609817271142,"56":null},"op_mob":{"10":null,"11":null,"11.1":null,"11.5":null,"12":null,"12.1":null,"0":null},"ie":{"5.5":0,"6":0.013633444227,"7":0.013633444227,"8":0.579421379648,"9":0.149967886497,"10":0.463537103718,"11":2.26315174168},"edge":{"12":0.05132,"13":0.070565,"14":0.416975,"15":null,"16":null},"bb":{"7":0.011472,"10":0.045888},"samsung":{"4":0,"5":0},"ie_mob":{"10":0.0465008695652,"11":0.220879130435},"baidu":{"0":null},"and_ff":{"0":0.0717},"and_qq":{"1.2":null},"and_uc":{"0":0.218685},"op_mini":{"0":0.396605463576},"and_chr":{"0":26.257195}},"total":93.7887904636}