{"id":"RS","name":"Serbia","month":"2017-08","access_date":"2017-09-04","data":{"chrome":{"4":0,"5":0,"6":0,"7":0,"8":0,"9":0,"10":0,"11":0.020304,"12":0.006768,"13":0,"14":0,"15":0,"16":0.006768,"17":0,"18":0.006768,"19":0,"20":0,"21":0,"22":0.040608,"23":0,"24":0,"25":0.006768,"26":0.040608,"27":0.006768,"28":0,"29":0.087984,"30":0.013536,"31":0.03384,"32":0.006768,"33":0.020304,"34":0.074448,"35":0.006768,"36":0.060912,"37":0.027072,"38":0.040608,"39":0.013536,"40":0.020304,"41":0.006768,"42":0.006768,"43":0.060912,"44":0.047376,"45":0.013536,"46":0.013536,"47":0.03384,"48":0.027072,"49":3.018528,"50":0.06768,"51":0.115056,"52":0.027072,"53":0.054144,"54":0.10152,"55":0.223344,"56":0.243648,"57":0.1692,"58":0.561744,"59":8.73072,"60":28.283472,"61":0.13536,"62":0.10152,"63":0},"firefox":{"2":0,"3":0.006768,"3.5":0.006768,"3.6":0.027072,"4":0,"5":0,"6":0,"7":0,"8":0,"9":0,"10":0.006768,"11":0.006768,"12":0.006768,"13":0,"14":0,"15":0,"16":0.006768,"17":0,"18":0.006768,"19":0,"20":0.006768,"21":0,"22":0.006768,"23":0.006768,"24":0.020304,"25":0.006768,"26":0.006768,"27":0.006768,"28":0.006768,"29":0.006768,"30":0.013536,"31":0.006768,"32":0.006768,"33":0.047376,"34":0.013536,"35":0.020304,"36":0.013536,"37":0.013536,"38":0.040608,"39":0.027072,"40":0.03384,"41":0.027072,"42":0.027072,"43":0.094752,"44":0.020304,"45":0.060912,"46":0.020304,"47":0.142128,"48":0.209808,"49":0.115056,"50":0.148896,"51":0.121824,"52":1.583712,"53":0.216576,"54":6.727392,"55":3.0456,"56":0.128592,"57":0.006768,"58":0},"opera":{"9":0,"9.5-9.6":0,"10.0-10.1":0,"10.5":0,"10.6":0,"11":0,"11.1":0,"11.5":0,"11.6":0.006768,"12":0.006768,"12.1":0.115056,"15":0,"16":0,"17":0,"18":0.006768,"19":0,"20":0,"21":0,"22":0,"23":0,"24":0,"25":0,"26":0,"27":0,"28":0.006768,"29":0,"30":0.006768,"31":0.006768,"32":0.006768,"33":0,"34":0.006768,"35":0.006768,"36":0.23688,"37":0.013536,"38":0.006768,"39":0.006768,"40":0.020304,"41":0.013536,"42":0.020304,"43":0.047376,"44":0.006768,"45":0.03384,"46":1.820592,"47":1.739376,"48":0.006768,"49":0},"safari":{"3.1":0,"3.2":0,"4":0.006768,"5":0.006768,"5.1":0.020304,"6":0.006768,"6.1":0.006768,"7":0.006768,"7.1":0,"8":0.020304,"9":0.013536,"9.1":0.047376,"10":0.054144,"10.1":0.43992,"11":0.006768,"0":null},"ios_saf":{"3.2":0,"4.0-4.1":0,"4.2-4.3":0,"5.0-5.1":0,"6.0-6.1":0,"7.0-7.1":0.0160232852037,"8":0,"8.1-8.4":0.0129712308792,"9.0-9.2":0.168244494639,"9.3":0.12170066619,"10.0-10.2":0.470397872766,"10.3":2.94675845032,"11":null},"android":{"2.1":0,"2.2":0,"2.3":0,"3":0,"4":0,"4.1":0.146650503923,"4.2-4.3":0.378847135135,"4.4":1.04895846556,"4.4.3-4.4.4":0.761767895379,"56":null},"op_mob":{"10":null,"11":null,"11.1":null,"11.5":null,"12":null,"12.1":null,"0":null},"ie":{"5.5":0,"6":0.00711213559322,"7":0.0142242711864,"8":0.305821830508,"9":0.128018440678,"10":0.120906305085,"11":1.52199701695},"edge":{"12":0.027072,"13":0.06768,"14":0.318096,"15":null,"16":null},"bb":{"7":0.0077568,"10":0.0310272},"samsung":{"4":0,"5":0},"ie_mob":{"10":0.0465008695652,"11":0.220879130435},"baidu":{"0":null},"and_ff":{"0":0.009696},"and_qq":{"1.2":null},"and_uc":{"0":0.11312},"op_mini":{"0":0.731609218543},"and_chr":{"0":25.29864}},"total":95.4942532185}