{"id":"RU","name":"Russian Federation","month":"2017-08","access_date":"2017-09-04","data":{"chrome":{"4":0.024294,"5":0.016196,"6":0.016196,"7":0.016196,"8":0.008098,"9":0.024294,"10":0.032392,"11":0.048588,"12":0.04049,"13":0.032392,"14":0.04049,"15":0.048588,"16":0.048588,"17":0.08098,"18":0.097176,"19":0.048588,"20":0.056686,"21":0.08098,"22":0.12147,"23":0.072882,"24":0.08098,"25":0.048588,"26":0.048588,"27":0.08098,"28":0.064784,"29":0.178156,"30":0.024294,"31":0.105274,"32":0.024294,"33":0.032392,"34":0.048588,"35":0.04049,"36":0.032392,"37":0.024294,"38":0.04049,"39":0.089078,"40":0.089078,"41":0.097176,"42":0.04049,"43":0.145764,"44":0.048588,"45":0.105274,"46":0.032392,"47":0.08098,"48":0.251038,"49":2.218852,"50":0.056686,"51":0.461586,"52":0.072882,"53":0.178156,"54":0.307724,"55":0.412998,"56":0.477782,"57":0.226744,"58":0.664036,"59":7.725492,"60":23.56518,"61":0.064784,"62":0.097176,"63":0},"firefox":{"2":0.024294,"3":0.097176,"3.5":0.12147,"3.6":0.429194,"4":0.04049,"5":0.016196,"6":0.008098,"7":0.008098,"8":0.032392,"9":0.016196,"10":0.024294,"11":0.024294,"12":0.04049,"13":0.016196,"14":0.032392,"15":0.08098,"16":0.08098,"17":0.024294,"18":0.024294,"19":0.024294,"20":0.032392,"21":0.056686,"22":0.04049,"23":0.048588,"24":0.072882,"25":0.08098,"26":0.016196,"27":0.016196,"28":0.016196,"29":0.008098,"30":0.008098,"31":0.032392,"32":0.024294,"33":0.016196,"34":0.024294,"35":0.032392,"36":0.04049,"37":0.024294,"38":0.048588,"39":0.064784,"40":0.032392,"41":0.048588,"42":0.024294,"43":0.064784,"44":0.016196,"45":0.137666,"46":0.024294,"47":0.105274,"48":0.315822,"49":0.08098,"50":0.16196,"51":0.137666,"52":1.004152,"53":0.153862,"54":4.138078,"55":1.45764,"56":0.016196,"57":0,"58":0},"opera":{"9":0,"9.5-9.6":0.016196,"10.0-10.1":0.016196,"10.5":0.024294,"10.6":0.056686,"11":0.024294,"11.1":0.024294,"11.5":0.048588,"11.6":0.12147,"12":0.16196,"12.1":0.655938,"15":0.008098,"16":0.008098,"17":0.008098,"18":0.032392,"19":0.008098,"20":0.024294,"21":0.016196,"22":0.008098,"23":0.008098,"24":0.016196,"25":0.016196,"26":0.016196,"27":0.089078,"28":0.04049,"29":0.008098,"30":0.016196,"31":0.008098,"32":0.008098,"33":0.008098,"34":0.024294,"35":0.024294,"36":0.388704,"37":0.04049,"38":0.024294,"39":0.024294,"40":0.016196,"41":0.024294,"42":0.08098,"43":0.064784,"44":0.024294,"45":0.097176,"46":2.696634,"47":2.437498,"48":0.024294,"49":0},"safari":{"3.1":0.016196,"3.2":0.008098,"4":0.097176,"5":0.137666,"5.1":0.08098,"6":0.024294,"6.1":0.024294,"7":0.016196,"7.1":0.008098,"8":0.048588,"9":0.072882,"9.1":0.234842,"10":0.194352,"10.1":1.522424,"11":0.024294,"0":null},"ios_saf":{"3.2":0,"4.0-4.1":0,"4.2-4.3":0,"5.0-5.1":0,"6.0-6.1":0,"7.0-7.1":0.0270780986419,"8":0,"8.1-8.4":0.0219203655672,"9.0-9.2":0.28432003574,"9.3":0.205664606351,"10.0-10.2":0.79493561013,"10.3":4.97979128357,"11":null},"android":{"2.1":0,"2.2":0,"2.3":0,"3":0,"4":0,"4.1":0.07673944551,"4.2-4.3":0.198243567568,"4.4":0.548900200523,"4.4.3-4.4.4":0.398618786399,"56":null},"op_mob":{"10":null,"11":null,"11.1":null,"11.5":null,"12":null,"12.1":null,"0":null},"ie":{"5.5":0,"6":0.0709373189964,"7":0.0709373189964,"8":1.48081653405,"9":0.345819430108,"10":0.594100046595,"11":2.38526735125},"edge":{"12":0.048588,"13":0.08098,"14":0.502076,"15":null,"16":null},"bb":{"7":0.0053256,"10":0.0213024},"samsung":{"4":0,"5":0},"ie_mob":{"10":null,"11":null},"baidu":{"0":null},"and_ff":{"0":0.017118},"and_qq":{"1.2":null},"and_uc":{"0":0.602934},"op_mini":{"0":0.564887701987},"and_chr":{"0":11.598672}},"total":85.057569702}