{"id":"RW","name":"Rwanda","month":"2017-08","access_date":"2017-09-04","data":{"chrome":{"4":0,"5":0.003252,"6":0,"7":0.006504,"8":0,"9":0,"10":0,"11":0.01626,"12":0,"13":0,"14":0,"15":0.003252,"16":0.003252,"17":0,"18":0.006504,"19":0,"20":0.003252,"21":0.003252,"22":0.009756,"23":0.006504,"24":0,"25":0.003252,"26":0.006504,"27":0.139836,"28":0.06504,"29":0.078048,"30":0.022764,"31":0.04878,"32":0.084552,"33":0.029268,"34":0.045528,"35":0.087804,"36":0.27642,"37":0.061788,"38":0,"39":0.003252,"40":0.019512,"41":0.702432,"42":0.003252,"43":0.328452,"44":0.003252,"45":0.019512,"46":0.006504,"47":0.009756,"48":0.009756,"49":0.13008,"50":0.019512,"51":0.035772,"52":0.006504,"53":0.009756,"54":0.026016,"55":0.328452,"56":0.045528,"57":0.052032,"58":0.273168,"59":3.684516,"60":8.751132,"61":0.026016,"62":0.074796,"63":0},"firefox":{"2":0.003252,"3":0.022764,"3.5":0.006504,"3.6":0.019512,"4":0.019512,"5":0.009756,"6":0.009756,"7":0.003252,"8":0.009756,"9":0.003252,"10":0.003252,"11":0.013008,"12":0.006504,"13":0.006504,"14":0.035772,"15":0.006504,"16":0.009756,"17":0.003252,"18":0.013008,"19":0.013008,"20":0.009756,"21":0.442272,"22":0.078048,"23":0.074796,"24":0.074796,"25":0.084552,"26":0.003252,"27":0.042276,"28":0.058536,"29":0.055284,"30":0.019512,"31":0.104064,"32":0.013008,"33":0.029268,"34":0.022764,"35":0.022764,"36":0.035772,"37":0.409752,"38":0.022764,"39":0.009756,"40":0.04878,"41":0.04878,"42":0.022764,"43":0.104064,"44":0.055284,"45":0.071544,"46":0.022764,"47":0.208128,"48":0.104064,"49":0.052032,"50":0.04878,"51":0.026016,"52":0.22764,"53":0.104064,"54":4.253616,"55":1.20324,"56":0.234144,"57":0,"58":0},"opera":{"9":0,"9.5-9.6":0,"10.0-10.1":0,"10.5":0,"10.6":0,"11":0.003252,"11.1":0,"11.5":0,"11.6":0.045528,"12":0.074796,"12.1":0.09756,"15":0,"16":0,"17":0,"18":0,"19":0.003252,"20":0.003252,"21":0,"22":0,"23":0,"24":0.003252,"25":0,"26":0,"27":0.003252,"28":0.767472,"29":0,"30":0,"31":0,"32":0,"33":0,"34":0.009756,"35":0.003252,"36":0.029268,"37":0.006504,"38":0.003252,"39":0.003252,"40":0.003252,"41":0.009756,"42":0.019512,"43":0.013008,"44":0.006504,"45":0.022764,"46":0.676416,"47":0.367476,"48":0,"49":0},"safari":{"3.1":0,"3.2":0,"4":0,"5":0.03252,"5.1":0.058536,"6":0,"6.1":0,"7":0.022764,"7.1":0.006504,"8":0.042276,"9":0.042276,"9.1":0.084552,"10":0.091056,"10.1":0.429264,"11":0.052032,"0":null},"ios_saf":{"3.2":0,"4.0-4.1":0,"4.2-4.3":0,"5.0-5.1":0,"6.0-6.1":0,"7.0-7.1":0.00945100786276,"8":0,"8.1-8.4":0.0076508158889,"9.0-9.2":0.099235582559,"9.3":0.0717826549576,"10.0-10.2":0.277454587971,"10.3":1.73808535076,"11":null},"android":{"2.1":0,"2.2":0,"2.3":0,"3":0,"4":0,"4.1":0.228150486486,"4.2-4.3":0.589388756757,"4.4":1.63190972973,"4.4.3-4.4.4":1.18511502703,"56":null},"op_mob":{"10":null,"11":null,"11.1":null,"11.5":null,"12":null,"12.1":null,"0":null},"ie":{"5.5":0,"6":0,"7":0.0032671255814,"8":0.166623404651,"9":0.156822027907,"10":0.245034418605,"11":0.833117023256},"edge":{"12":0.136584,"13":0.27642,"14":0.269916,"15":null,"16":null},"bb":{"7":0.10122,"10":0.40488},"samsung":{"4":0,"5":0},"ie_mob":{"10":0.0465008695652,"11":0.220879130435},"baidu":{"0":null},"and_ff":{"0":0.060732},"and_qq":{"1.2":null},"and_uc":{"0":7.82768},"op_mini":{"0":31.5033731656},"and_chr":{"0":15.655672}},"total":91.0312251656}