{"id":"SA","name":"Saudi Arabia","month":"2017-08","access_date":"2017-09-04","data":{"chrome":{"4":0,"5":0,"6":0,"7":0,"8":0,"9":0,"10":0.003523,"11":0.003523,"12":0,"13":0,"14":0,"15":0,"16":0,"17":0,"18":0,"19":0.003523,"20":0.003523,"21":0.007046,"22":0.007046,"23":0.003523,"24":0.003523,"25":0.003523,"26":0.007046,"27":0.007046,"28":0.003523,"29":0.038753,"30":0.007046,"31":0.031707,"32":0.007046,"33":0.059891,"34":0.021138,"35":0.007046,"36":0.014092,"37":0.003523,"38":0.028184,"39":0.024661,"40":0.010569,"41":0.003523,"42":0.010569,"43":0.302978,"44":0.014092,"45":0.021138,"46":0.014092,"47":0.017615,"48":0.024661,"49":0.708123,"50":0.010569,"51":0.049322,"52":0.014092,"53":0.03523,"54":0.059891,"55":0.218426,"56":0.112736,"57":0.123305,"58":0.288886,"59":5.221086,"60":15.391987,"61":0.07046,"62":0.059891,"63":0},"firefox":{"2":0,"3":0.010569,"3.5":0,"3.6":0.003523,"4":0,"5":0,"6":0,"7":0,"8":0,"9":0,"10":0,"11":0,"12":0.003523,"13":0,"14":0,"15":0,"16":0,"17":0,"18":0.003523,"19":0,"20":0.003523,"21":0,"22":0.003523,"23":0,"24":0,"25":0,"26":0.003523,"27":0.003523,"28":0.003523,"29":0,"30":0.007046,"31":0.007046,"32":0,"33":0.003523,"34":0.003523,"35":0.003523,"36":0.003523,"37":0.003523,"38":0.003523,"39":0.003523,"40":0.007046,"41":0.003523,"42":0.003523,"43":0.021138,"44":0.007046,"45":0.014092,"46":0.010569,"47":0.052845,"48":0.077506,"49":0.021138,"50":0.03523,"51":0.021138,"52":0.130351,"53":0.045799,"54":1.708655,"55":0.623571,"56":0.042276,"57":0,"58":0},"opera":{"9":0,"9.5-9.6":0,"10.0-10.1":0,"10.5":0,"10.6":0,"11":0,"11.1":0,"11.5":0,"11.6":0,"12":0,"12.1":0.003523,"15":0,"16":0,"17":0,"18":0,"19":0,"20":0,"21":0,"22":0,"23":0,"24":0,"25":0,"26":0,"27":0,"28":0,"29":0,"30":0.007046,"31":0,"32":0,"33":0,"34":0,"35":0,"36":0.003523,"37":0,"38":0.003523,"39":0.003523,"40":0.010569,"41":0.014092,"42":0.007046,"43":0.017615,"44":0.007046,"45":0.014092,"46":0.052845,"47":0.024661,"48":0,"49":0},"safari":{"3.1":0,"3.2":0,"4":0.003523,"5":0.003523,"5.1":0.021138,"6":0.003523,"6.1":0.003523,"7":0.003523,"7.1":0.003523,"8":0.059891,"9":0.052845,"9.1":0.200811,"10":0.207857,"10.1":1.176682,"11":0.003523,"0":null},"ios_saf":{"3.2":0,"4.0-4.1":0,"4.2-4.3":0,"5.0-5.1":0,"6.0-6.1":0,"7.0-7.1":0.0869917526805,"8":0,"8.1-8.4":0.0704218950271,"9.0-9.2":0.913413403145,"9.3":0.66072307393,"10.0-10.2":2.55382931083,"10.3":15.9981975644,"11":null},"android":{"2.1":0,"2.2":0,"2.3":0,"3":0,"4":0,"4.1":0.122054437663,"4.2-4.3":0.315307297297,"4.4":0.873028269398,"4.4.3-4.4.4":0.634004995641,"56":null},"op_mob":{"10":null,"11":null,"11.1":null,"11.5":null,"12":null,"12.1":null,"0":null},"ie":{"5.5":0,"6":0.00357918819777,"7":0.00357918819777,"8":0.125271586922,"9":0.0894797049442,"10":0.132429963317,"11":1.88623218022},"edge":{"12":0.038753,"13":0.091598,"14":0.45799,"15":null,"16":null},"bb":{"7":0.0142494,"10":0.0569976},"samsung":{"4":0,"5":0},"ie_mob":{"10":0.0465008695652,"11":0.220879130435},"baidu":{"0":null},"and_ff":{"0":0.019431},"and_qq":{"1.2":null},"and_uc":{"0":15.836265},"op_mini":{"0":0.385831887417},"and_chr":{"0":25.048035}},"total":94.5837116992}