{"id":"SB","name":"Solomon Islands","month":"2017-08","access_date":"2017-09-04","data":{"chrome":{"4":0,"5":0,"6":0,"7":0,"8":0.006861,"9":0,"10":0,"11":0.032018,"12":0,"13":0.002287,"14":0,"15":0,"16":0,"17":0,"18":0,"19":0.004574,"20":0.004574,"21":0.002287,"22":0.004574,"23":0,"24":0,"25":0,"26":0.002287,"27":0,"28":0,"29":0,"30":0,"31":0.032018,"32":0,"33":0.016009,"34":0.004574,"35":0,"36":0.002287,"37":0.002287,"38":0.006861,"39":0.002287,"40":0,"41":0.002287,"42":0,"43":0.009148,"44":0,"45":0.004574,"46":0.006861,"47":0.016009,"48":0,"49":0.070897,"50":0.004574,"51":0.020583,"52":0.043453,"53":0.041166,"54":0.121211,"55":0.029731,"56":0.034305,"57":0.235561,"58":0.098341,"59":1.427088,"60":5.084001,"61":0.011435,"62":0.009148,"63":0},"firefox":{"2":0,"3":0.059462,"3.5":0,"3.6":0,"4":0,"5":0.002287,"6":0,"7":0.011435,"8":0.006861,"9":0.002287,"10":0,"11":0.013722,"12":0,"13":0.002287,"14":0,"15":0.002287,"16":0,"17":0.02287,"18":0.002287,"19":0,"20":0.018296,"21":0.004574,"22":0,"23":0,"24":0.002287,"25":0.04574,"26":0,"27":0,"28":0.004574,"29":0.006861,"30":0.013722,"31":0,"32":0.002287,"33":0.004574,"34":0.041166,"35":0,"36":0,"37":0.02287,"38":0.006861,"39":0.016009,"40":0.006861,"41":0.004574,"42":0.016009,"43":0.027444,"44":0.013722,"45":0.032018,"46":0.004574,"47":0.233274,"48":0.025157,"49":0.032018,"50":0.249283,"51":0.016009,"52":0.086906,"53":0.043453,"54":2.275565,"55":0.699822,"56":0.077758,"57":0,"58":0},"opera":{"9":0,"9.5-9.6":0,"10.0-10.1":0,"10.5":0,"10.6":0,"11":0,"11.1":0,"11.5":0,"11.6":0,"12":0,"12.1":0.009148,"15":0,"16":0,"17":0.004574,"18":0,"19":0.054888,"20":0,"21":0,"22":0,"23":0,"24":0,"25":0,"26":0,"27":0.13722,"28":0,"29":0.002287,"30":0,"31":0,"32":0,"33":0.002287,"34":0,"35":0.004574,"36":0,"37":0.038879,"38":0.006861,"39":0.002287,"40":0,"41":0.013722,"42":0,"43":0.006861,"44":0,"45":0.002287,"46":0.118924,"47":0.086906,"48":0,"49":0},"safari":{"3.1":0,"3.2":0,"4":0.006861,"5":0.004574,"5.1":0.011435,"6":0.004574,"6.1":0.011435,"7":0.004574,"7.1":0,"8":0.02287,"9":0.105202,"9.1":0.125785,"10":0.013722,"10.1":0.070897,"11":0,"0":null},"ios_saf":{"3.2":0,"4.0-4.1":0,"4.2-4.3":0,"5.0-5.1":0,"6.0-6.1":0,"7.0-7.1":0.00823868191565,"8":0,"8.1-8.4":0.00666940916982,"9.0-9.2":0.0865061601144,"9.3":0.0625747507403,"10.0-10.2":0.241864161952,"10.3":1.51513283611,"11":null},"android":{"2.1":0,"2.2":0,"2.3":0,"3":0,"4":0,"4.1":0.649934081953,"4.2-4.3":1.67899637838,"4.4":4.64883405841,"4.4.3-4.4.4":3.37604648126,"56":null},"op_mob":{"10":null,"11":null,"11.1":null,"11.5":null,"12":null,"12.1":null,"0":null},"ie":{"5.5":0,"6":0,"7":0.002287,"8":0.16009,"9":0.073184,"10":0.162377,"11":3.675209},"edge":{"12":0.04574,"13":0.203543,"14":0.084619,"15":null,"16":null},"bb":{"7":0,"10":0},"samsung":{"4":0,"5":0},"ie_mob":{"10":0.0355256086957,"11":0.236837391304},"baidu":{"0":null},"and_ff":{"0":0},"and_qq":{"1.2":null},"and_uc":{"0":20.28519},"op_mini":{"0":11.8868822881},"and_chr":{"0":28.89546}},"total":90.4515862881}