{"id":"SC","name":"Seychelles","month":"2017-08","access_date":"2017-09-04","data":{"chrome":{"4":0,"5":0,"6":0,"7":0,"8":0,"9":0,"10":0,"11":0,"12":0.040254,"13":0.006709,"14":0,"15":0.006709,"16":0,"17":0,"18":0.006709,"19":0,"20":0,"21":0,"22":0.013418,"23":0,"24":0.020127,"25":0,"26":0.006709,"27":0,"28":0.020127,"29":0.422667,"30":0.006709,"31":0.033545,"32":0.006709,"33":0,"34":0.107344,"35":0.006709,"36":0.140889,"37":0.006709,"38":0.006709,"39":0.013418,"40":0,"41":0.006709,"42":0.006709,"43":0.080508,"44":0.006709,"45":0.013418,"46":0.053672,"47":0.020127,"48":0.006709,"49":6.071645,"50":0.013418,"51":0.80508,"52":0.053672,"53":0.301905,"54":0.865461,"55":0.952678,"56":1.912065,"57":0.147598,"58":0.429376,"59":3.810712,"60":10.029955,"61":0.020127,"62":0.060381,"63":0},"firefox":{"2":0,"3":0.053672,"3.5":0,"3.6":0.006709,"4":0,"5":0.006709,"6":0,"7":0,"8":0.006709,"9":0,"10":0,"11":0.013418,"12":0,"13":0,"14":0.006709,"15":0,"16":0,"17":0.006709,"18":0,"19":0,"20":0,"21":0.006709,"22":0,"23":0,"24":0.033545,"25":0.006709,"26":0,"27":0,"28":0,"29":0.006709,"30":0.006709,"31":0.40254,"32":0.006709,"33":0.006709,"34":0.006709,"35":0.006709,"36":0.26836,"37":0.040254,"38":0.06709,"39":0.013418,"40":0.020127,"41":0.006709,"42":0.120762,"43":0.026836,"44":0.026836,"45":0.583683,"46":0.013418,"47":0.409249,"48":0.865461,"49":0.449503,"50":0.26836,"51":0.530011,"52":2.898288,"53":1.40889,"54":13.438127,"55":3.435008,"56":0.221397,"57":0,"58":0},"opera":{"9":0,"9.5-9.6":0.006709,"10.0-10.1":0,"10.5":0,"10.6":0,"11":0,"11.1":0,"11.5":0,"11.6":0,"12":0.053672,"12.1":0.040254,"15":0,"16":0,"17":0,"18":0,"19":0,"20":0.006709,"21":0,"22":0,"23":0,"24":0,"25":0,"26":0,"27":0,"28":0,"29":0,"30":0,"31":0,"32":0,"33":0,"34":0,"35":0,"36":0.006709,"37":0.006709,"38":0.013418,"39":0.013418,"40":0,"41":0.06709,"42":0.080508,"43":0.06709,"44":0,"45":0,"46":0.33545,"47":0.308614,"48":0,"49":0},"safari":{"3.1":0,"3.2":0,"4":0.087217,"5":0,"5.1":0,"6":0,"6.1":0,"7":0,"7.1":0,"8":0.013418,"9":0.06709,"9.1":0.228106,"10":0.107344,"10.1":0.831916,"11":0,"0":null},"ios_saf":{"3.2":0,"4.0-4.1":0,"4.2-4.3":0,"5.0-5.1":0,"6.0-6.1":0,"7.0-7.1":0.0334563302359,"8":0,"8.1-8.4":0.0270836959052,"9.0-9.2":0.351291467477,"9.3":0.254108793934,"10.0-10.2":0.982182266211,"10.3":6.15277844624,"11":null},"android":{"2.1":0,"2.2":0,"2.3":0,"3":0,"4":0,"4.1":0.0653058831735,"4.2-4.3":0.168706864865,"4.4":0.467118469922,"4.4.3-4.4.4":0.33922778204,"56":null},"op_mob":{"10":null,"11":null,"11.1":null,"11.5":null,"12":null,"12.1":null,"0":null},"ie":{"5.5":0,"6":0.00778442540074,"7":0,"8":1.53353180395,"9":0.42035897164,"10":2.00838175339,"11":2.34311204562},"edge":{"12":0.308614,"13":0.261651,"14":0.509884,"15":null,"16":null},"bb":{"7":0.0105312,"10":0.0421248},"samsung":{"4":0,"5":0},"ie_mob":{"10":0.0465008695652,"11":0.220879130435},"baidu":{"0":null},"and_ff":{"0":0.16455},"and_qq":{"1.2":null},"and_uc":{"0":5.43015},"op_mini":{"0":1.13705139735},"and_chr":{"0":16.054061}},"total":93.9248503974}