{"id":"SE","name":"Sweden","month":"2017-08","access_date":"2017-09-04","data":{"chrome":{"4":0,"5":0,"6":0,"7":0,"8":0,"9":0,"10":0,"11":0.005633,"12":0,"13":0,"14":0,"15":0,"16":0,"17":0,"18":0.005633,"19":0,"20":0,"21":0.005633,"22":0.016899,"23":0.005633,"24":0.005633,"25":0.005633,"26":0.005633,"27":0,"28":0,"29":0.067596,"30":0,"31":0.011266,"32":0,"33":0.005633,"34":0.016899,"35":0.005633,"36":0.005633,"37":0.011266,"38":0.039431,"39":0.061963,"40":0.016899,"41":0.011266,"42":0.005633,"43":0.016899,"44":0.011266,"45":0.022532,"46":0.016899,"47":0.016899,"48":0.028165,"49":0.681593,"50":0.016899,"51":0.095761,"52":0.028165,"53":0.045064,"54":0.078862,"55":0.123926,"56":0.197155,"57":0.185889,"58":0.399943,"59":5.880852,"60":17.090522,"61":0.05633,"62":0.016899,"63":0},"firefox":{"2":0,"3":0,"3.5":0,"3.6":0.011266,"4":0,"5":0,"6":0,"7":0,"8":0,"9":0,"10":0,"11":0.005633,"12":0,"13":0,"14":0,"15":0,"16":0.005633,"17":0,"18":0,"19":0,"20":0,"21":0.005633,"22":0,"23":0,"24":0.005633,"25":0,"26":0.005633,"27":0,"28":0.028165,"29":0,"30":0,"31":0.011266,"32":0,"33":0.005633,"34":0.005633,"35":0.005633,"36":0,"37":0.011266,"38":0.022532,"39":0.011266,"40":0.011266,"41":0.016899,"42":0.005633,"43":0.016899,"44":0.005633,"45":0.050697,"46":0.033798,"47":0.028165,"48":0.152091,"49":0.028165,"50":0.050697,"51":0.039431,"52":0.399943,"53":0.090128,"54":3.537524,"55":1.554708,"56":0.022532,"57":0.005633,"58":0},"opera":{"9":0,"9.5-9.6":0,"10.0-10.1":0,"10.5":0,"10.6":0,"11":0,"11.1":0,"11.5":0,"11.6":0,"12":0,"12.1":0.028165,"15":0,"16":0,"17":0,"18":0,"19":0,"20":0,"21":0,"22":0,"23":0,"24":0,"25":0,"26":0,"27":0,"28":0.005633,"29":0,"30":0,"31":0,"32":0,"33":0,"34":0,"35":0,"36":0.028165,"37":0.005633,"38":0.005633,"39":0,"40":0.005633,"41":0,"42":0,"43":0.005633,"44":0,"45":0.005633,"46":0.264751,"47":0.247852,"48":0.005633,"49":0},"safari":{"3.1":0,"3.2":0,"4":0.011266,"5":0.022532,"5.1":0.050697,"6":0.005633,"6.1":0.039431,"7":0.022532,"7.1":0.005633,"8":0.107027,"9":0.101394,"9.1":0.512603,"10":0.349246,"10.1":3.024921,"11":0.016899,"0":null},"ios_saf":{"3.2":0,"4.0-4.1":0,"4.2-4.3":0,"5.0-5.1":0,"6.0-6.1":0,"7.0-7.1":0.121323259471,"8":0,"8.1-8.4":0.0982140671909,"9.0-9.2":1.27389422445,"9.3":0.921479042173,"10.0-10.2":3.56170426019,"10.3":22.3119251465,"11":null},"android":{"2.1":0,"2.2":0,"2.3":0,"3":0,"4":0,"4.1":0.0510957070619,"4.2-4.3":0.131997243243,"4.4":0.365476238012,"4.4.3-4.4.4":0.265413811683,"56":null},"op_mob":{"10":null,"11":null,"11.1":null,"11.5":null,"12":null,"12.1":null,"0":null},"ie":{"5.5":0,"6":0,"7":0.00565142354865,"8":0.0621656590352,"9":0.107377047424,"10":0.141285588716,"11":6.59521128128},"edge":{"12":0.033798,"13":0.135192,"14":1.149132,"15":null,"16":null},"bb":{"7":0.0017468,"10":0.0069872},"samsung":{"4":0,"5":0},"ie_mob":{"10":0.0355256086957,"11":0.236837391304},"baidu":{"0":null},"and_ff":{"0":0.135377},"and_qq":{"1.2":null},"and_uc":{"0":0.08734},"op_mini":{"0":0.122637506623},"and_chr":{"0":17.647032}},"total":92.0006325066}