{"id":"SI","name":"Slovenia","month":"2017-08","access_date":"2017-09-04","data":{"chrome":{"4":0,"5":0,"6":0,"7":0,"8":0,"9":0.006972,"10":0.006972,"11":0.020916,"12":0.006972,"13":0,"14":0.006972,"15":0.006972,"16":0.006972,"17":0,"18":0,"19":0.006972,"20":0.006972,"21":0.006972,"22":0.013944,"23":0.006972,"24":0.006972,"25":0.006972,"26":0.006972,"27":0,"28":0.006972,"29":0.027888,"30":0.013944,"31":0.027888,"32":0.006972,"33":0,"34":0.027888,"35":0.013944,"36":0.111552,"37":0.006972,"38":0.020916,"39":0.013944,"40":0.006972,"41":0.006972,"42":0.006972,"43":0.027888,"44":0.020916,"45":0.006972,"46":0.013944,"47":0.041832,"48":0.020916,"49":1.46412,"50":0.013944,"51":0.090636,"52":0.03486,"53":0.062748,"54":0.076692,"55":0.13944,"56":0.160356,"57":0.125496,"58":0.285852,"59":7.899276,"60":25.426884,"61":0.076692,"62":0.041832,"63":0},"firefox":{"2":0,"3":0.006972,"3.5":0,"3.6":0,"4":0.006972,"5":0.006972,"6":0.006972,"7":0.006972,"8":0.006972,"9":0.006972,"10":0.006972,"11":0.006972,"12":0.006972,"13":0.006972,"14":0.006972,"15":0,"16":0.006972,"17":0.03486,"18":0.006972,"19":0.006972,"20":0.006972,"21":0.006972,"22":0.006972,"23":0.006972,"24":0.006972,"25":0.006972,"26":0.006972,"27":0.006972,"28":0.020916,"29":0.006972,"30":0.013944,"31":0.055776,"32":0.006972,"33":0.013944,"34":0.013944,"35":0.006972,"36":0.013944,"37":0.020916,"38":0.027888,"39":0.013944,"40":0.013944,"41":0.013944,"42":0.013944,"43":0.06972,"44":0.013944,"45":0.062748,"46":0.006972,"47":0.111552,"48":0.153384,"49":0.13944,"50":0.132468,"51":0.153384,"52":1.261932,"53":0.167328,"54":8.847468,"55":3.430224,"56":0.03486,"57":0.013944,"58":0},"opera":{"9":0,"9.5-9.6":0,"10.0-10.1":0,"10.5":0,"10.6":0,"11":0,"11.1":0,"11.5":0,"11.6":0,"12":0,"12.1":0.083664,"15":0,"16":0,"17":0,"18":0,"19":0,"20":0,"21":0,"22":0,"23":0,"24":0,"25":0,"26":0,"27":0,"28":0,"29":0,"30":0,"31":0,"32":0,"33":0,"34":0.006972,"35":0,"36":0.027888,"37":0,"38":0,"39":0,"40":0,"41":0,"42":0.006972,"43":0.020916,"44":0,"45":0.006972,"46":0.59262,"47":0.55776,"48":0.006972,"49":0},"safari":{"3.1":0,"3.2":0,"4":0.006972,"5":0.006972,"5.1":0.041832,"6":0,"6.1":0.020916,"7":0.013944,"7.1":0.027888,"8":0.20916,"9":0.160356,"9.1":0.41832,"10":0.41832,"10.1":1.959132,"11":0.013944,"0":null},"ios_saf":{"3.2":0,"4.0-4.1":0,"4.2-4.3":0,"5.0-5.1":0,"6.0-6.1":0,"7.0-7.1":0.0304778899214,"8":0,"8.1-8.4":0.0246725775554,"9.0-9.2":0.320017844174,"9.3":0.231486830593,"10.0-10.2":0.894743768406,"10.3":5.60502908935,"11":null},"android":{"2.1":0,"2.2":0,"2.3":0,"3":0,"4":0,"4.1":0.0712364359198,"4.2-4.3":0.184027459459,"4.4":0.509538395815,"4.4.3-4.4.4":0.370033708806,"56":null},"op_mob":{"10":null,"11":null,"11.1":null,"11.5":null,"12":null,"12.1":null,"0":null},"ie":{"5.5":0,"6":0.014121369863,"7":0.00706068493151,"8":0.225941917808,"9":0.148274383562,"10":0.197699178082,"11":6.62292246575},"edge":{"12":0.055776,"13":0.10458,"14":0.759948,"15":null,"16":null},"bb":{"7":0.0048448,"10":0.0193792},"samsung":{"4":0,"5":0},"ie_mob":{"10":0.0355256086957,"11":0.236837391304},"baidu":{"0":null},"and_ff":{"0":0.024224},"and_qq":{"1.2":null},"and_uc":{"0":0.033308},"op_mini":{"0":0.136570821192},"and_chr":{"0":21.04238}},"total":94.0282858212}