{"id":"SK","name":"Slovakia (Slovak Republic)","month":"2017-08","access_date":"2017-09-04","data":{"chrome":{"4":null,"5":null,"6":null,"7":null,"8":null,"9":null,"10":null,"11":0.014014,"12":null,"13":null,"14":null,"15":null,"16":null,"17":null,"18":null,"19":null,"20":null,"21":null,"22":0.035035,"23":null,"24":null,"25":null,"26":0.014014,"27":0.007007,"28":null,"29":null,"30":null,"31":null,"32":null,"33":0.007007,"34":0.042042,"35":null,"36":0.028028,"37":0.021021,"38":0.035035,"39":0.021021,"40":0.014014,"41":null,"42":null,"43":0.077077,"44":0.035035,"45":0.007007,"46":0.028028,"47":0.028028,"48":0.028028,"49":1.877876,"50":0.035035,"51":0.133133,"52":0.014014,"53":0.056056,"54":0.063063,"55":0.21021,"56":0.126126,"57":0.133133,"58":0.427427,"59":9.060051,"60":27.299272,"61":0.063063,"62":0.028028,"63":null},"firefox":{"2":null,"3":null,"3.5":null,"3.6":0.007007,"4":null,"5":null,"6":null,"7":null,"8":null,"9":null,"10":null,"11":null,"12":0.014014,"13":null,"14":null,"15":0.014014,"16":0.014014,"17":null,"18":null,"19":null,"20":null,"21":null,"22":null,"23":null,"24":null,"25":null,"26":null,"27":null,"28":0.007007,"29":null,"30":null,"31":0.014014,"32":null,"33":0.028028,"34":0.028028,"35":null,"36":0.014014,"37":1.205204,"38":0.084084,"39":0.021021,"40":0.014014,"41":0.014014,"42":0.014014,"43":0.077077,"44":0.014014,"45":0.091091,"46":0.014014,"47":0.133133,"48":0.21021,"49":0.049049,"50":0.161161,"51":0.112112,"52":1.569568,"53":0.203203,"54":8.177169,"55":3.146143,"56":0.035035,"57":0.007007,"58":null},"opera":{"9":null,"9.5-9.6":null,"10.0-10.1":0,"10.5":null,"10.6":null,"11":null,"11.1":null,"11.5":null,"11.6":null,"12":null,"12.1":0.168168,"15":null,"16":null,"17":null,"18":null,"19":null,"20":null,"21":null,"22":null,"23":null,"24":null,"25":null,"26":null,"27":null,"28":null,"29":null,"30":null,"31":null,"32":null,"33":null,"34":0.007007,"35":null,"36":0.21021,"37":0.007007,"38":null,"39":0.014014,"40":null,"41":0.014014,"42":0.126126,"43":0.014014,"44":null,"45":0.028028,"46":1.996995,"47":1.982981,"48":0.014014,"49":null},"safari":{"3.1":null,"3.2":null,"4":0,"5":0.014014,"5.1":0.056056,"6":null,"6.1":0.014014,"7":null,"7.1":null,"8":0.042042,"9":0.077077,"9.1":0.196196,"10":0.189189,"10.1":1.674673,"11":0.042042,"0":null},"ios_saf":{"3.2":0,"4.0-4.1":0,"4.2-4.3":0,"5.0-5.1":0,"6.0-6.1":0,"7.0-7.1":0.0205380986419,"8":0,"8.1-8.4":0.016626079853,"9.0-9.2":0.21565003574,"9.3":0.155991749209,"10.0-10.2":0.602939895844,"10.3":3.77705414071,"11":null},"android":{"2.1":0,"2.2":0,"2.3":0,"3":0,"4":0,"4.1":0.0653815239756,"4.2-4.3":0.16890227027,"4.4":0.46765951177,"4.4.3-4.4.4":0.339620693984,"56":null},"op_mob":{"10":null,"11":null,"11.1":null,"11.5":null,"12":null,"12.1":null,"0":null},"ie":{"5.5":null,"6":null,"7":null,"8":0.212239054054,"9":0.0848956216216,"10":0.113194162162,"11":3.25433216216},"edge":{"12":0.028028,"13":0.091091,"14":0.889889,"15":null,"16":null},"bb":{"7":0.0113734,"10":0.0454936},"samsung":{"4":0.66417929703,"5":1.49975970297},"ie_mob":{"10":0.0355256086957,"11":0.236837391304},"baidu":{"0":null},"and_ff":{"0":0.050881},"and_qq":{"1.2":null},"and_uc":{"0":0.155636},"op_mini":{"0":0.44827607947},"and_chr":{"0":20.976274}},"total":96.9765550795}