{"id":"SL","name":"Sierra Leone","month":"2017-08","access_date":"2017-09-04","data":{"chrome":{"4":0,"5":0,"6":0,"7":0,"8":0,"9":0,"10":0.002483,"11":0.009932,"12":0,"13":0,"14":0,"15":0.007449,"16":0,"17":0,"18":0.002483,"19":0.002483,"20":0.002483,"21":0,"22":0.014898,"23":0,"24":0,"25":0.002483,"26":0.02483,"27":0.002483,"28":0.004966,"29":0.004966,"30":0.004966,"31":0.044694,"32":0.002483,"33":0.004966,"34":0.002483,"35":0,"36":0.007449,"37":0,"38":0.012415,"39":0.002483,"40":0.111735,"41":0.002483,"42":0.004966,"43":0.419627,"44":0.002483,"45":0.034762,"46":0.014898,"47":0.017381,"48":0.004966,"49":0.089388,"50":0.014898,"51":0.052143,"52":0.007449,"53":0.039728,"54":0.014898,"55":0.270647,"56":0.054626,"57":0.079456,"58":0.208572,"59":1.767896,"60":5.204368,"61":0.072007,"62":0.004966,"63":0},"firefox":{"2":0,"3":0.004966,"3.5":0,"3.6":0.009932,"4":0.009932,"5":0.002483,"6":0.002483,"7":0,"8":0.004966,"9":0.002483,"10":0.004966,"11":0.017381,"12":0.027313,"13":0.022347,"14":0.004966,"15":0.009932,"16":0.012415,"17":0.022347,"18":0.007449,"19":0.002483,"20":0.022347,"21":0.002483,"22":0.004966,"23":0.002483,"24":0.009932,"25":0.029796,"26":0.004966,"27":0.004966,"28":0,"29":0.002483,"30":0.034762,"31":0.004966,"32":0.002483,"33":0.037245,"34":0.012415,"35":0.019864,"36":0.004966,"37":0.004966,"38":0.012415,"39":0.004966,"40":0.019864,"41":0.014898,"42":0.004966,"43":0.144014,"44":0.156429,"45":0.081939,"46":0.019864,"47":0.270647,"48":0.094354,"49":0.079456,"50":0.012415,"51":0.042211,"52":0.265681,"53":0.089388,"54":3.265145,"55":1.330888,"56":0.330239,"57":0,"58":0},"opera":{"9":0,"9.5-9.6":0,"10.0-10.1":0.002483,"10.5":0.004966,"10.6":0,"11":0.002483,"11.1":0,"11.5":0.002483,"11.6":0.012415,"12":0.004966,"12.1":0.039728,"15":0,"16":0.002483,"17":0.002483,"18":0,"19":0,"20":0,"21":0,"22":0,"23":0,"24":0,"25":0,"26":0.004966,"27":0,"28":0.002483,"29":0.002483,"30":0,"31":0.002483,"32":0,"33":0,"34":0.002483,"35":0.012415,"36":0.014898,"37":0.002483,"38":0,"39":0,"40":0.004966,"41":0,"42":0.034762,"43":0.009932,"44":0.007449,"45":0.019864,"46":0.628199,"47":0.62075,"48":0,"49":0},"safari":{"3.1":0,"3.2":0,"4":0,"5":0,"5.1":0.007449,"6":0,"6.1":0,"7":0.002483,"7.1":0,"8":0.014898,"9":0.019864,"9.1":0.019864,"10":0.02483,"10.1":0.437008,"11":0,"0":null},"ios_saf":{"3.2":0,"4.0-4.1":0,"4.2-4.3":0,"5.0-5.1":0,"6.0-6.1":0,"7.0-7.1":0.00860483631165,"8":0,"8.1-8.4":0.00696581987134,"9.0-9.2":0.0903507812723,"9.3":0.0653557805575,"10.0-10.2":0.252613408863,"10.3":1.58247037312,"11":null},"android":{"2.1":0,"2.2":0,"2.3":0,"3":0,"4":0,"4.1":0.127176104621,"4.2-4.3":0.32853827027,"4.4":0.909662414996,"4.4.3-4.4.4":0.660609210113,"56":null},"op_mob":{"10":null,"11":null,"11.1":null,"11.5":null,"12":null,"12.1":null,"0":null},"ie":{"5.5":0,"6":0,"7":0,"8":0.209085724138,"9":0.00995646305419,"10":0.144368714286,"11":1.6453055197},"edge":{"12":0.245817,"13":0.283062,"14":0.697723,"15":null,"16":null},"bb":{"7":0.105238,"10":0.420952},"samsung":{"4":0,"5":0},"ie_mob":{"10":0.0465008695652,"11":0.220879130435},"baidu":{"0":null},"and_ff":{"0":0.007517},"and_qq":{"1.2":null},"and_uc":{"0":7.186252},"op_mini":{"0":44.4073993311},"and_chr":{"0":11.137849}},"total":88.0446877523}