{"id":"SM","name":"San Marino","month":"2017-08","access_date":"2017-09-04","data":{"chrome":{"4":0,"5":0,"6":0,"7":0,"8":0,"9":0,"10":0.048774,"11":0.008129,"12":1.763993,"13":0,"14":0.048774,"15":0,"16":0,"17":0.73161,"18":0,"19":0,"20":0,"21":0,"22":0.138193,"23":0,"24":0.016258,"25":0,"26":0.016258,"27":0,"28":0,"29":0.073161,"30":0,"31":0,"32":0,"33":0.227612,"34":0.016258,"35":0,"36":0.008129,"37":0,"38":0.040645,"39":0.016258,"40":0.024387,"41":0,"42":0,"43":0.008129,"44":0,"45":0.024387,"46":0,"47":0,"48":0,"49":2.35741,"50":0.016258,"51":0.024387,"52":0.008129,"53":0.008129,"54":0,"55":0.121935,"56":0.113806,"57":0.113806,"58":0.284515,"59":10.624603,"60":26.150993,"61":0.065032,"62":0.008129,"63":0},"firefox":{"2":0,"3":0,"3.5":0.08129,"3.6":0.235741,"4":0,"5":0,"6":0,"7":0,"8":0,"9":0,"10":0.008129,"11":0.186967,"12":0,"13":0,"14":0,"15":0,"16":0,"17":0,"18":0,"19":0,"20":0,"21":0.113806,"22":0.008129,"23":0.203225,"24":0.048774,"25":0.024387,"26":0,"27":0,"28":0,"29":0,"30":0,"31":0,"32":0,"33":0,"34":0,"35":0,"36":0,"37":0.008129,"38":0,"39":0,"40":0,"41":0.008129,"42":0,"43":0.016258,"44":0.008129,"45":0.048774,"46":0.008129,"47":0.073161,"48":0.105677,"49":0.056903,"50":0.040645,"51":0.032516,"52":1.21935,"53":0.008129,"54":8.730546,"55":2.349281,"56":0,"57":0,"58":0},"opera":{"9":0,"9.5-9.6":0,"10.0-10.1":0,"10.5":0,"10.6":0,"11":0,"11.1":0,"11.5":0,"11.6":0,"12":0,"12.1":0.398321,"15":0,"16":0,"17":0,"18":0,"19":0,"20":0,"21":0,"22":0,"23":0,"24":0,"25":0,"26":0,"27":0,"28":0,"29":0,"30":0,"31":0,"32":0,"33":0,"34":0,"35":0,"36":0,"37":0,"38":0,"39":0,"40":0,"41":0,"42":0,"43":0.008129,"44":0,"45":0,"46":0.512127,"47":0.617804,"48":0,"49":0},"safari":{"3.1":0,"3.2":0,"4":0,"5":0.073161,"5.1":0.16258,"6":0.008129,"6.1":0.048774,"7":0.008129,"7.1":0,"8":0.040645,"9":0.073161,"9.1":0.56903,"10":0.430837,"10.1":3.763727,"11":0,"0":null},"ios_saf":{"3.2":0,"4.0-4.1":0,"4.2-4.3":0,"5.0-5.1":0,"6.0-6.1":0,"7.0-7.1":0.0421039556826,"8":0,"8.1-8.4":0.0340841546002,"9.0-9.2":0.442091534668,"9.3":0.319789568161,"10.0-10.2":1.23605184183,"10.3":7.74311794506,"11":null},"android":{"2.1":0,"2.2":0,"2.3":0,"3":0,"4":0,"4.1":0.0250199686138,"4.2-4.3":0.0646349189189,"4.4":0.178962275501,"4.4.3-4.4.4":0.129964836966,"56":null},"op_mob":{"10":null,"11":null,"11.1":null,"11.5":null,"12":null,"12.1":null,"0":null},"ie":{"5.5":0,"6":0,"7":0,"8":4.479079,"9":0.438966,"10":0.154451,"11":4.804239},"edge":{"12":0.024387,"13":0.032516,"14":0.755997,"15":null,"16":null},"bb":{"7":0.0007484,"10":0.0029936},"samsung":{"4":0,"5":0},"ie_mob":{"10":0.0465008695652,"11":0.220879130435},"baidu":{"0":null},"and_ff":{"0":0.005613},"and_qq":{"1.2":null},"and_uc":{"0":0.013097},"op_mini":{"0":0.0191065033113},"and_chr":{"0":10.797654}},"total":95.4588935033}