{"id":"SN","name":"Senegal","month":"2017-08","access_date":"2017-09-04","data":{"chrome":{"4":0.003816,"5":0.007632,"6":0.015264,"7":0.003816,"8":0,"9":0.003816,"10":0.003816,"11":0.072504,"12":0.015264,"13":0.015264,"14":0.011448,"15":0.011448,"16":0.05724,"17":0.030528,"18":0.011448,"19":0.011448,"20":0.007632,"21":0,"22":0.007632,"23":0.003816,"24":0.003816,"25":0.003816,"26":0.011448,"27":0.003816,"28":0.01908,"29":0.015264,"30":0.034344,"31":0.015264,"32":0.026712,"33":0.015264,"34":0.011448,"35":0.007632,"36":0.083952,"37":0.003816,"38":0.01908,"39":0.01908,"40":0.007632,"41":0.007632,"42":0.007632,"43":0.160272,"44":0.011448,"45":0.034344,"46":0.007632,"47":0.080136,"48":0.022896,"49":0.854784,"50":0.034344,"51":0.03816,"52":0.041976,"53":0.022896,"54":0.072504,"55":0.530424,"56":0.091584,"57":0.255672,"58":0.335808,"59":4.418928,"60":12.642408,"61":0.045792,"62":0.01908,"63":0},"firefox":{"2":0.003816,"3":0.026712,"3.5":0.022896,"3.6":0.01908,"4":0.003816,"5":0.003816,"6":0.003816,"7":0,"8":0.007632,"9":0,"10":0.011448,"11":0.007632,"12":0.03816,"13":0.003816,"14":0.007632,"15":0.045792,"16":0.011448,"17":0.003816,"18":0.003816,"19":0.003816,"20":0.003816,"21":0.034344,"22":0.003816,"23":0.007632,"24":0,"25":0.003816,"26":0.003816,"27":0.007632,"28":0.003816,"29":0.007632,"30":0.015264,"31":0.011448,"32":0.011448,"33":0.01908,"34":0.011448,"35":0.072504,"36":0.030528,"37":0.05724,"38":0.05724,"39":0.01908,"40":0.01908,"41":0.01908,"42":0.030528,"43":0.160272,"44":0.026712,"45":0.041976,"46":0.022896,"47":0.26712,"48":0.186984,"49":0.167904,"50":0.0954,"51":0.118296,"52":0.454104,"53":0.0954,"54":4.632624,"55":1.446264,"56":0.049608,"57":0.007632,"58":0},"opera":{"9":0,"9.5-9.6":0,"10.0-10.1":0,"10.5":0,"10.6":0,"11":0,"11.1":0,"11.5":0,"11.6":0,"12":0,"12.1":0.011448,"15":0,"16":0,"17":0,"18":0,"19":0,"20":0,"21":0,"22":0,"23":0,"24":0,"25":0,"26":0,"27":0.003816,"28":0,"29":0,"30":0,"31":0.003816,"32":0.003816,"33":0.003816,"34":0.026712,"35":0,"36":0.034344,"37":0.011448,"38":0.007632,"39":0,"40":0.011448,"41":0.007632,"42":0.01908,"43":0.007632,"44":0.011448,"45":0.030528,"46":0.477,"47":0.404496,"48":0.003816,"49":0},"safari":{"3.1":0,"3.2":0,"4":0.007632,"5":0.026712,"5.1":0.022896,"6":0.015264,"6.1":0.022896,"7":0.026712,"7.1":0.003816,"8":0.05724,"9":0.03816,"9.1":0.217512,"10":0.141192,"10.1":0.595296,"11":0,"0":null},"ios_saf":{"3.2":0,"4.0-4.1":0,"4.2-4.3":0,"5.0-5.1":0,"6.0-6.1":0,"7.0-7.1":0.0281286518942,"8":0,"8.1-8.4":0.0227708134382,"9.0-9.2":0.295350844889,"9.3":0.213643808435,"10.0-10.2":0.825776852037,"10.3":5.17299302931,"11":null},"android":{"2.1":0,"2.2":0,"2.3":0,"3":0,"4":0,"4.1":0.424062047079,"4.2-4.3":1.09549362162,"4.4":3.03322158675,"4.4.3-4.4.4":2.20276674455,"56":null},"op_mob":{"10":null,"11":null,"11.1":null,"11.5":null,"12":null,"12.1":null,"0":null},"ie":{"5.5":0,"6":0.003816,"7":0.007632,"8":0.141192,"9":0.05724,"10":0.164088,"11":1.629432},"edge":{"12":0.141192,"13":0.183168,"14":0.320544,"15":null,"16":null},"bb":{"7":0.0395776,"10":0.1583104},"samsung":{"4":0,"5":0},"ie_mob":{"10":0.0465008695652,"11":0.220879130435},"baidu":{"0":null},"and_ff":{"0":0.476168},"and_qq":{"1.2":null},"and_uc":{"0":0.735896},"op_mini":{"0":2.92597393377},"and_chr":{"0":40.100488}},"total":91.7056499338}