{"id":"SO","name":"Somalia","month":"2017-08","access_date":"2017-09-04","data":{"chrome":{"4":0,"5":0.001388,"6":0,"7":0,"8":0,"9":0.008328,"10":0.001388,"11":0.015268,"12":0,"13":0,"14":0,"15":0,"16":0,"17":0.001388,"18":0.002776,"19":0,"20":0.018044,"21":0.037476,"22":0.001388,"23":0.016656,"24":0,"25":0.008328,"26":0.015268,"27":0.001388,"28":0.002776,"29":0.005552,"30":0.011104,"31":0.030536,"32":0.004164,"33":0.099936,"34":0.004164,"35":0.002776,"36":0.054132,"37":0.001388,"38":0.008328,"39":0.016656,"40":0.019432,"41":0.019432,"42":0.001388,"43":1.604528,"44":0.002776,"45":0.018044,"46":0.005552,"47":0.008328,"48":0.002776,"49":0.087444,"50":0.009716,"51":0.015268,"52":0.002776,"53":0.008328,"54":0.022208,"55":0.1388,"56":0.036088,"57":0.051356,"58":0.113816,"59":1.460176,"60":4.92046,"61":0.043028,"62":0.022208,"63":0},"firefox":{"2":0,"3":0.081892,"3.5":0.001388,"3.6":0.002776,"4":0.001388,"5":0,"6":0,"7":0,"8":0.001388,"9":0,"10":0,"11":0.004164,"12":0.001388,"13":0.001388,"14":0,"15":0.002776,"16":0,"17":0,"18":0.005552,"19":0.001388,"20":0.001388,"21":0,"22":0.004164,"23":0.004164,"24":0.002776,"25":0.002776,"26":0.00694,"27":0,"28":0,"29":0.016656,"30":0.011104,"31":0.002776,"32":0.002776,"33":0.002776,"34":0.005552,"35":0.001388,"36":0.009716,"37":0.022208,"38":0.012492,"39":0.005552,"40":0.001388,"41":0.002776,"42":0.005552,"43":0.036088,"44":0.018044,"45":0.00694,"46":0.00694,"47":0.044416,"48":0.019432,"49":0.012492,"50":0.008328,"51":0.02776,"52":0.045804,"53":0.02776,"54":0.796712,"55":0.399744,"56":0.098548,"57":0,"58":0},"opera":{"9":0,"9.5-9.6":0,"10.0-10.1":0,"10.5":0,"10.6":0,"11":0,"11.1":0,"11.5":0,"11.6":0,"12":0.001388,"12.1":0.002776,"15":0,"16":0.001388,"17":0,"18":0,"19":0,"20":0,"21":0,"22":0.001388,"23":0,"24":0,"25":0,"26":0,"27":0.002776,"28":0.001388,"29":0,"30":0,"31":0,"32":0,"33":0.004164,"34":0.002776,"35":0.001388,"36":0.004164,"37":0.002776,"38":0.001388,"39":0,"40":0.001388,"41":0,"42":0.00694,"43":0.001388,"44":0.001388,"45":0.022208,"46":0.308136,"47":0.176276,"48":0.002776,"49":0},"safari":{"3.1":0,"3.2":0,"4":0.005552,"5":0,"5.1":0.001388,"6":0,"6.1":0.001388,"7":0.005552,"7.1":0,"8":0.001388,"9":0.004164,"9.1":0.011104,"10":0.030536,"10.1":0.223468,"11":0,"0":null},"ios_saf":{"3.2":0,"4.0-4.1":0,"4.2-4.3":0,"5.0-5.1":0,"6.0-6.1":0,"7.0-7.1":0.00743365260901,"8":0,"8.1-8.4":0.00601771877872,"9.0-9.2":0.0780533523946,"9.3":0.0564603614827,"10.0-10.2":0.218230801593,"10.3":1.36708411314,"11":null},"android":{"2.1":0,"2.2":0,"2.3":0,"3":0,"4":0,"4.1":0.264400823017,"4.2-4.3":0.683035459459,"4.4":1.8912003313,"4.4.3-4.4.4":1.37341538622,"56":null},"op_mob":{"10":null,"11":null,"11.1":null,"11.5":null,"12":null,"12.1":null,"0":null},"ie":{"5.5":0,"6":0,"7":0,"8":0.024984,"9":0.002776,"10":0.019432,"11":0.292868},"edge":{"12":0.109652,"13":0.047192,"14":0.108264,"15":null,"16":null},"bb":{"7":0.0155016,"10":0.0620064},"samsung":{"4":0,"5":0},"ie_mob":{"10":0.0355256086957,"11":0.236837391304},"baidu":{"0":null},"and_ff":{"0":0.008612},"and_qq":{"1.2":null},"and_uc":{"0":34.654688},"op_mini":{"0":10.8245710861},"and_chr":{"0":30.567044}},"total":94.5520260861}