{"id":"ST","name":"Sao Tome and Principe","month":"2017-08","access_date":"2017-09-04","data":{"chrome":{"4":0,"5":0,"6":0,"7":0,"8":0,"9":0,"10":0,"11":0,"12":0,"13":0,"14":0.005557,"15":0,"16":0.044456,"17":0,"18":0,"19":0,"20":0,"21":0,"22":0.005557,"23":0,"24":0,"25":0,"26":0.05557,"27":0,"28":0,"29":0.011114,"30":0.005557,"31":0.044456,"32":0,"33":0.038899,"34":0.005557,"35":0,"36":0.211166,"37":0,"38":0.044456,"39":0.011114,"40":0.105583,"41":0,"42":0.011114,"43":6.44612,"44":0,"45":0.011114,"46":0.033342,"47":0.005557,"48":0.066684,"49":0.933576,"50":0.061127,"51":0.044456,"52":0.005557,"53":0.005557,"54":0.022228,"55":1.411478,"56":0.088912,"57":0.116697,"58":0.400104,"59":6.423892,"60":21.011017,"61":0.011114,"62":0.044456,"63":0},"firefox":{"2":0,"3":0,"3.5":0,"3.6":0,"4":0,"5":0,"6":0,"7":0,"8":0,"9":0,"10":0,"11":0.088912,"12":0,"13":0,"14":0,"15":0,"16":0,"17":0,"18":0,"19":0,"20":0,"21":0.005557,"22":0,"23":0,"24":0.016671,"25":0,"26":0,"27":0,"28":0.038899,"29":0,"30":0,"31":0,"32":0,"33":0,"34":0,"35":0.005557,"36":0,"37":0,"38":0,"39":0,"40":0.005557,"41":0.022228,"42":0.005557,"43":0.016671,"44":0,"45":0.022228,"46":0,"47":0.022228,"48":0.005557,"49":0.016671,"50":0,"51":0,"52":0.311192,"53":0.122254,"54":3.139705,"55":0.72241,"56":0,"57":0,"58":0},"opera":{"9":0,"9.5-9.6":0,"10.0-10.1":0,"10.5":0,"10.6":0,"11":0,"11.1":0,"11.5":0,"11.6":0,"12":0,"12.1":0,"15":0,"16":0,"17":0,"18":0,"19":0,"20":0,"21":0,"22":0,"23":0,"24":0,"25":0,"26":0,"27":0,"28":0.016671,"29":0,"30":0,"31":0,"32":0,"33":0,"34":0.005557,"35":0,"36":0.044456,"37":0,"38":0,"39":0.038899,"40":0,"41":0.005557,"42":0.011114,"43":0,"44":0,"45":0,"46":0.255622,"47":0.739081,"48":0,"49":0},"safari":{"3.1":0,"3.2":0,"4":0,"5":0,"5.1":0.005557,"6":0,"6.1":0.005557,"7":0,"7.1":0,"8":0.016671,"9":0.005557,"9.1":0.022228,"10":0.088912,"10.1":1.050273,"11":0,"0":null},"ios_saf":{"3.2":0,"4.0-4.1":0,"4.2-4.3":0,"5.0-5.1":0,"6.0-6.1":0,"7.0-7.1":0.0142702902073,"8":0,"8.1-8.4":0.0115521396916,"9.0-9.2":0.149838047177,"9.3":0.108386251813,"10.0-10.2":0.418934948228,"10.3":2.62437432288,"11":null},"android":{"2.1":0,"2.2":0,"2.3":0,"3":0,"4":0,"4.1":0.367135595466,"4.2-4.3":0.948433621622,"4.4":2.62603932868,"4.4.3-4.4.4":1.90706545423,"56":null},"op_mob":{"10":null,"11":null,"11.1":null,"11.5":null,"12":null,"12.1":null,"0":null},"ie":{"5.5":0,"6":0.027785,"7":0,"8":0.105583,"9":0.011114,"10":0.933576,"11":1.900494},"edge":{"12":0.05557,"13":0.283407,"14":0.72241,"15":null,"16":null},"bb":{"7":0.0008886,"10":0.0035544},"samsung":{"4":0,"5":0},"ie_mob":{"10":0.0465008695652,"11":0.220879130435},"baidu":{"0":null},"and_ff":{"0":0.075531},"and_qq":{"1.2":null},"and_uc":{"0":3.37668},"op_mini":{"0":1.58044277483},"and_chr":{"0":32.703618}},"total":95.8467737748}