{"id":"SV","name":"El Salvador","month":"2017-08","access_date":"2017-09-04","data":{"chrome":{"4":0,"5":0,"6":0,"7":0.04344,"8":0,"9":0,"10":0,"11":0.01629,"12":0.00543,"13":0,"14":0,"15":0,"16":0,"17":0,"18":0,"19":0,"20":0,"21":0.00543,"22":0.03801,"23":0,"24":0,"25":0,"26":0.00543,"27":0.00543,"28":0,"29":0.00543,"30":0.01086,"31":0.01086,"32":0.00543,"33":0.00543,"34":0.01629,"35":0.01086,"36":0.03801,"37":0.01086,"38":0.03258,"39":0.02172,"40":0.01629,"41":0.00543,"42":0.00543,"43":0.04344,"44":0.02715,"45":0.01086,"46":0.01086,"47":0.02715,"48":0.01629,"49":1.10229,"50":0.01629,"51":0.06516,"52":0.02172,"53":0.03801,"54":0.06516,"55":0.1629,"56":0.19548,"57":0.58644,"58":0.60273,"59":6.6789,"60":28.21971,"61":0.0543,"62":0.03801,"63":0},"firefox":{"2":0,"3":0.04344,"3.5":0.00543,"3.6":0.00543,"4":0,"5":0,"6":0,"7":0,"8":0,"9":0,"10":0.00543,"11":0.00543,"12":0.00543,"13":0,"14":0,"15":0,"16":0.00543,"17":0,"18":0,"19":0,"20":0.01086,"21":0,"22":0.00543,"23":0,"24":0,"25":0,"26":0.00543,"27":0,"28":0.00543,"29":0.00543,"30":0.00543,"31":0.00543,"32":0,"33":0.00543,"34":0,"35":0.00543,"36":0.00543,"37":0.01086,"38":0.01086,"39":0.00543,"40":0.0543,"41":0.01086,"42":0.00543,"43":0.03801,"44":0.01086,"45":0.07059,"46":0.02715,"47":0.06516,"48":0.19548,"49":0.04344,"50":0.07602,"51":0.07059,"52":0.33123,"53":0.24435,"54":2.87247,"55":1.23804,"56":0.01629,"57":0,"58":0},"opera":{"9":0,"9.5-9.6":0,"10.0-10.1":0,"10.5":0,"10.6":0,"11":0,"11.1":0,"11.5":0,"11.6":0,"12":0,"12.1":0.00543,"15":0,"16":0,"17":0,"18":0,"19":0,"20":0,"21":0,"22":0,"23":0,"24":0,"25":0,"26":0,"27":0,"28":0.00543,"29":0.00543,"30":0,"31":0,"32":0,"33":0,"34":0.01086,"35":0,"36":0.01086,"37":0,"38":0,"39":0,"40":0.00543,"41":0,"42":0.00543,"43":0.00543,"44":0,"45":0.02172,"46":0.44526,"47":0.42897,"48":0,"49":0},"safari":{"3.1":0,"3.2":0,"4":0,"5":0.02715,"5.1":0.01086,"6":0,"6.1":0.00543,"7":0.00543,"7.1":0,"8":0.06516,"9":0.07602,"9.1":0.26607,"10":0.36381,"10.1":1.27062,"11":0.00543,"0":null},"ios_saf":{"3.2":0,"4.0-4.1":0,"4.2-4.3":0,"5.0-5.1":0,"6.0-6.1":0,"7.0-7.1":0.0142068763402,"8":0,"8.1-8.4":0.0115008046564,"9.0-9.2":0.149172201573,"9.3":0.107904608394,"10.0-10.2":0.417073298274,"10.3":2.61271221076,"11":null},"android":{"2.1":0,"2.2":0,"2.3":0,"3":0,"4":0,"4.1":0.213524254577,"4.2-4.3":0.551604324324,"4.4":1.52729154316,"4.4.3-4.4.4":1.10913987794,"56":null},"op_mob":{"10":null,"11":null,"11.1":null,"11.5":null,"12":null,"12.1":null,"0":null},"ie":{"5.5":0,"6":0,"7":0,"8":0.07059,"9":0.03801,"10":0.07059,"11":0.63531},"edge":{"12":0.04344,"13":0.07602,"14":0.31494,"15":null,"16":null},"bb":{"7":0.012796,"10":0.051184},"samsung":{"4":0,"5":0},"ie_mob":{"10":null,"11":null},"baidu":{"0":null},"and_ff":{"0":0.01828},"and_qq":{"1.2":null},"and_uc":{"0":1.59493},"op_mini":{"0":1.29893927152},"and_chr":{"0":38.34939}},"total":96.1657392715}