{"id":"SY","name":"Syrian Arab Republic","month":"2017-08","access_date":"2017-09-04","data":{"chrome":{"4":0,"5":0.002857,"6":0.002857,"7":0,"8":0.005714,"9":0,"10":0.002857,"11":0.019999,"12":0.005714,"13":0.008571,"14":0,"15":0.002857,"16":0.002857,"17":0.002857,"18":0.002857,"19":0.008571,"20":0.002857,"21":0,"22":0.002857,"23":0.002857,"24":0.002857,"25":0.008571,"26":0.008571,"27":0.014285,"28":0.008571,"29":0.019999,"30":0.002857,"31":0.048569,"32":0.031427,"33":0.042855,"34":0.014285,"35":0.002857,"36":0.017142,"37":0.031427,"38":0.042855,"39":0.022856,"40":0.019999,"41":0.005714,"42":0.005714,"43":0.459977,"44":0.025713,"45":0.014285,"46":0.011428,"47":0.048569,"48":0.017142,"49":0.431407,"50":0.02857,"51":0.054283,"52":0.031427,"53":0.051426,"54":0.034284,"55":0.445692,"56":0.102852,"57":0.22856,"58":0.328555,"59":3.148414,"60":9.605234,"61":0.034284,"62":0.022856,"63":0},"firefox":{"2":0,"3":0.017142,"3.5":0.002857,"3.6":0.022856,"4":0.005714,"5":0.005714,"6":0.002857,"7":0,"8":0.002857,"9":0,"10":0.005714,"11":0.002857,"12":0.008571,"13":0.002857,"14":0.002857,"15":0.008571,"16":0.002857,"17":0.002857,"18":0.002857,"19":0.014285,"20":0.002857,"21":0.005714,"22":0.017142,"23":0.005714,"24":0.005714,"25":0.008571,"26":0.008571,"27":0.002857,"28":0.008571,"29":0.022856,"30":0.011428,"31":0.011428,"32":0.011428,"33":0.008571,"34":0.011428,"35":0.045712,"36":0.042855,"37":0.037141,"38":0.042855,"39":0.017142,"40":0.025713,"41":0.025713,"42":0.008571,"43":0.108566,"44":0.019999,"45":0.045712,"46":0.019999,"47":0.31427,"48":0.202847,"49":0.134279,"50":0.088567,"51":0.042855,"52":0.508546,"53":0.17142,"54":3.805524,"55":1.234224,"56":0.088567,"57":0,"58":0},"opera":{"9":0,"9.5-9.6":0,"10.0-10.1":0,"10.5":0,"10.6":0,"11":0,"11.1":0,"11.5":0,"11.6":0.005714,"12":0.002857,"12.1":0.014285,"15":0,"16":0,"17":0,"18":0,"19":0,"20":0,"21":0,"22":0,"23":0,"24":0,"25":0,"26":0,"27":0,"28":0.002857,"29":0,"30":0,"31":0,"32":0,"33":0,"34":0,"35":0.002857,"36":0.062854,"37":0,"38":0.002857,"39":0,"40":0.002857,"41":0,"42":0.008571,"43":0.002857,"44":0,"45":0.005714,"46":0.419979,"47":0.42855,"48":0.002857,"49":0},"safari":{"3.1":0,"3.2":0,"4":0.002857,"5":0.002857,"5.1":0,"6":0,"6.1":0.008571,"7":0.008571,"7.1":0,"8":0.002857,"9":0.014285,"9.1":0.02857,"10":0.054283,"10.1":0.074282,"11":0.002857,"0":null},"ios_saf":{"3.2":0,"4.0-4.1":0,"4.2-4.3":0,"5.0-5.1":0,"6.0-6.1":0,"7.0-7.1":0.0113040428878,"8":0,"8.1-8.4":0.00915089186153,"9.0-9.2":0.118692450322,"9.3":0.0858568971714,"10.0-10.2":0.33185440192,"10.3":2.07886731584,"11":null},"android":{"2.1":0,"2.2":0,"2.3":0,"3":0,"4":0,"4.1":0.911109279861,"4.2-4.3":2.35369897297,"4.4":6.51696221011,"4.4.3-4.4.4":4.73270653705,"56":null},"op_mob":{"10":null,"11":null,"11.1":null,"11.5":null,"12":null,"12.1":null,"0":null},"ie":{"5.5":0,"6":0.014690248227,"7":0.00587609929078,"8":0.182159078014,"9":0.052884893617,"10":0.0323185460993,"11":0.540601134752},"edge":{"12":0.02857,"13":0.054283,"14":0.079996,"15":null,"16":null},"bb":{"7":0.0014286,"10":0.0057144},"samsung":{"4":0,"5":0},"ie_mob":{"10":0.0355256086957,"11":0.236837391304},"baidu":{"0":null},"and_ff":{"0":0.021429},"and_qq":{"1.2":null},"and_uc":{"0":3.521499},"op_mini":{"0":3.73836710265},"and_chr":{"0":41.976503}},"total":91.6862571026}