{"id":"SZ","name":"Swaziland","month":"2017-08","access_date":"2017-09-04","data":{"chrome":{"4":0.003011,"5":0,"6":0,"7":0,"8":0,"9":0,"10":0,"11":0.018066,"12":0,"13":0,"14":0,"15":0,"16":0.003011,"17":0,"18":0.012044,"19":0.006022,"20":0.003011,"21":0,"22":0,"23":0,"24":0,"25":0.003011,"26":0.003011,"27":0,"28":0.006022,"29":0.003011,"30":0.003011,"31":0.015055,"32":0.009033,"33":0.03011,"34":0.003011,"35":0.009033,"36":0.009033,"37":0,"38":0.006022,"39":0.006022,"40":0.054198,"41":0.006022,"42":0.003011,"43":0.039143,"44":0.003011,"45":0.012044,"46":0,"47":0.003011,"48":0.012044,"49":0.213781,"50":0.018066,"51":0.018066,"52":0.03011,"53":0.063231,"54":0.015055,"55":0.099363,"56":0.033121,"57":0.096352,"58":0.186682,"59":2.315459,"60":6.597101,"61":0.003011,"62":0.003011,"63":0},"firefox":{"2":0,"3":0.003011,"3.5":0.003011,"3.6":0.003011,"4":0,"5":0,"6":0,"7":0,"8":0,"9":0,"10":0.003011,"11":0.003011,"12":0.003011,"13":0,"14":0.003011,"15":0.006022,"16":0.003011,"17":0.006022,"18":0,"19":0,"20":0,"21":0.012044,"22":0.003011,"23":0.012044,"24":0.009033,"25":0.006022,"26":0.021077,"27":0,"28":0.003011,"29":0,"30":0.003011,"31":0.126462,"32":0,"33":0.006022,"34":0,"35":0.012044,"36":0.006022,"37":0.003011,"38":0.039143,"39":0.006022,"40":0.003011,"41":0.659409,"42":0,"43":0.06022,"44":0.078286,"45":0.036132,"46":0.042154,"47":0.328199,"48":0.075275,"49":0.042154,"50":0.093341,"51":0.009033,"52":0.334221,"53":0.042154,"54":4.651995,"55":0.644354,"56":0.138506,"57":0.003011,"58":0},"opera":{"9":0,"9.5-9.6":0,"10.0-10.1":0,"10.5":0,"10.6":0,"11":0,"11.1":0,"11.5":0,"11.6":0,"12":0,"12.1":0.081297,"15":0,"16":0,"17":0,"18":0.006022,"19":0,"20":0.003011,"21":0.003011,"22":0.003011,"23":0,"24":0,"25":0,"26":0,"27":0,"28":0.003011,"29":0.003011,"30":0,"31":0,"32":0,"33":0,"34":0.009033,"35":0.009033,"36":0.009033,"37":0.006022,"38":0.003011,"39":0,"40":0,"41":0,"42":0.021077,"43":0.006022,"44":0.012044,"45":0.015055,"46":0.66242,"47":0.761783,"48":0,"49":0},"safari":{"3.1":0,"3.2":0,"4":0,"5":0,"5.1":0.006022,"6":0.054198,"6.1":0.006022,"7":0,"7.1":0,"8":0,"9":0.228836,"9.1":0.045165,"10":0.12044,"10.1":0.249913,"11":0,"0":null},"ios_saf":{"3.2":0,"4.0-4.1":0,"4.2-4.3":0,"5.0-5.1":0,"6.0-6.1":0,"7.0-7.1":0.0070247305218,"8":0,"8.1-8.4":0.00568668661289,"9.0-9.2":0.0737596704789,"9.3":0.053354500868,"10.0-10.2":0.206226017461,"10.3":1.29188139406,"11":null},"android":{"2.1":0,"2.2":0,"2.3":0,"3":0,"4":0,"4.1":0.244522859634,"4.2-4.3":0.631684054054,"4.4":1.74901767655,"4.4.3-4.4.4":1.27016040976,"56":null},"op_mob":{"10":null,"11":null,"11.1":null,"11.5":null,"12":null,"12.1":null,"0":null},"ie":{"5.5":0,"6":0,"7":0.00309082767191,"8":0.259629524441,"9":0.169995521955,"10":0.237993730737,"11":3.05682856752},"edge":{"12":0.267979,"13":0.277012,"14":0.286045,"15":null,"16":null},"bb":{"7":0.1062328,"10":0.4249312},"samsung":{"4":0,"5":0},"ie_mob":{"10":0.0355256086957,"11":0.236837391304},"baidu":{"0":null},"and_ff":{"0":0.006989},"and_qq":{"1.2":null},"and_uc":{"0":2.16659},"op_mini":{"0":40.3425213874},"and_chr":{"0":12.480929}},"total":85.7409605597}