{"id":"TC","name":"Turks and Caicos Islands","month":"2017-08","access_date":"2017-09-04","data":{"chrome":{"4":0,"5":0,"6":0,"7":0,"8":0,"9":0,"10":0,"11":0.006195,"12":0,"13":0,"14":0,"15":0,"16":0,"17":0,"18":0,"19":0,"20":0,"21":0,"22":0,"23":0,"24":0,"25":0,"26":0,"27":0,"28":0,"29":0,"30":0,"31":0,"32":0,"33":0,"34":0,"35":0.006195,"36":2.06913,"37":0,"38":0.01239,"39":0,"40":0,"41":0,"42":0,"43":0.452235,"44":0.03717,"45":0,"46":0.006195,"47":0.006195,"48":0,"49":0.923055,"50":0.04956,"51":0.03717,"52":0.018585,"53":0.018585,"54":0.02478,"55":0.17346,"56":0.03717,"57":0.07434,"58":0.11151,"59":6.411825,"60":20.016045,"61":0.08673,"62":0.030975,"63":0},"firefox":{"2":0,"3":0,"3.5":0,"3.6":0,"4":0,"5":0,"6":0,"7":0,"8":0,"9":0,"10":0,"11":0.117705,"12":0,"13":0,"14":0,"15":0,"16":0,"17":0,"18":0,"19":0,"20":0,"21":0,"22":0,"23":0,"24":0,"25":0,"26":0,"27":0,"28":0,"29":0,"30":0,"31":0,"32":0,"33":0,"34":0,"35":0,"36":0,"37":0,"38":0,"39":0.018585,"40":0.01239,"41":0,"42":0.018585,"43":0.006195,"44":0,"45":0.030975,"46":0.02478,"47":0.02478,"48":0.04956,"49":0.043365,"50":0.030975,"51":0.030975,"52":0.043365,"53":0.03717,"54":1.72221,"55":1.022175,"56":0.018585,"57":0,"58":0},"opera":{"9":0,"9.5-9.6":0,"10.0-10.1":0,"10.5":0,"10.6":0,"11":0,"11.1":0,"11.5":0,"11.6":0,"12":0,"12.1":0,"15":0,"16":0,"17":0,"18":0,"19":0,"20":0,"21":0,"22":0,"23":0,"24":0,"25":0,"26":0,"27":0,"28":0,"29":0,"30":0,"31":0,"32":0.006195,"33":0,"34":0,"35":0,"36":0,"37":0.006195,"38":0.006195,"39":0.030975,"40":0,"41":0.03717,"42":0,"43":0,"44":0,"45":0,"46":0.142485,"47":0.17346,"48":0,"49":0},"safari":{"3.1":0,"3.2":0,"4":0,"5":0,"5.1":0,"6":0,"6.1":0.02478,"7":0.03717,"7.1":0,"8":0.018585,"9":0.03717,"9.1":0.39648,"10":0.28497,"10.1":2.211615,"11":0.01239,"0":null},"ios_saf":{"3.2":0,"4.0-4.1":0,"4.2-4.3":0,"5.0-5.1":0,"6.0-6.1":0,"7.0-7.1":0.0961345389564,"8":0,"8.1-8.4":0.0778231982028,"9.0-9.2":1.00941265904,"9.3":0.73016471255,"10.0-10.2":2.82223539365,"10.3":17.6795994976,"11":null},"android":{"2.1":0,"2.2":0,"2.3":0,"3":0,"4":0,"4.1":0.160151037489,"4.2-4.3":0.413723513514,"4.4":1.14552478204,"4.4.3-4.4.4":0.831895666957,"56":null},"op_mob":{"10":null,"11":null,"11.1":null,"11.5":null,"12":null,"12.1":null,"0":null},"ie":{"5.5":0,"6":0,"7":0.006195,"8":0.02478,"9":0.07434,"10":0.080535,"11":4.64625},"edge":{"12":0.043365,"13":0.38409,"14":2.01957,"15":null,"16":null},"bb":{"7":0.034245,"10":0.13698},"samsung":{"4":0,"5":0},"ie_mob":{"10":0.2454056,"11":0.4238824},"baidu":{"0":null},"and_ff":{"0":0.019025},"and_qq":{"1.2":null},"and_uc":{"0":0.47943},"op_mini":{"0":0.223424056291},"and_chr":{"0":21.055635}},"total":92.1515220563}