{"id":"TD","name":"Chad","month":"2017-08","access_date":"2017-09-04","data":{"chrome":{"4":0,"5":0,"6":0,"7":0,"8":0,"9":0,"10":0.00073,"11":0.0073,"12":0,"13":0,"14":0,"15":0,"16":0,"17":0.00073,"18":0.01387,"19":0,"20":0,"21":0,"22":0.00073,"23":0,"24":0.00146,"25":0,"26":0.03139,"27":0.00146,"28":0.00292,"29":0.00365,"30":0,"31":0,"32":0,"33":0,"34":0,"35":0.00073,"36":0,"37":0,"38":0.00146,"39":0,"40":0.00584,"41":0,"42":0.00073,"43":0.01095,"44":0,"45":0.04818,"46":0.00292,"47":0,"48":0,"49":0.01095,"50":0,"51":0.00146,"52":0.00365,"53":0,"54":0.00146,"55":0.00438,"56":0.01168,"57":0.0146,"58":0.03577,"59":0.28689,"60":0.85118,"61":0.00438,"62":0,"63":0},"firefox":{"2":0,"3":0.96068,"3.5":0.00219,"3.6":0,"4":0.00292,"5":0.00073,"6":0,"7":0.00073,"8":0.00365,"9":0,"10":0.00073,"11":0.00073,"12":0.01314,"13":0,"14":0,"15":0.00146,"16":0.0146,"17":0.01241,"18":0.00146,"19":0,"20":0.00073,"21":0.00073,"22":0.00584,"23":0,"24":0.00146,"25":0,"26":0.00073,"27":0.00146,"28":0.00146,"29":0.00657,"30":0.01168,"31":0.00949,"32":0.00073,"33":0.00365,"34":0.00073,"35":0.00219,"36":0,"37":0.00803,"38":0.00073,"39":0.00803,"40":0.00365,"41":0.00219,"42":0.00292,"43":0.02263,"44":0.00584,"45":0.00146,"46":0.00219,"47":0.05621,"48":0.02263,"49":0.00803,"50":0.00657,"51":0.00365,"52":0.01825,"53":0.01241,"54":0.66941,"55":0.38763,"56":0.03358,"57":0,"58":0},"opera":{"9":0,"9.5-9.6":0,"10.0-10.1":0,"10.5":0,"10.6":0.00073,"11":0.00292,"11.1":0,"11.5":0,"11.6":0.00146,"12":0.0073,"12.1":0.01168,"15":0,"16":0,"17":0.00073,"18":0.00146,"19":0.00292,"20":0.00146,"21":0.00073,"22":0,"23":0,"24":0,"25":0,"26":0,"27":0,"28":0.00292,"29":0.00073,"30":0,"31":0.00073,"32":0,"33":0,"34":0,"35":0,"36":0.00949,"37":0.00073,"38":0,"39":0,"40":0.00073,"41":0,"42":0.00073,"43":0.00803,"44":0,"45":0.00438,"46":0.70737,"47":0.5475,"48":0,"49":0},"safari":{"3.1":0,"3.2":0,"4":0,"5":0.00073,"5.1":0.00146,"6":0.00292,"6.1":0,"7":0.00219,"7.1":0.00146,"8":0.00146,"9":0.00219,"9.1":0.06789,"10":0.00438,"10.1":0.07008,"11":0,"0":null},"ios_saf":{"3.2":0,"4.0-4.1":0,"4.2-4.3":0,"5.0-5.1":0,"6.0-6.1":0,"7.0-7.1":0.00993177984274,"8":0,"8.1-8.4":0.00804001225365,"9.0-9.2":0.104283688349,"9.3":0.0754342326151,"10.0-10.2":0.291568679669,"10.3":1.82650160727,"11":null},"android":{"2.1":0,"2.2":0,"2.3":0,"3":0,"4":0,"4.1":0.0997943853531,"4.2-4.3":0.257802162162,"4.4":0.713807061901,"4.4.3-4.4.4":0.518376390584,"56":null},"op_mob":{"10":null,"11":null,"11.1":null,"11.5":null,"12":null,"12.1":null,"0":null},"ie":{"5.5":0,"6":0,"7":0.000740928143713,"8":0.0311189820359,"9":0.0111139221557,"10":0.0185232035928,"11":0.433442964072},"edge":{"12":0.0073,"13":0.00438,"14":0.02482,"15":null,"16":null},"bb":{"7":0.016686,"10":0.066744},"samsung":{"4":0,"5":0},"ie_mob":{"10":null,"11":null},"baidu":{"0":null},"and_ff":{"0":0.01854},"and_qq":{"1.2":null},"and_uc":{"0":10.05795},"op_mini":{"0":56.3806004305},"and_chr":{"0":10.42811}},"total":86.5754704305}