{"id":"TG","name":"Togo","month":"2017-08","access_date":"2017-09-04","data":{"chrome":{"4":0,"5":0,"6":0,"7":0,"8":0,"9":0,"10":0,"11":0.050388,"12":0.002964,"13":0,"14":0.01482,"15":0,"16":0.002964,"17":0,"18":0.002964,"19":0.005928,"20":0.002964,"21":0,"22":0.002964,"23":0.002964,"24":0,"25":0.005928,"26":0.225264,"27":0.005928,"28":0.008892,"29":0.189696,"30":0.023712,"31":0.082992,"32":0.035568,"33":0.109668,"34":0.02964,"35":0.002964,"36":0.023712,"37":0.023712,"38":0.005928,"39":0.002964,"40":0.041496,"41":0.002964,"42":0.002964,"43":0.521664,"44":0.011856,"45":0.041496,"46":0.008892,"47":0.01482,"48":0.121524,"49":0.352716,"50":0.091884,"51":0.299364,"52":0.023712,"53":0.01482,"54":0.01482,"55":0.231192,"56":0.026676,"57":0.100776,"58":0.684684,"59":2.294136,"60":5.4834,"61":0.01482,"62":0.005928,"63":0},"firefox":{"2":0.002964,"3":0.450528,"3.5":0,"3.6":0.005928,"4":0.002964,"5":0,"6":0,"7":0.005928,"8":0.002964,"9":0,"10":0.005928,"11":0.023712,"12":0.017784,"13":0.008892,"14":0.002964,"15":0.01482,"16":0.053352,"17":0.002964,"18":0.005928,"19":0.002964,"20":0.023712,"21":0.011856,"22":0.011856,"23":0.01482,"24":0.008892,"25":0.062244,"26":0.002964,"27":0.050388,"28":0.011856,"29":0.035568,"30":0.065208,"31":0.056316,"32":0.020748,"33":0.050388,"34":0.112632,"35":0.077064,"36":0.047424,"37":0.041496,"38":0.106704,"39":0.050388,"40":0.25194,"41":0.091884,"42":0.100776,"43":0.373464,"44":0.0741,"45":0.174876,"46":0.04446,"47":0.610584,"48":0.210444,"49":0.198588,"50":0.1482,"51":0.130416,"52":0.743964,"53":0.305292,"54":5.791656,"55":1.384188,"56":0.195624,"57":0.002964,"58":0},"opera":{"9":0,"9.5-9.6":0,"10.0-10.1":0,"10.5":0,"10.6":0,"11":0,"11.1":0,"11.5":0,"11.6":0.005928,"12":0,"12.1":0.011856,"15":0.002964,"16":0.005928,"17":0.002964,"18":0.002964,"19":0,"20":0,"21":0,"22":0,"23":0,"24":0,"25":0.002964,"26":0,"27":0,"28":0.005928,"29":0,"30":0,"31":0,"32":0,"33":0,"34":0,"35":0,"36":0.020748,"37":0.01482,"38":0,"39":0.002964,"40":0.005928,"41":0,"42":0.071136,"43":0.005928,"44":0.005928,"45":0.005928,"46":0.5928,"47":0.40014,"48":0,"49":0},"safari":{"3.1":0,"3.2":0,"4":0,"5":0,"5.1":0.005928,"6":0.002964,"6.1":0.005928,"7":0.023712,"7.1":0.002964,"8":0.017784,"9":0.005928,"9.1":0.038532,"10":0.05928,"10.1":0.165984,"11":0,"0":null},"ios_saf":{"3.2":0,"4.0-4.1":0,"4.2-4.3":0,"5.0-5.1":0,"6.0-6.1":0,"7.0-7.1":0.00404546676197,"8":0,"8.1-8.4":0.00327490166445,"9.0-9.2":0.0424774010007,"9.3":0.0307262832636,"10.0-10.2":0.118763345655,"10.3":0.743980601654,"11":null},"android":{"2.1":0,"2.2":0,"2.3":0,"3":0,"4":0,"4.1":0.595398695728,"4.2-4.3":1.5381132973,"4.4":4.25875455972,"4.4.3-4.4.4":3.09276544725,"56":null},"op_mob":{"10":null,"11":null,"11.1":null,"11.5":null,"12":null,"12.1":null,"0":null},"ie":{"5.5":0,"6":0.00306481632653,"7":0.0214537142857,"8":0.174694530612,"9":0.0306481632653,"10":0.052101877551,"11":0.616028081633},"edge":{"12":0.151164,"13":0.11856,"14":0.361608,"15":null,"16":null},"bb":{"7":0.0267368,"10":0.1069472},"samsung":{"4":0,"5":0},"ie_mob":{"10":0.2454056,"11":0.4238824},"baidu":{"0":null},"and_ff":{"0":0.03518},"and_qq":{"1.2":null},"and_uc":{"0":11.546076},"op_mini":{"0":13.813368755},"and_chr":{"0":31.294304}},"total":94.5249639386}