{"id":"TH","name":"Thailand","month":"2017-08","access_date":"2017-09-04","data":{"chrome":{"4":0,"5":0,"6":0,"7":0,"8":0,"9":0,"10":0.006206,"11":0.034133,"12":0.012412,"13":0.003103,"14":0,"15":0.003103,"16":0.006206,"17":0.003103,"18":0.003103,"19":0,"20":0.003103,"21":0.006206,"22":0.012412,"23":0.003103,"24":0.003103,"25":0.006206,"26":0.006206,"27":0.006206,"28":0.003103,"29":0.012412,"30":0.006206,"31":0.027927,"32":0.009309,"33":0.015515,"34":0.018618,"35":0.009309,"36":0.012412,"37":0.006206,"38":0.03103,"39":0.015515,"40":0.015515,"41":0.006206,"42":0.006206,"43":0.688866,"44":0.012412,"45":0.012412,"46":0.027927,"47":0.018618,"48":0.021721,"49":0.741617,"50":0.021721,"51":0.077575,"52":0.021721,"53":0.037236,"54":0.049648,"55":0.130326,"56":0.161356,"57":0.136532,"58":0.353742,"59":4.517968,"60":13.74629,"61":0.077575,"62":0.055854,"63":0},"firefox":{"2":0,"3":0.003103,"3.5":0,"3.6":0.003103,"4":0,"5":0,"6":0,"7":0.003103,"8":0.003103,"9":0,"10":0,"11":0.003103,"12":0.006206,"13":0,"14":0.003103,"15":0.003103,"16":0.003103,"17":0.003103,"18":0,"19":0,"20":0,"21":0.003103,"22":0,"23":0,"24":0.003103,"25":0,"26":0.009309,"27":0,"28":0.003103,"29":0.003103,"30":0.012412,"31":0.006206,"32":0,"33":0.006206,"34":0.006206,"35":0.003103,"36":0.003103,"37":0.003103,"38":0.006206,"39":0.006206,"40":0.006206,"41":0.003103,"42":0.006206,"43":0.018618,"44":0.003103,"45":0.009309,"46":0.012412,"47":0.034133,"48":0.043442,"49":0.015515,"50":0.027927,"51":0.021721,"52":0.158253,"53":0.071369,"54":1.321878,"55":0.543025,"56":0.027927,"57":0.003103,"58":0},"opera":{"9":0,"9.5-9.6":0,"10.0-10.1":0,"10.5":0,"10.6":0,"11":0,"11.1":0,"11.5":0,"11.6":0,"12":0,"12.1":0.003103,"15":0,"16":0,"17":0,"18":0,"19":0,"20":0,"21":0,"22":0,"23":0,"24":0,"25":0,"26":0,"27":0,"28":0.003103,"29":0,"30":0,"31":0,"32":0,"33":0,"34":0,"35":0,"36":0.003103,"37":0.012412,"38":0,"39":0,"40":0,"41":0,"42":0,"43":0.003103,"44":0,"45":0.003103,"46":0.102399,"47":0.099296,"48":0,"49":0},"safari":{"3.1":0,"3.2":0,"4":0.003103,"5":0.003103,"5.1":0.009309,"6":0.003103,"6.1":0.006206,"7":0.006206,"7.1":0,"8":0.024824,"9":0.021721,"9.1":0.083781,"10":0.09309,"10.1":0.480965,"11":0.003103,"0":null},"ios_saf":{"3.2":0,"4.0-4.1":0,"4.2-4.3":0,"5.0-5.1":0,"6.0-6.1":0,"7.0-7.1":0.0565249106505,"8":0,"8.1-8.4":0.0457582610028,"9.0-9.2":0.59351156183,"9.3":0.429320154702,"10.0-10.2":1.65940987695,"10.3":10.3952002349,"11":null},"android":{"2.1":0,"2.2":0,"2.3":0,"3":0,"4":0,"4.1":0.139899891892,"4.2-4.3":0.361408054054,"4.4":1.00067283784,"4.4.3-4.4.4":0.726702216216,"56":null},"op_mob":{"10":null,"11":null,"11.1":null,"11.5":null,"12":null,"12.1":null,"0":null},"ie":{"5.5":0,"6":0.00316354634146,"7":0.00316354634146,"8":0.126541853659,"9":0.139196039024,"10":0.0949063902439,"11":0.93008262439},"edge":{"12":0.018618,"13":0.034133,"14":0.139635,"15":null,"16":null},"bb":{"7":0,"10":0},"samsung":{"4":0,"5":0},"ie_mob":{"10":0.2454056,"11":0.4238824},"baidu":{"0":null},"and_ff":{"0":0.027588},"and_qq":{"1.2":null},"and_uc":{"0":0.993168},"op_mini":{"0":0.815832884106},"and_chr":{"0":49.600435}},"total":93.6326708841}