{"id":"TJ","name":"Tajikistan","month":"2017-08","access_date":"2017-09-04","data":{"chrome":{"4":0.003388,"5":0.013552,"6":0,"7":0,"8":0.013552,"9":0.013552,"10":0.003388,"11":0.01694,"12":0.044044,"13":0.027104,"14":0.003388,"15":0.027104,"16":0.05082,"17":0.081312,"18":0.20328,"19":0.013552,"20":0.020328,"21":0.010164,"22":0.023716,"23":0.013552,"24":0,"25":0.030492,"26":0.006776,"27":0.010164,"28":0.010164,"29":0.006776,"30":0.010164,"31":0.020328,"32":0.003388,"33":0.006776,"34":0.010164,"35":0.027104,"36":0.006776,"37":0.006776,"38":0.010164,"39":0.006776,"40":0.054208,"41":0.074536,"42":0.013552,"43":0.013552,"44":0.155848,"45":0.115192,"46":0.013552,"47":0.054208,"48":0.010164,"49":1.494108,"50":0.05082,"51":0.03388,"52":0.01694,"53":0.020328,"54":0.088088,"55":0.196504,"56":0.196504,"57":0.077924,"58":0.399784,"59":3.140676,"60":10.441816,"61":0.01694,"62":0.020328,"63":0},"firefox":{"2":0.013552,"3":0.027104,"3.5":0.060984,"3.6":0.52514,"4":0.013552,"5":0,"6":0,"7":0,"8":0.003388,"9":0,"10":0.006776,"11":0.003388,"12":0,"13":0.01694,"14":0,"15":0.027104,"16":0.013552,"17":0,"18":0,"19":0,"20":0,"21":0.01694,"22":0.006776,"23":0,"24":0.013552,"25":0.027104,"26":0.006776,"27":0,"28":0.006776,"29":0.006776,"30":0.037268,"31":0.003388,"32":0.003388,"33":0.003388,"34":0.03388,"35":0.023716,"36":0.013552,"37":0.006776,"38":0,"39":0.162624,"40":0.003388,"41":0.003388,"42":0,"43":0.057596,"44":0.006776,"45":0.040656,"46":0.037268,"47":0.105028,"48":0.179564,"49":0.01694,"50":0.054208,"51":0.03388,"52":0.182952,"53":0.094864,"54":2.364824,"55":0.393008,"56":0.006776,"57":0,"58":0},"opera":{"9":0,"9.5-9.6":0,"10.0-10.1":0,"10.5":0,"10.6":0.013552,"11":0.01694,"11.1":0.023716,"11.5":0.037268,"11.6":0.044044,"12":0.071148,"12.1":0.318472,"15":0,"16":0.003388,"17":0,"18":0.013552,"19":0.01694,"20":0.006776,"21":0.010164,"22":0.003388,"23":0,"24":0.003388,"25":0.010164,"26":0.006776,"27":0.030492,"28":0.013552,"29":0.003388,"30":0.01694,"31":0,"32":0.003388,"33":0.003388,"34":0.006776,"35":0.01694,"36":0.094864,"37":0.010164,"38":0.01694,"39":0.003388,"40":0.003388,"41":0.037268,"42":0.047432,"43":0.023716,"44":0.01694,"45":0.057596,"46":0.884268,"47":0.342188,"48":0.006776,"49":0},"safari":{"3.1":0,"3.2":0,"4":0.091476,"5":0,"5.1":0.013552,"6":0.044044,"6.1":0,"7":0.006776,"7.1":0,"8":0.01694,"9":0.023716,"9.1":0.013552,"10":0.010164,"10.1":0.125356,"11":0,"0":null},"ios_saf":{"3.2":0,"4.0-4.1":0,"4.2-4.3":0,"5.0-5.1":0,"6.0-6.1":0,"7.0-7.1":0.0180739899929,"8":0,"8.1-8.4":0.0146313252323,"9.0-9.2":0.189776894925,"9.3":0.137276257327,"10.0-10.2":0.530600706219,"10.3":3.3238928263,"11":null},"android":{"2.1":0,"2.2":0,"2.3":0,"3":0,"4":0,"4.1":0.418736432432,"4.2-4.3":1.08173578378,"4.4":2.99512864865,"4.4.3-4.4.4":2.17510313514,"56":null},"op_mob":{"10":null,"11":null,"11.1":null,"11.5":null,"12":null,"12.1":null,"0":null},"ie":{"5.5":0,"6":0.00685666666667,"7":0.00342833333333,"8":0.263981666667,"9":0.0377116666667,"10":0.18513,"11":0.935935},"edge":{"12":0.010164,"13":0.047432,"14":0.399784,"15":null,"16":null},"bb":{"7":0.0026448,"10":0.0105792},"samsung":{"4":0,"5":0},"ie_mob":{"10":0.0355256086957,"11":0.236837391304},"baidu":{"0":null},"and_ff":{"0":0.006612},"and_qq":{"1.2":null},"and_uc":{"0":7.907952},"op_mini":{"0":16.250106596},"and_chr":{"0":22.947912}},"total":84.8788449294}