{"id":"TL","name":"Timor-Leste","month":"2017-08","access_date":"2017-09-04","data":{"chrome":{"4":0.019488,"5":0.007308,"6":0.007308,"7":0.007308,"8":0,"9":0.004872,"10":0,"11":0.01218,"12":0.03654,"13":0.002436,"14":0.004872,"15":0.009744,"16":0,"17":0,"18":0.031668,"19":0.014616,"20":0.004872,"21":0,"22":0,"23":0.002436,"24":0,"25":0.007308,"26":0.007308,"27":0.031668,"28":0.02436,"29":0,"30":0.009744,"31":0.08526,"32":0.009744,"33":0.014616,"34":0.01218,"35":0.01218,"36":0,"37":0,"38":0.007308,"39":0.004872,"40":0.041412,"41":0,"42":0.009744,"43":0.660156,"44":0.004872,"45":0.02436,"46":0.004872,"47":0.009744,"48":0.009744,"49":0.141288,"50":0.019488,"51":0.051156,"52":0.031668,"53":0.01218,"54":0.014616,"55":0.104748,"56":0.080388,"57":0.053592,"58":0.07308,"59":1.965852,"60":5.481,"61":0.151032,"62":0.034104,"63":0},"firefox":{"2":0,"3":0.019488,"3.5":0.031668,"3.6":0.099876,"4":0.124236,"5":0.046284,"6":0.019488,"7":0.034104,"8":0.056028,"9":0.029232,"10":0.153468,"11":0.03654,"12":0.099876,"13":0.058464,"14":0.026796,"15":0.017052,"16":0.065772,"17":0.021924,"18":0.058464,"19":0.014616,"20":0.021924,"21":0.09744,"22":0.009744,"23":0.014616,"24":0.043848,"25":0.009744,"26":0.014616,"27":0.026796,"28":0.019488,"29":0.056028,"30":0.031668,"31":0.065772,"32":0.029232,"33":0.019488,"34":0.041412,"35":0.082824,"36":0.029232,"37":0.034104,"38":0.053592,"39":0.01218,"40":0.124236,"41":0.08526,"42":0.031668,"43":0.21924,"44":0.175392,"45":0.0609,"46":0.32886,"47":0.382452,"48":0.185136,"49":0.03654,"50":0.1218,"51":0.046284,"52":0.197316,"53":0.136416,"54":3.9585,"55":1.19364,"56":0.28014,"57":0.007308,"58":0},"opera":{"9":0,"9.5-9.6":0,"10.0-10.1":0.007308,"10.5":0,"10.6":0.002436,"11":0,"11.1":0,"11.5":0.002436,"11.6":0.002436,"12":0,"12.1":0.004872,"15":0,"16":0,"17":0,"18":0,"19":0.017052,"20":0,"21":0,"22":0.002436,"23":0,"24":0,"25":0,"26":0,"27":0.002436,"28":0,"29":0,"30":0.141288,"31":0,"32":0,"33":0.002436,"34":0,"35":0.004872,"36":0.004872,"37":0.002436,"38":0,"39":0.002436,"40":0.002436,"41":0,"42":0.017052,"43":0.002436,"44":0,"45":0.014616,"46":0.221676,"47":0.192444,"48":0,"49":0},"safari":{"3.1":0,"3.2":0,"4":0.01218,"5":0,"5.1":0.034104,"6":0.009744,"6.1":0.002436,"7":0,"7.1":0.002436,"8":0.046284,"9":0.007308,"9.1":0.04872,"10":0.08526,"10.1":0.302064,"11":0.004872,"0":null},"ios_saf":{"3.2":0,"4.0-4.1":0,"4.2-4.3":0,"5.0-5.1":0,"6.0-6.1":0,"7.0-7.1":0.0115917426733,"8":0,"8.1-8.4":0.00938379168794,"9.0-9.2":0.12171329807,"9.3":0.0880420455427,"10.0-10.2":0.340300445624,"10.3":2.1317766764,"11":null},"android":{"2.1":0,"2.2":0,"2.3":0,"3":0,"4":0,"4.1":0.262499319965,"4.2-4.3":0.678123243243,"4.4":1.87759930253,"4.4.3-4.4.4":1.36353813426,"56":null},"op_mob":{"10":null,"11":null,"11.1":null,"11.5":null,"12":null,"12.1":null,"0":null},"ie":{"5.5":0,"6":0,"7":0.0024567761194,"8":0.228480179104,"9":0.110554925373,"10":0.137579462687,"11":0.673156656716},"edge":{"12":0.08526,"13":0.116928,"14":0.238728,"15":null,"16":null},"bb":{"7":0.0045384,"10":0.0181536},"samsung":{"4":0,"5":0},"ie_mob":{"10":0.2454056,"11":0.4238824},"baidu":{"0":null},"and_ff":{"0":0.015128},"and_qq":{"1.2":null},"and_uc":{"0":10.28704},"op_mini":{"0":14.0131615762},"and_chr":{"0":38.370544}},"total":91.7308895762}