{"id":"TN","name":"Tunisia","month":"2017-08","access_date":"2017-09-04","data":{"chrome":{"4":0.006292,"5":0,"6":0,"7":0.006292,"8":0.006292,"9":0,"10":0.006292,"11":0.037752,"12":0.012584,"13":0.006292,"14":0.006292,"15":0,"16":0.006292,"17":0.006292,"18":0.006292,"19":0.006292,"20":0.006292,"21":0.012584,"22":0.006292,"23":0.006292,"24":0.012584,"25":0.006292,"26":0.012584,"27":0.018876,"28":0.006292,"29":0.09438,"30":0.025168,"31":0.056628,"32":0.037752,"33":0.018876,"34":0.018876,"35":0.018876,"36":0.075504,"37":0.012584,"38":0.012584,"39":0.018876,"40":0.056628,"41":0.018876,"42":0.012584,"43":0.28314,"44":0.037752,"45":0.012584,"46":0.03146,"47":0.025168,"48":0.176176,"49":3.246672,"50":0.069212,"51":0.371228,"52":0.044044,"53":0.12584,"54":0.163592,"55":0.604032,"56":0.396396,"57":0.264264,"58":0.862004,"59":10.551684,"60":30.063176,"61":0.264264,"62":0.037752,"63":0},"firefox":{"2":0,"3":0.03146,"3.5":0.006292,"3.6":0.006292,"4":0,"5":0,"6":0,"7":0,"8":0,"9":0,"10":0,"11":0.006292,"12":0.006292,"13":0,"14":0,"15":0,"16":0.006292,"17":0,"18":0,"19":0.006292,"20":0,"21":0,"22":0,"23":0,"24":0.006292,"25":0,"26":0,"27":0,"28":0.006292,"29":0,"30":0,"31":0.006292,"32":0,"33":0.006292,"34":0.006292,"35":0.025168,"36":0.006292,"37":0.006292,"38":0.006292,"39":0.006292,"40":0.012584,"41":0.006292,"42":0.006292,"43":0.03146,"44":0.006292,"45":0.025168,"46":0.006292,"47":0.075504,"48":0.213928,"49":0.06292,"50":0.09438,"51":0.075504,"52":0.270556,"53":0.06292,"54":2.554552,"55":0.968968,"56":0.025168,"57":0.012584,"58":0},"opera":{"9":0,"9.5-9.6":0,"10.0-10.1":0,"10.5":0,"10.6":0,"11":0,"11.1":0,"11.5":0,"11.6":0,"12":0,"12.1":0.006292,"15":0,"16":0,"17":0,"18":0,"19":0,"20":0,"21":0,"22":0,"23":0,"24":0,"25":0,"26":0,"27":0,"28":0,"29":0,"30":0,"31":0,"32":0,"33":0,"34":0,"35":0,"36":0.044044,"37":0.006292,"38":0.006292,"39":0.006292,"40":0.012584,"41":0.006292,"42":0.025168,"43":0.012584,"44":0.006292,"45":0.018876,"46":0.9438,"47":0.918632,"48":0.012584,"49":0},"safari":{"3.1":0,"3.2":0,"4":0.03146,"5":0.006292,"5.1":0.018876,"6":0.012584,"6.1":0.006292,"7":0.006292,"7.1":0,"8":0.06292,"9":0.050336,"9.1":0.176176,"10":0.12584,"10.1":0.465608,"11":0,"0":null},"ios_saf":{"3.2":0,"4.0-4.1":0,"4.2-4.3":0,"5.0-5.1":0,"6.0-6.1":0,"7.0-7.1":0.0128232566119,"8":0,"8.1-8.4":0.0103807315429,"9.0-9.2":0.134644194425,"9.3":0.0973956871235,"10.0-10.2":0.376454176248,"10.3":2.35825795405,"11":null},"android":{"2.1":0,"2.2":0,"2.3":0,"3":0,"4":0,"4.1":0.225174319093,"4.2-4.3":0.581700324324,"4.4":1.61062186574,"4.4.3-4.4.4":1.16965549085,"56":null},"op_mob":{"10":null,"11":null,"11.1":null,"11.5":null,"12":null,"12.1":null,"0":null},"ie":{"5.5":0,"6":0.062192,"7":0.03887,"8":0.645242,"9":0.139932,"10":0.287638,"11":0.707434},"edge":{"12":0.06292,"13":0.06292,"14":0.195052,"15":null,"16":null},"bb":{"7":0.0081576,"10":0.0326304},"samsung":{"4":0,"5":0},"ie_mob":{"10":0.2454056,"11":0.4238824},"baidu":{"0":null},"and_ff":{"0":0.100116},"and_qq":{"1.2":null},"and_uc":{"0":0.567324},"op_mini":{"0":1.77969266225},"and_chr":{"0":27.5036}},"total":95.4011646623}