{"id":"TO","name":"Tonga","month":"2017-08","access_date":"2017-09-04","data":{"chrome":{"4":0,"5":0,"6":0,"7":0,"8":0,"9":0,"10":0,"11":0,"12":0,"13":0,"14":0,"15":0,"16":0,"17":0,"18":0,"19":0,"20":0,"21":0,"22":0,"23":0,"24":0,"25":0,"26":0,"27":0,"28":0,"29":0,"30":0,"31":0,"32":0,"33":0,"34":0.006904,"35":0.006904,"36":0,"37":0,"38":0,"39":0.020712,"40":0.055232,"41":0.006904,"42":0.041424,"43":0.006904,"44":0,"45":1.366992,"46":0,"47":0.020712,"48":0,"49":0.158792,"50":2.264512,"51":0.020712,"52":0.027616,"53":0.03452,"54":0.020712,"55":0.372816,"56":0.048328,"57":0.048328,"58":0.262352,"59":7.083504,"60":19.924944,"61":0.055232,"62":0.06904,"63":0},"firefox":{"2":0,"3":0,"3.5":0,"3.6":0.006904,"4":0,"5":0,"6":0,"7":0,"8":0,"9":0,"10":0,"11":0,"12":0.06904,"13":0,"14":0.006904,"15":0,"16":0.006904,"17":0,"18":0,"19":0,"20":0,"21":0,"22":0,"23":0.006904,"24":0,"25":0,"26":0,"27":0.013808,"28":0,"29":0,"30":0,"31":0,"32":0.03452,"33":0,"34":0,"35":0.020712,"36":0.06904,"37":0.013808,"38":0.03452,"39":0.013808,"40":0.027616,"41":0,"42":0.013808,"43":0.027616,"44":0.055232,"45":0.055232,"46":0.006904,"47":0.214024,"48":0.745632,"49":0.027616,"50":0.03452,"51":0.089752,"52":0.214024,"53":0.082848,"54":6.227408,"55":5.164192,"56":0.959656,"57":0.006904,"58":0},"opera":{"9":0,"9.5-9.6":0,"10.0-10.1":0,"10.5":0,"10.6":0,"11":0,"11.1":0,"11.5":0,"11.6":0.013808,"12":0,"12.1":0,"15":0,"16":0,"17":0,"18":0,"19":0,"20":0,"21":0,"22":0,"23":0,"24":0,"25":0,"26":0,"27":0,"28":0.006904,"29":0,"30":0,"31":0,"32":0,"33":0,"34":0,"35":0,"36":0.10356,"37":0,"38":0,"39":0,"40":0,"41":0,"42":0,"43":0,"44":0,"45":0,"46":0.10356,"47":0.096656,"48":0,"49":0},"safari":{"3.1":0,"3.2":0,"4":0,"5":0,"5.1":0.006904,"6":0,"6.1":0,"7":0,"7.1":0.006904,"8":0.013808,"9":0.006904,"9.1":0.144984,"10":0.248544,"10.1":0.269256,"11":0,"0":null},"ios_saf":{"3.2":0,"4.0-4.1":0,"4.2-4.3":0,"5.0-5.1":0,"6.0-6.1":0,"7.0-7.1":0.0296505503931,"8":0,"8.1-8.4":0.0240028265087,"9.0-9.2":0.311330779128,"9.3":0.225202989891,"10.0-10.2":0.870455443684,"10.3":5.4528774104,"11":null},"android":{"2.1":0,"2.2":0,"2.3":0,"3":0,"4":0,"4.1":0.0939959686138,"4.2-4.3":0.242822918919,"4.4":0.672332275501,"4.4.3-4.4.4":0.488256836966,"56":null},"op_mob":{"10":null,"11":null,"11.1":null,"11.5":null,"12":null,"12.1":null,"0":null},"ie":{"5.5":0,"6":0.0069315059761,"7":0.0069315059761,"8":1.29619161753,"9":0.0207945179283,"10":0.0623835537849,"11":12.5252312988},"edge":{"12":0.131176,"13":0.462568,"14":0.96656,"15":null,"16":null},"bb":{"7":0.0037152,"10":0.0148608},"samsung":{"4":0,"5":0},"ie_mob":{"10":0.2454056,"11":0.4238824},"baidu":{"0":null},"and_ff":{"0":0.012384},"and_qq":{"1.2":null},"and_uc":{"0":0.547992},"op_mini":{"0":1.23039345695},"and_chr":{"0":20.043032}},"total":93.607105457}