{"id":"TR","name":"Turkey","month":"2017-08","access_date":"2017-09-04","data":{"chrome":{"4":0,"5":0,"6":0,"7":0,"8":0,"9":0,"10":0,"11":0.019488,"12":0,"13":0,"14":0,"15":0.003248,"16":0.003248,"17":0,"18":0.006496,"19":0,"20":0,"21":0.003248,"22":0.14616,"23":0.003248,"24":0.003248,"25":0.003248,"26":0.051968,"27":0.003248,"28":0.003248,"29":0.009744,"30":0.003248,"31":0.009744,"32":0.003248,"33":0.006496,"34":0.087696,"35":0.009744,"36":0.006496,"37":0.006496,"38":0.06496,"39":0.01624,"40":0.009744,"41":0.006496,"42":0.009744,"43":0.029232,"44":0.025984,"45":0.019488,"46":0.03248,"47":0.038976,"48":0.055216,"49":1.065344,"50":0.029232,"51":0.071456,"52":0.03248,"53":0.051968,"54":0.0812,"55":0.204624,"56":0.272832,"57":0.217616,"58":0.412496,"59":4.771312,"60":15.5092,"61":0.029232,"62":0.009744,"63":0},"firefox":{"2":0,"3":0,"3.5":0,"3.6":0,"4":0,"5":0,"6":0,"7":0,"8":0,"9":0,"10":0,"11":0,"12":0,"13":0,"14":0,"15":0,"16":0,"17":0,"18":0,"19":0,"20":0,"21":0,"22":0,"23":0,"24":0,"25":0,"26":0,"27":0,"28":0,"29":0,"30":0,"31":0,"32":0,"33":0,"34":0.003248,"35":0.003248,"36":0.003248,"37":0.003248,"38":0.003248,"39":0.003248,"40":0.003248,"41":0.003248,"42":0.006496,"43":0.012992,"44":0.006496,"45":0.006496,"46":0.003248,"47":0.019488,"48":0.025984,"49":0.009744,"50":0.01624,"51":0.012992,"52":0.0812,"53":0.019488,"54":0.678832,"55":0.25984,"56":0.003248,"57":0,"58":0},"opera":{"9":0,"9.5-9.6":0,"10.0-10.1":0,"10.5":0,"10.6":0,"11":0,"11.1":0,"11.5":0,"11.6":0,"12":0,"12.1":0.006496,"15":0,"16":0,"17":0,"18":0,"19":0,"20":0,"21":0,"22":0,"23":0,"24":0,"25":0.003248,"26":0,"27":0,"28":0,"29":0,"30":0,"31":0.022736,"32":0.003248,"33":0,"34":0,"35":0,"36":0.009744,"37":0,"38":0,"39":0,"40":0.003248,"41":0.003248,"42":0.003248,"43":0.003248,"44":0,"45":0.003248,"46":0.207872,"47":0.224112,"48":0.006496,"49":0},"safari":{"3.1":0,"3.2":0,"4":0.003248,"5":0.003248,"5.1":0.003248,"6":0,"6.1":0.003248,"7":0.003248,"7.1":0,"8":0.012992,"9":0.006496,"9.1":0.035728,"10":0.035728,"10.1":0.217616,"11":0,"0":null},"ios_saf":{"3.2":0,"4.0-4.1":0,"4.2-4.3":0,"5.0-5.1":0,"6.0-6.1":0,"7.0-7.1":0.0527273309507,"8":0,"8.1-8.4":0.0426840298172,"9.0-9.2":0.553636974982,"9.3":0.400476632697,"10.0-10.2":1.54792378719,"10.3":9.69680724436,"11":null},"android":{"2.1":0,"2.2":0,"2.3":0,"3":0,"4":0,"4.1":0.226369506539,"4.2-4.3":0.584787891892,"4.4":1.61917077594,"4.4.3-4.4.4":1.17586382563,"56":null},"op_mob":{"10":null,"11":null,"11.1":null,"11.5":null,"12":null,"12.1":null,"0":null},"ie":{"5.5":0,"6":0,"7":0.00327869943289,"8":0.0885248846881,"9":0.0819674858223,"10":0.0885248846881,"11":1.47213604537},"edge":{"12":0.019488,"13":0.055216,"14":0.295568,"15":null,"16":null},"bb":{"7":0.0027008,"10":0.0108032},"samsung":{"4":0,"5":0},"ie_mob":{"10":0.2454056,"11":0.4238824},"baidu":{"0":null},"and_ff":{"0":0.013504},"and_qq":{"1.2":null},"and_uc":{"0":0.175552},"op_mini":{"0":0.563098913907},"and_chr":{"0":46.607552}},"total":91.5217149139}