{"id":"TT","name":"Trinidad and Tobago","month":"2017-08","access_date":"2017-09-04","data":{"chrome":{"4":0,"5":0,"6":0,"7":0,"8":0,"9":0,"10":0,"11":0.023988,"12":0.011994,"13":0,"14":0,"15":0,"16":0,"17":0,"18":0,"19":0,"20":0.005997,"21":0,"22":0.089955,"23":0,"24":0,"25":0,"26":0.011994,"27":0.005997,"28":0.005997,"29":0.005997,"30":0,"31":0.017991,"32":0.011994,"33":0.005997,"34":0.089955,"35":0.011994,"36":0.155922,"37":0.011994,"38":0.05997,"39":0.029985,"40":0.011994,"41":0.011994,"42":0.005997,"43":0.041979,"44":0.017991,"45":0.023988,"46":0.005997,"47":0.011994,"48":0.017991,"49":1.265367,"50":0.029985,"51":0.155922,"52":0.017991,"53":0.047976,"54":0.167916,"55":0.473763,"56":0.251874,"57":0.101949,"58":0.527736,"59":7.994001,"60":22.926531,"61":0.137931,"62":0.11994,"63":0},"firefox":{"2":0,"3":0,"3.5":0,"3.6":0.011994,"4":0,"5":0,"6":0,"7":0,"8":0,"9":0,"10":0,"11":0,"12":0.005997,"13":0,"14":0,"15":0,"16":0.005997,"17":0,"18":0,"19":0,"20":0,"21":0.011994,"22":0.011994,"23":0,"24":0,"25":0,"26":0,"27":0,"28":0,"29":0,"30":0,"31":0.005997,"32":0,"33":0.017991,"34":0,"35":0,"36":0,"37":0.011994,"38":0.011994,"39":0.005997,"40":0.011994,"41":0.005997,"42":0,"43":0.017991,"44":0.005997,"45":0.017991,"46":0.005997,"47":0.095952,"48":0.083958,"49":0.05997,"50":0.029985,"51":0.077961,"52":0.197901,"53":0.071964,"54":2.662668,"55":1.193403,"56":0.035982,"57":0.005997,"58":0},"opera":{"9":0,"9.5-9.6":0,"10.0-10.1":0,"10.5":0,"10.6":0,"11":0,"11.1":0,"11.5":0,"11.6":0,"12":0,"12.1":0.035982,"15":0,"16":0,"17":0,"18":0,"19":0,"20":0,"21":0,"22":0,"23":0,"24":0,"25":0,"26":0,"27":0,"28":0.011994,"29":0.005997,"30":0,"31":0,"32":0,"33":0.005997,"34":0,"35":0,"36":0.005997,"37":0.005997,"38":0,"39":0,"40":0,"41":0,"42":0.005997,"43":0.005997,"44":0,"45":0.017991,"46":0.401799,"47":0.305847,"48":0,"49":0},"safari":{"3.1":0,"3.2":0,"4":0,"5":0.035982,"5.1":0.035982,"6":0,"6.1":0.029985,"7":0.017991,"7.1":0.005997,"8":0.05997,"9":0.029985,"9.1":0.203898,"10":0.305847,"10.1":1.697151,"11":0.005997,"0":null},"ios_saf":{"3.2":0,"4.0-4.1":0,"4.2-4.3":0,"5.0-5.1":0,"6.0-6.1":0,"7.0-7.1":0.0431490321658,"8":0,"8.1-8.4":0.0349301688962,"9.0-9.2":0.453064837741,"9.3":0.327727172879,"10.0-10.2":1.26673230144,"10.3":7.93531248688,"11":null},"android":{"2.1":0,"2.2":0,"2.3":0,"3":0,"4":0,"4.1":0.201995529207,"4.2-4.3":0.521821783784,"4.4":1.44482913252,"4.4.3-4.4.4":1.04925455449,"56":null},"op_mob":{"10":null,"11":null,"11.1":null,"11.5":null,"12":null,"12.1":null,"0":null},"ie":{"5.5":0,"6":0.00600939049587,"7":0.0300469524793,"8":0.0721126859504,"9":0.108169028926,"10":0.126197200413,"11":2.56600974174},"edge":{"12":0.065967,"13":0.191904,"14":1.097451,"15":null,"16":null},"bb":{"7":0.0184138,"10":0.0736552},"samsung":{"4":0,"5":0},"ie_mob":{"10":0.2454056,"11":0.4238824},"baidu":{"0":null},"and_ff":{"0":0.032024},"and_qq":{"1.2":null},"and_uc":{"0":0.452339},"op_mini":{"0":0.834598990066},"and_chr":{"0":30.239604}},"total":92.7111719901}