{"id":"TV","name":"Tuvalu","month":"2017-08","access_date":"2017-09-04","data":{"chrome":{"4":0,"5":0,"6":0,"7":0,"8":0,"9":0,"10":0,"11":0,"12":0,"13":0,"14":0,"15":0,"16":0,"17":0,"18":0,"19":0,"20":1.094416,"21":0,"22":0,"23":0,"24":0,"25":0,"26":0,"27":0,"28":0,"29":0,"30":0,"31":0,"32":0,"33":0.157416,"34":0,"35":0,"36":0,"37":0,"38":0,"39":0,"40":0,"41":0,"42":0,"43":0.779584,"44":0,"45":0,"46":0,"47":0,"48":0,"49":0,"50":0,"51":0,"52":0.314832,"53":0.157416,"54":0,"55":0,"56":0,"57":0,"58":0,"59":10.929168,"60":34.983832,"61":0.157416,"62":0,"63":0},"firefox":{"2":0,"3":0,"3.5":0,"3.6":0,"4":0,"5":0,"6":0,"7":0,"8":0,"9":0,"10":0,"11":0,"12":0,"13":0,"14":0,"15":0,"16":0,"17":0,"18":0,"19":0,"20":0,"21":0,"22":0,"23":0,"24":0,"25":0,"26":0,"27":0.472248,"28":0,"29":0,"30":0,"31":0,"32":0,"33":0,"34":0,"35":0,"36":0,"37":0,"38":0,"39":0,"40":0,"41":0,"42":0,"43":0.622168,"44":0.157416,"45":0,"46":0,"47":0,"48":0,"49":0,"50":0.157416,"51":0,"52":0.622168,"53":0,"54":8.590416,"55":1.409248,"56":0,"57":0,"58":0},"opera":{"9":0,"9.5-9.6":0,"10.0-10.1":0,"10.5":0,"10.6":0,"11":0,"11.1":0,"11.5":0,"11.6":0,"12":0,"12.1":0,"15":0,"16":0,"17":0,"18":0,"19":0,"20":0,"21":0,"22":0,"23":0,"24":0,"25":0,"26":0,"27":0,"28":0,"29":0,"30":0,"31":0,"32":0,"33":0,"34":0,"35":0,"36":0,"37":0,"38":0.157416,"39":0,"40":0,"41":0,"42":0,"43":0,"44":0,"45":0,"46":0,"47":0,"48":0,"49":0},"safari":{"3.1":0,"3.2":0,"4":0,"5":0,"5.1":0,"6":0,"6.1":0.622168,"7":0,"7.1":0,"8":0,"9":0,"9.1":0.157416,"10":0,"10.1":1.874,"11":0,"0":null},"ios_saf":{"3.2":0,"4.0-4.1":0,"4.2-4.3":0,"5.0-5.1":0,"6.0-6.1":0,"7.0-7.1":0.0626168062902,"8":0,"8.1-8.4":0.0506897955683,"9.0-9.2":0.657476466047,"9.3":0.475589552538,"10.0-10.2":1.83825052752,"10.3":11.515528852,"11":null},"android":{"2.1":0,"2.2":0,"2.3":0,"3":0,"4":0,"4.1":0.00988138796861,"4.2-4.3":0.0255269189189,"4.4":0.0706793722755,"4.4.3-4.4.4":0.051328320837,"56":null},"op_mob":{"10":null,"11":null,"11.1":null,"11.5":null,"12":null,"12.1":null,"0":null},"ie":{"5.5":0,"6":0,"7":0,"8":0,"9":0,"10":0,"11":1.409248},"edge":{"12":0.157416,"13":2.811,"14":0.157416,"15":null,"16":null},"bb":{"7":0,"10":0},"samsung":{"4":0,"5":0},"ie_mob":{"10":0.2454056,"11":0.4238824},"baidu":{"0":null},"and_ff":{"0":0},"and_qq":{"1.2":null},"and_uc":{"0":3.528136},"op_mini":{"0":0},"and_chr":{"0":13.292592}},"total":100.198824}