{"id":"TW","name":"Taiwan","month":"2017-08","access_date":"2017-09-04","data":{"chrome":{"4":0,"5":0,"6":0,"7":0,"8":0,"9":0,"10":0,"11":0.024632,"12":0,"13":0,"14":0,"15":0,"16":0.006158,"17":0,"18":0.006158,"19":0,"20":0,"21":0,"22":0.006158,"23":0,"24":0.006158,"25":0,"26":0.006158,"27":0.012316,"28":0.006158,"29":0.363322,"30":0.012316,"31":0.03079,"32":0.012316,"33":0.024632,"34":0.03079,"35":0.006158,"36":0.024632,"37":0.012316,"38":0.067738,"39":0.03079,"40":0.006158,"41":0.024632,"42":0.006158,"43":0.067738,"44":0.024632,"45":0.09237,"46":0.03079,"47":0.073896,"48":0.104686,"49":1.976718,"50":0.080054,"51":0.135476,"52":0.043106,"53":0.055422,"54":0.098528,"55":0.221688,"56":0.27711,"57":0.160108,"58":0.498798,"59":9.477162,"60":26.830406,"61":0.073896,"62":0.043106,"63":0},"firefox":{"2":0,"3":0.012316,"3.5":0,"3.6":0.006158,"4":0,"5":0,"6":0,"7":0,"8":0,"9":0,"10":0,"11":0,"12":0.006158,"13":0,"14":0,"15":0,"16":0,"17":0.006158,"18":0,"19":0,"20":0,"21":0.012316,"22":0,"23":0.006158,"24":0.006158,"25":0.006158,"26":0,"27":0.006158,"28":0.006158,"29":0.006158,"30":0.110844,"31":0.006158,"32":0,"33":0.006158,"34":0.018474,"35":0.006158,"36":0.006158,"37":0.012316,"38":0.006158,"39":0,"40":0.012316,"41":0.012316,"42":0.006158,"43":0.018474,"44":0.018474,"45":0.012316,"46":0.006158,"47":0.036948,"48":0.104686,"49":0.024632,"50":0.036948,"51":0.043106,"52":0.320216,"53":0.043106,"54":1.872032,"55":0.788224,"56":0.012316,"57":0,"58":0},"opera":{"9":0,"9.5-9.6":0,"10.0-10.1":0,"10.5":0,"10.6":0,"11":0,"11.1":0,"11.5":0,"11.6":0,"12":0,"12.1":0.012316,"15":0,"16":0,"17":0,"18":0,"19":0,"20":0,"21":0,"22":0,"23":0,"24":0,"25":0,"26":0,"27":0,"28":0.018474,"29":0,"30":0,"31":0,"32":0.006158,"33":0,"34":0,"35":0,"36":0.012316,"37":0.018474,"38":0,"39":0,"40":0,"41":0,"42":0,"43":0,"44":0,"45":0,"46":0.209372,"47":0.117002,"48":0.006158,"49":0},"safari":{"3.1":0,"3.2":0,"4":0.018474,"5":0.018474,"5.1":0.03079,"6":0.006158,"6.1":0.012316,"7":0.024632,"7.1":0,"8":0.080054,"9":0.06158,"9.1":0.240162,"10":0.221688,"10.1":1.274706,"11":0.006158,"0":null},"ios_saf":{"3.2":0,"4.0-4.1":0,"4.2-4.3":0,"5.0-5.1":0,"6.0-6.1":0,"7.0-7.1":0.0631203688349,"8":0,"8.1-8.4":0.0510974414378,"9.0-9.2":0.662763872766,"9.3":0.47941422996,"10.0-10.2":1.85303368508,"10.3":11.6081364019,"11":null},"android":{"2.1":0,"2.2":0,"2.3":0,"3":0,"4":0,"4.1":0.0886566695728,"4.2-4.3":0.22902972973,"4.4":0.634141455972,"4.4.3-4.4.4":0.460522144725,"56":null},"op_mob":{"10":null,"11":null,"11.1":null,"11.5":null,"12":null,"12.1":null,"0":null},"ie":{"5.5":0,"6":0.0380232063492,"7":0.031686005291,"8":0.931568555556,"9":0.24715084127,"10":0.342208857143,"11":5.58941133333},"edge":{"12":0.03079,"13":0.080054,"14":0.541904,"15":null,"16":null},"bb":{"7":0.003842,"10":0.015368},"samsung":{"4":0,"5":0},"ie_mob":{"10":0.0355256086957,"11":0.236837391304},"baidu":{"0":null},"and_ff":{"0":0.023052},"and_qq":{"1.2":null},"and_uc":{"0":0.28815},"op_mini":{"0":0.421767635762},"and_chr":{"0":23.696064}},"total":95.7920194347}