{"id":"TZ","name":"Tanzania","month":"2017-08","access_date":"2017-09-04","data":{"chrome":{"4":null,"5":null,"6":null,"7":null,"8":null,"9":null,"10":0.001528,"11":0.032088,"12":null,"13":null,"14":null,"15":null,"16":null,"17":null,"18":0.010696,"19":null,"20":0.003056,"21":0.010696,"22":0.004584,"23":0.009168,"24":null,"25":0.001528,"26":0.003056,"27":0.001528,"28":0.003056,"29":0.00764,"30":0.003056,"31":0.012224,"32":null,"33":0.009168,"34":0.001528,"35":0.003056,"36":0.01528,"37":null,"38":0.004584,"39":null,"40":0.006112,"41":0.004584,"42":0.009168,"43":0.0764,"44":0.003056,"45":0.019864,"46":0.006112,"47":0.006112,"48":0.010696,"49":0.125296,"50":0.009168,"51":0.025976,"52":0.009168,"53":0.009168,"54":0.010696,"55":0.227672,"56":0.025976,"57":0.021392,"58":0.094736,"59":1.16892,"60":3.794024,"61":0.036672,"62":0.021392,"63":null},"firefox":{"2":null,"3":0.004584,"3.5":0.001528,"3.6":0.00764,"4":0.012224,"5":0.004584,"6":0.012224,"7":0.006112,"8":0.006112,"9":0.004584,"10":0.006112,"11":0.009168,"12":0.018336,"13":0.019864,"14":0.012224,"15":0.01528,"16":0.013752,"17":0.00764,"18":0.009168,"19":0.02292,"20":0.013752,"21":0.021392,"22":0.006112,"23":0.021392,"24":0.010696,"25":0.009168,"26":0.010696,"27":0.006112,"28":0.00764,"29":0.024448,"30":0.025976,"31":0.01528,"32":0.018336,"33":0.018336,"34":0.03056,"35":0.013752,"36":0.024448,"37":0.03056,"38":0.025976,"39":0.024448,"40":0.019864,"41":0.018336,"42":0.013752,"43":0.096264,"44":0.067232,"45":0.027504,"46":0.029032,"47":0.187944,"48":0.0764,"49":0.074872,"50":0.050424,"51":0.033616,"52":0.140576,"53":0.09168,"54":2.409656,"55":0.92444,"56":0.178776,"57":null,"58":null},"opera":{"9":null,"9.5-9.6":null,"10.0-10.1":0,"10.5":null,"10.6":0.003056,"11":null,"11.1":0.001528,"11.5":0.001528,"11.6":0.00764,"12":0.004584,"12.1":0.012224,"15":0.004584,"16":null,"17":0.003056,"18":0.001528,"19":null,"20":null,"21":null,"22":0.003056,"23":null,"24":null,"25":null,"26":null,"27":null,"28":0.006112,"29":null,"30":null,"31":null,"32":null,"33":0.003056,"34":null,"35":0.003056,"36":0.036672,"37":0.00764,"38":0.010696,"39":0.001528,"40":0.006112,"41":0.004584,"42":0.021392,"43":0.009168,"44":0.003056,"45":0.018336,"46":0.453816,"47":0.388112,"48":null,"49":null},"safari":{"3.1":null,"3.2":null,"4":0.003056,"5":0.004584,"5.1":0.010696,"6":0.009168,"6.1":0.004584,"7":0.003056,"7.1":0.003056,"8":0.051952,"9":0.033616,"9.1":0.135992,"10":0.094736,"10.1":0.304072,"11":null,"0":null},"ios_saf":{"3.2":0,"4.0-4.1":0,"4.2-4.3":0,"5.0-5.1":0,"6.0-6.1":0,"7.0-7.1":0.00475982273052,"8":0,"8.1-8.4":0.00385318982947,"9.0-9.2":0.0499781386705,"9.3":0.0361519869294,"10.0-10.2":0.139734795875,"10.3":0.875354065965,"11":null},"android":{"2.1":0,"2.2":0,"2.3":0,"3":0,"4":0,"4.1":0.258458782912,"4.2-4.3":0.667685189189,"4.4":1.84869823888,"4.4.3-4.4.4":1.34254978901,"56":null},"op_mob":{"10":null,"11":null,"11.1":null,"11.5":null,"12":null,"12.1":null,"0":null},"ie":{"5.5":null,"6":0.00312391111111,"7":0.00312391111111,"8":0.167129244444,"9":0.0140576,"10":0.0452967111111,"11":0.398298666667},"edge":{"12":0.058064,"13":0.06876,"14":0.10696,"15":null,"16":null},"bb":{"7":0.0220272,"10":0.0881088},"samsung":{"4":1.08891029268,"5":0.580073707317},"ie_mob":{"10":0.2454056,"11":0.4238824},"baidu":{"0":null},"and_ff":{"0":0.016944},"and_qq":{"1.2":null},"and_uc":{"0":16.215408},"op_mini":{"0":35.6875986755},"and_chr":{"0":18.120256}},"total":91.1087247199}