{"id":"UA","name":"Ukraine","month":"2017-08","access_date":"2017-09-04","data":{"chrome":{"4":0.034744,"5":0.026058,"6":0.026058,"7":0.017372,"8":0.017372,"9":0.034744,"10":0.04343,"11":0.08686,"12":0.060802,"13":0.060802,"14":0.069488,"15":0.078174,"16":0.078174,"17":0.112918,"18":0.13029,"19":0.078174,"20":0.069488,"21":0.112918,"22":0.104232,"23":0.095546,"24":0.095546,"25":0.095546,"26":0.069488,"27":0.095546,"28":0.052116,"29":0.312696,"30":0.026058,"31":0.04343,"32":0.017372,"33":0.017372,"34":0.052116,"35":0.052116,"36":0.034744,"37":0.034744,"38":0.052116,"39":0.078174,"40":0.112918,"41":0.069488,"42":0.052116,"43":0.095546,"44":0.017372,"45":0.04343,"46":0.026058,"47":0.060802,"48":0.078174,"49":2.527626,"50":0.034744,"51":0.338754,"52":0.034744,"53":0.138976,"54":0.251894,"55":0.451672,"56":0.4343,"57":0.21715,"58":3.509144,"59":15.365534,"60":26.952658,"61":0.078174,"62":0.112918,"63":0},"firefox":{"2":0.034744,"3":0.121604,"3.5":0.21715,"3.6":0.69488,"4":0.060802,"5":0.026058,"6":0.017372,"7":0.008686,"8":0.008686,"9":0.017372,"10":0.04343,"11":0.026058,"12":0.052116,"13":0.026058,"14":0.034744,"15":0.034744,"16":0.069488,"17":0.026058,"18":0.026058,"19":0.034744,"20":0.034744,"21":0.069488,"22":0.04343,"23":0.060802,"24":0.104232,"25":0.052116,"26":0.060802,"27":0.008686,"28":0.017372,"29":0.008686,"30":0.017372,"31":0.026058,"32":0.017372,"33":0.026058,"34":0.026058,"35":0.04343,"36":0.04343,"37":0.017372,"38":0.060802,"39":0.026058,"40":0.017372,"41":0.060802,"42":0.026058,"43":0.078174,"44":0.017372,"45":0.17372,"46":0.04343,"47":0.112918,"48":0.26058,"49":0.08686,"50":0.147662,"51":0.104232,"52":1.155238,"53":0.182406,"54":3.917386,"55":1.407132,"56":0.026058,"57":0.008686,"58":0},"opera":{"9":0,"9.5-9.6":0.008686,"10.0-10.1":0.034744,"10.5":0.034744,"10.6":0.078174,"11":0.026058,"11.1":0.034744,"11.5":0.060802,"11.6":0.243208,"12":0.243208,"12.1":2.067268,"15":0.017372,"16":0.008686,"17":0.008686,"18":0.034744,"19":0.017372,"20":0.034744,"21":0.017372,"22":0.008686,"23":0.008686,"24":0.017372,"25":0.017372,"26":0.017372,"27":0.165034,"28":0.017372,"29":0.017372,"30":0.008686,"31":0.008686,"32":0.008686,"33":0.008686,"34":0.008686,"35":0.017372,"36":0.512474,"37":0.034744,"38":0.026058,"39":0.017372,"40":0.026058,"41":0.034744,"42":0.069488,"43":0.08686,"44":0.034744,"45":0.17372,"46":2.458138,"47":2.623172,"48":0.026058,"49":0},"safari":{"3.1":0.026058,"3.2":0.008686,"4":0.104232,"5":0.156348,"5.1":0.112918,"6":0.052116,"6.1":0.017372,"7":0.017372,"7.1":0.008686,"8":0.026058,"9":0.034744,"9.1":0.138976,"10":0.147662,"10.1":1.233412,"11":0.017372,"0":null},"ios_saf":{"3.2":0,"4.0-4.1":0,"4.2-4.3":0,"5.0-5.1":0,"6.0-6.1":0,"7.0-7.1":0.0149475396712,"8":0,"8.1-8.4":0.0121003892576,"9.0-9.2":0.156949166548,"9.3":0.113530122741,"10.0-10.2":0.43881705749,"10.3":2.74892372429,"11":null},"android":{"2.1":0,"2.2":0,"2.3":0,"3":0,"4":0,"4.1":0.0604759825632,"4.2-4.3":0.156229621622,"4.4":0.432571264167,"4.4.3-4.4.4":0.314139131648,"56":null},"op_mob":{"10":null,"11":null,"11.1":null,"11.5":null,"12":null,"12.1":null,"0":null},"ie":{"5.5":0,"6":0.0091535184136,"7":0.0274605552408,"8":1.46456294618,"9":0.22883796034,"10":0.375294254958,"11":1.12588276487},"edge":{"12":0.026058,"13":0.04343,"14":0.26058,"15":null,"16":null},"bb":{"7":0.0047304,"10":0.0189216},"samsung":{"4":0,"5":0},"ie_mob":{"10":0.2454056,"11":0.4238824},"baidu":{"0":null},"and_ff":{"0":0.024966},"and_qq":{"1.2":null},"and_uc":{"0":0.366606},"op_mini":{"0":0.954947324503},"and_chr":{"0":8.296692}},"total":93.5147393245}