{"id":"UG","name":"Uganda","month":"2017-08","access_date":"2017-09-04","data":{"chrome":{"4":0,"5":0.002677,"6":0,"7":0,"8":0.002677,"9":0,"10":0.002677,"11":0.072279,"12":0,"13":0.002677,"14":0,"15":0,"16":0,"17":0,"18":0.013385,"19":0.005354,"20":0,"21":0.005354,"22":0.002677,"23":0.002677,"24":0.008031,"25":0.008031,"26":0.016062,"27":0.002677,"28":0.005354,"29":0.002677,"30":0.002677,"31":0.010708,"32":0.002677,"33":0.016062,"34":0.008031,"35":0.002677,"36":0.016062,"37":0.002677,"38":0.008031,"39":0.005354,"40":0.005354,"41":0.002677,"42":0.002677,"43":0.034801,"44":0.005354,"45":0.013385,"46":0.008031,"47":0.005354,"48":0.013385,"49":0.286439,"50":0.024093,"51":0.013385,"52":0.005354,"53":0.02677,"54":0.021416,"55":0.093695,"56":0.034801,"57":0.08031,"58":0.176682,"59":2.706447,"60":7.160975,"61":0.042832,"62":0.034801,"63":0},"firefox":{"2":0,"3":0.021416,"3.5":0.005354,"3.6":0.010708,"4":0.010708,"5":0.005354,"6":0.002677,"7":0.005354,"8":0.010708,"9":0.005354,"10":0.010708,"11":0.018739,"12":0.029447,"13":0.016062,"14":0.018739,"15":0.018739,"16":0.018739,"17":0.024093,"18":0.008031,"19":0.016062,"20":0.029447,"21":0.021416,"22":0.018739,"23":0.013385,"24":0.02677,"25":0.018739,"26":0.016062,"27":0.013385,"28":0.010708,"29":0.02677,"30":0.040155,"31":0.042832,"32":0.034801,"33":0.029447,"34":0.037478,"35":0.066925,"36":0.024093,"37":0.061571,"38":0.029447,"39":0.064248,"40":0.056217,"41":0.029447,"42":0.048186,"43":0.248961,"44":0.157943,"45":0.120465,"46":0.077633,"47":0.414935,"48":0.219514,"49":0.136527,"50":0.155266,"51":0.064248,"52":0.578232,"53":0.297147,"54":4.815923,"55":1.678479,"56":0.34801,"57":0.008031,"58":0},"opera":{"9":0,"9.5-9.6":0,"10.0-10.1":0,"10.5":0,"10.6":0,"11":0.002677,"11.1":0,"11.5":0.002677,"11.6":0.002677,"12":0,"12.1":0.010708,"15":0,"16":0.002677,"17":0.002677,"18":0,"19":0.002677,"20":0.002677,"21":0,"22":0.002677,"23":0,"24":0.005354,"25":0,"26":0,"27":0,"28":0.008031,"29":0,"30":0.002677,"31":0,"32":0,"33":0.002677,"34":0.002677,"35":0.002677,"36":0.013385,"37":0.061571,"38":0,"39":0,"40":0.008031,"41":0,"42":0.018739,"43":0.005354,"44":0.002677,"45":0.018739,"46":0.356041,"47":0.281085,"48":0.008031,"49":0},"safari":{"3.1":0,"3.2":0,"4":0.002677,"5":0,"5.1":0.005354,"6":0.002677,"6.1":0.002677,"7":0.002677,"7.1":0.002677,"8":0.034801,"9":0.088341,"9.1":0.069602,"10":0.050863,"10.1":0.230222,"11":0,"0":null},"ios_saf":{"3.2":0,"4.0-4.1":0,"4.2-4.3":0,"5.0-5.1":0,"6.0-6.1":0,"7.0-7.1":0.00557778270193,"8":0,"8.1-8.4":0.00451534790156,"9.0-9.2":0.0585667183703,"9.3":0.0423645876647,"10.0-10.2":0.163747763607,"10.3":1.02578079975,"11":null},"android":{"2.1":0,"2.2":0,"2.3":0,"3":0,"4":0,"4.1":0.245958088928,"4.2-4.3":0.63539172973,"4.4":1.75928355275,"4.4.3-4.4.4":1.2776156286,"56":null},"op_mob":{"10":null,"11":null,"11.1":null,"11.5":null,"12":null,"12.1":null,"0":null},"ie":{"5.5":0,"6":0.00543679381443,"7":0,"8":0.173977402062,"9":0.0163103814433,"10":0.100580685567,"11":0.758432737113},"edge":{"12":0.13385,"13":0.117788,"14":0.182036,"15":null,"16":null},"bb":{"7":0.0278274,"10":0.1113096},"samsung":{"4":0,"5":0},"ie_mob":{"10":0.2454056,"11":0.4238824},"baidu":{"0":null},"and_ff":{"0":0.014646},"and_qq":{"1.2":null},"and_uc":{"0":4.313247},"op_mini":{"0":40.2949772384},"and_chr":{"0":15.100495}},"total":89.9292562384}