{"id":"US","name":"United States","month":"2017-08","access_date":"2017-09-04","data":{"chrome":{"4":0,"5":0,"6":0,"7":0,"8":0,"9":0,"10":0.005189,"11":0.005189,"12":0,"13":0,"14":0,"15":0,"16":0,"17":0.005189,"18":0.010378,"19":0.005189,"20":0.005189,"21":0.005189,"22":0.005189,"23":0.005189,"24":0.005189,"25":0.010378,"26":0.005189,"27":0.020756,"28":0.010378,"29":0.166048,"30":0.025945,"31":0.020756,"32":0.020756,"33":0.010378,"34":0.025945,"35":0.015567,"36":0.046701,"37":0.072646,"38":0.041512,"39":0.015567,"40":0.020756,"41":0.057079,"42":0.031134,"43":0.124536,"44":0.015567,"45":0.036323,"46":0.025945,"47":0.036323,"48":0.046701,"49":0.648625,"50":0.05189,"51":0.150481,"52":0.093402,"53":0.088213,"54":0.140103,"55":0.217938,"56":0.249072,"57":0.228316,"58":0.430687,"59":6.055563,"60":14.191915,"61":0.05189,"62":0.036323,"63":0},"firefox":{"2":0.005189,"3":0.010378,"3.5":0,"3.6":0.010378,"4":0.005189,"5":0,"6":0,"7":0,"8":0,"9":0,"10":0.005189,"11":0.010378,"12":0.005189,"13":0,"14":0,"15":0,"16":0.005189,"17":0,"18":0,"19":0.005189,"20":0.005189,"21":0.020756,"22":0.005189,"23":0.005189,"24":0.010378,"25":0.005189,"26":0.005189,"27":0.005189,"28":0.005189,"29":0.015567,"30":0.005189,"31":0.015567,"32":0.005189,"33":0.010378,"34":0.005189,"35":0.010378,"36":0.020756,"37":0.010378,"38":0.088213,"39":0.010378,"40":0.015567,"41":0.015567,"42":0.010378,"43":0.020756,"44":0.010378,"45":0.072646,"46":0.020756,"47":0.062268,"48":0.176426,"49":0.046701,"50":0.072646,"51":0.067457,"52":0.409931,"53":0.072646,"54":2.75017,"55":1.131202,"56":0.015567,"57":0,"58":0},"opera":{"9":0,"9.5-9.6":0,"10.0-10.1":0,"10.5":0,"10.6":0,"11":0,"11.1":0,"11.5":0,"11.6":0,"12":0.005189,"12.1":0.015567,"15":0,"16":0,"17":0,"18":0,"19":0,"20":0,"21":0,"22":0,"23":0,"24":0,"25":0,"26":0,"27":0,"28":0.010378,"29":0,"30":0,"31":0,"32":0,"33":0,"34":0.005189,"35":0,"36":0.010378,"37":0.005189,"38":0.010378,"39":0.010378,"40":0,"41":0,"42":0.005189,"43":0.005189,"44":0,"45":0.005189,"46":0.238694,"47":0.160859,"48":0.005189,"49":0},"safari":{"3.1":0,"3.2":0,"4":0.015567,"5":0.036323,"5.1":0.072646,"6":0.005189,"6.1":0.031134,"7":0.020756,"7.1":0.010378,"8":0.176426,"9":0.150481,"9.1":0.601924,"10":0.378797,"10.1":2.952541,"11":0.015567,"0":null},"ios_saf":{"3.2":0,"4.0-4.1":0,"4.2-4.3":0,"5.0-5.1":0,"6.0-6.1":0,"7.0-7.1":0.132584894925,"8":0,"8.1-8.4":0.107330629225,"9.0-9.2":1.39214139671,"9.3":1.00701384479,"10.0-10.2":3.89231370101,"10.3":24.3829935333,"11":null},"android":{"2.1":0,"2.2":0,"2.3":0,"3":0,"4":0,"4.1":0.111001527463,"4.2-4.3":0.286753945946,"4.4":0.793969258936,"4.4.3-4.4.4":0.576591267655,"56":null},"op_mob":{"10":null,"11":null,"11.1":null,"11.5":null,"12":null,"12.1":null,"0":null},"ie":{"5.5":0,"6":0.0368414371097,"7":0.0157891873327,"8":0.257890059768,"9":0.199996372881,"10":0.184207185549,"11":5.19990569492},"edge":{"12":0.041512,"13":0.10378,"14":1.001477,"15":null,"16":null},"bb":{"7":0.0067354,"10":0.0269416},"samsung":{"4":0,"5":0},"ie_mob":{"10":null,"11":null},"baidu":{"0":null},"and_ff":{"0":0.072165},"and_qq":{"1.2":null},"and_uc":{"0":0.293471},"op_mini":{"0":0.106447357616},"and_chr":{"0":19.835717}},"total":93.9186062952}