{"id":"UY","name":"Uruguay","month":"2017-08","access_date":"2017-09-04","data":{"chrome":{"4":0,"5":0.005828,"6":0,"7":0,"8":0,"9":0,"10":0,"11":0.005828,"12":0,"13":0,"14":0,"15":0,"16":0,"17":0,"18":0.002914,"19":0,"20":0,"21":0,"22":0.005828,"23":0,"24":0.002914,"25":0.002914,"26":0.005828,"27":0.005828,"28":0,"29":0.002914,"30":0,"31":0.005828,"32":0.002914,"33":0.002914,"34":0.011656,"35":0.005828,"36":0.081592,"37":0.005828,"38":0.01457,"39":0.008742,"40":0.008742,"41":0.002914,"42":0.011656,"43":0.02914,"44":0.01457,"45":0.008742,"46":0.212722,"47":0.02914,"48":0.748898,"49":1.054868,"50":0.125302,"51":0.081592,"52":0.01457,"53":0.034968,"54":0.040796,"55":0.13113,"56":0.533262,"57":0.11656,"58":0.221464,"59":4.309806,"60":13.153796,"61":0.049538,"62":0.017484,"63":0},"firefox":{"2":0,"3":0.011656,"3.5":0.002914,"3.6":0.023312,"4":0.002914,"5":0,"6":0,"7":0,"8":0,"9":0,"10":0,"11":0,"12":0.005828,"13":0,"14":0,"15":0.002914,"16":0.005828,"17":0.032054,"18":0,"19":0,"20":0.011656,"21":0,"22":0,"23":0.002914,"24":0,"25":0.113646,"26":0,"27":0.040796,"28":0.005828,"29":0.005828,"30":0.005828,"31":0.002914,"32":0.002914,"33":0.11656,"34":0.002914,"35":0.020398,"36":0.002914,"37":0.002914,"38":0.04371,"39":0.002914,"40":0.017484,"41":0.005828,"42":0.002914,"43":0.046624,"44":0.005828,"45":0.055366,"46":0.008742,"47":0.04371,"48":0.04371,"49":0.061194,"50":0.026226,"51":0.020398,"52":0.303056,"53":0.04371,"54":1.424946,"55":0.65565,"56":0.002914,"57":0,"58":0},"opera":{"9":0,"9.5-9.6":0,"10.0-10.1":0,"10.5":0,"10.6":0,"11":0,"11.1":0,"11.5":0,"11.6":0,"12":0,"12.1":0.002914,"15":0,"16":0,"17":0,"18":0,"19":0,"20":0,"21":0,"22":0,"23":0,"24":0,"25":0,"26":0,"27":0,"28":0,"29":0,"30":0,"31":0,"32":0,"33":0,"34":0,"35":0,"36":0.017484,"37":0.005828,"38":0,"39":0,"40":0,"41":0.002914,"42":0.002914,"43":0.002914,"44":0,"45":0.005828,"46":0.17484,"47":0.171926,"48":0,"49":0},"safari":{"3.1":0,"3.2":0,"4":0.002914,"5":0,"5.1":0.002914,"6":0,"6.1":0.008742,"7":0.005828,"7.1":0.002914,"8":0.032054,"9":0.011656,"9.1":0.084506,"10":0.064108,"10.1":0.48081,"11":0,"0":null},"ios_saf":{"3.2":0,"4.0-4.1":0,"4.2-4.3":0,"5.0-5.1":0,"6.0-6.1":0,"7.0-7.1":0.0203340214439,"8":0,"8.1-8.4":0.0164608745022,"9.0-9.2":0.213507225161,"9.3":0.1544417343,"10.0-10.2":0.596948772388,"10.3":3.7395233722,"11":null},"android":{"2.1":0,"2.2":0,"2.3":0,"3":0,"4":0,"4.1":0.160496725371,"4.2-4.3":0.414616540541,"4.4":1.14799741064,"4.4.3-4.4.4":0.833691323452,"56":null},"op_mob":{"10":null,"11":null,"11.1":null,"11.5":null,"12":null,"12.1":null,"0":null},"ie":{"5.5":0,"6":0.00301853811659,"7":0.00301853811659,"8":0.0905561434978,"9":0.0271668430493,"10":0.0513151479821,"11":0.498058789238},"edge":{"12":0.032054,"13":0.040796,"14":0.163184,"15":null,"16":null},"bb":{"7":0.0056688,"10":0.0226752},"samsung":{"4":0,"5":0},"ie_mob":{"10":0.2454056,"11":0.4238824},"baidu":{"0":null},"and_ff":{"0":0.021258},"and_qq":{"1.2":null},"and_uc":{"0":0.488934},"op_mini":{"0":1.47135393377},"and_chr":{"0":57.170828}},"total":93.5138959338}