{"id":"UZ","name":"Uzbekistan","month":"2017-08","access_date":"2017-09-04","data":{"chrome":{"4":0.040054,"5":0.017166,"6":0.011444,"7":0.011444,"8":0.062942,"9":0.022888,"10":0.005722,"11":0.062942,"12":0.062942,"13":0.02861,"14":0.074386,"15":0.08583,"16":0.291822,"17":0.14305,"18":0.177382,"19":0.045776,"20":0.05722,"21":0.08583,"22":0.102996,"23":0.11444,"24":0.097274,"25":0.034332,"26":0.097274,"27":0.097274,"28":0.062942,"29":0.37193,"30":0.02861,"31":0.034332,"32":0.040054,"33":0.137328,"34":0.02861,"35":0.074386,"36":0.062942,"37":0.017166,"38":0.08583,"39":0.17166,"40":0.108718,"41":0.062942,"42":0.05722,"43":0.068664,"44":0.02861,"45":0.062942,"46":0.011444,"47":0.080108,"48":0.051498,"49":1.871094,"50":0.045776,"51":0.131606,"52":0.02861,"53":0.068664,"54":0.034332,"55":0.263212,"56":0.263212,"57":0.125884,"58":0.497814,"59":5.876494,"60":22.075476,"61":0.125884,"62":0.08583,"63":0},"firefox":{"2":0.017166,"3":0.137328,"3.5":0.183104,"3.6":0.646586,"4":0.040054,"5":0.011444,"6":0.017166,"7":0.011444,"8":0.02861,"9":0.017166,"10":0.02861,"11":0,"12":0.080108,"13":0.017166,"14":0.051498,"15":0.02861,"16":0.022888,"17":0.051498,"18":0.005722,"19":0.097274,"20":0.022888,"21":0.02861,"22":0.062942,"23":0.040054,"24":0.045776,"25":0.02861,"26":0.040054,"27":0.005722,"28":0.005722,"29":0,"30":0.051498,"31":0.011444,"32":0.011444,"33":0.097274,"34":0.02861,"35":0.062942,"36":0.137328,"37":0.051498,"38":0.011444,"39":0.005722,"40":0.05722,"41":0.017166,"42":0.022888,"43":0.11444,"44":0.011444,"45":0.045776,"46":0.068664,"47":0.14305,"48":0.08583,"49":0.017166,"50":0.045776,"51":0.148772,"52":0.360486,"53":0.091552,"54":2.426128,"55":0.663752,"56":0.034332,"57":0,"58":0},"opera":{"9":0,"9.5-9.6":0.005722,"10.0-10.1":0.022888,"10.5":0.062942,"10.6":0.097274,"11":0.022888,"11.1":0.02861,"11.5":0.080108,"11.6":0.263212,"12":0.205992,"12.1":0.766748,"15":0.005722,"16":0.05722,"17":0.022888,"18":0.017166,"19":0.005722,"20":0.068664,"21":0.017166,"22":0.005722,"23":0.034332,"24":0.017166,"25":0.040054,"26":0.022888,"27":0.102996,"28":0.005722,"29":0.005722,"30":0.011444,"31":0.005722,"32":0.017166,"33":0.011444,"34":0.011444,"35":0.011444,"36":0.497814,"37":0.011444,"38":0.005722,"39":0.005722,"40":0.062942,"41":0.017166,"42":0.131606,"43":0.074386,"44":0.02861,"45":0.120162,"46":1.728044,"47":1.25884,"48":0.011444,"49":0},"safari":{"3.1":0.040054,"3.2":0,"4":0.051498,"5":0.102996,"5.1":0.05722,"6":0.297544,"6.1":0.005722,"7":0.022888,"7.1":0.011444,"8":0.017166,"9":0.022888,"9.1":0.068664,"10":0.14305,"10.1":0.291822,"11":0.005722,"0":null},"ios_saf":{"3.2":0,"4.0-4.1":0,"4.2-4.3":0,"5.0-5.1":0,"6.0-6.1":0,"7.0-7.1":0.0191815925661,"8":0,"8.1-8.4":0.0155279558869,"9.0-9.2":0.201406721944,"9.3":0.145688762586,"10.0-10.2":0.563116753191,"10.3":3.52758621383,"11":null},"android":{"2.1":0,"2.2":0,"2.3":0,"3":0,"4":0,"4.1":0.233244847428,"4.2-4.3":0.602549189189,"4.4":1.66834856146,"4.4.3-4.4.4":1.21157740192,"56":null},"op_mob":{"10":null,"11":null,"11.1":null,"11.5":null,"12":null,"12.1":null,"0":null},"ie":{"5.5":0,"6":0.00581939574468,"7":0.00581939574468,"8":1.29190585532,"9":0.162943080851,"10":0.279330995745,"11":0.983477880851},"edge":{"12":0.040054,"13":0.120162,"14":0.11444,"15":null,"16":null},"bb":{"7":0.0017112,"10":0.0068448},"samsung":{"4":0,"5":0},"ie_mob":{"10":0.2454056,"11":0.4238824},"baidu":{"0":null},"and_ff":{"0":0.008556},"and_qq":{"1.2":null},"and_uc":{"0":15.666036},"op_mini":{"0":2.42824662914},"and_chr":{"0":12.13809}},"total":90.8280612334}