{"id":"VA","name":"Holy See (Vatican City State)","month":"2017-08","access_date":"2017-09-04","data":{"chrome":{"4":0,"5":0,"6":0,"7":0,"8":0,"9":0,"10":0,"11":0,"12":0,"13":0,"14":0,"15":0,"16":0,"17":0,"18":0,"19":0,"20":0,"21":0,"22":0.09687,"23":0,"24":0,"25":0,"26":0,"27":0,"28":0,"29":0,"30":0.009687,"31":0,"32":0,"33":0,"34":1.104318,"35":0,"36":0,"37":0,"38":0,"39":0.765273,"40":0.019374,"41":0,"42":0,"43":0,"44":0,"45":0,"46":0,"47":0.009687,"48":0,"49":3.710121,"50":0,"51":0,"52":0.009687,"53":0,"54":0,"55":0.048435,"56":0,"57":0,"58":0.949326,"59":9.890427,"60":33.604203,"61":0.009687,"62":0.009687,"63":0},"firefox":{"2":0,"3":0,"3.5":0,"3.6":0.029061,"4":0,"5":0,"6":0,"7":0,"8":0,"9":0,"10":0,"11":0,"12":0,"13":0,"14":0,"15":0,"16":0,"17":0,"18":0,"19":0,"20":0,"21":0.087183,"22":0,"23":0,"24":0,"25":0,"26":0,"27":0,"28":0,"29":0.009687,"30":0.009687,"31":0,"32":0.087183,"33":0.019374,"34":0,"35":0.106557,"36":0.135618,"37":0,"38":0,"39":0.087183,"40":0,"41":0,"42":0,"43":0.755586,"44":0.009687,"45":0.009687,"46":0.067809,"47":0.009687,"48":0.058122,"49":0.038748,"50":0.058122,"51":0.455289,"52":0.571533,"53":0.019374,"54":15.276399,"55":2.944848,"56":0.019374,"57":0,"58":0},"opera":{"9":0,"9.5-9.6":0,"10.0-10.1":0,"10.5":0,"10.6":0,"11":0,"11.1":0,"11.5":0,"11.6":0,"12":0,"12.1":0,"15":0,"16":0,"17":0,"18":0,"19":0,"20":0,"21":0,"22":0,"23":0,"24":0,"25":0,"26":0,"27":0,"28":0,"29":0,"30":0,"31":0,"32":0,"33":0,"34":0,"35":0,"36":0,"37":0,"38":0.009687,"39":0,"40":0,"41":0,"42":0,"43":0,"44":0,"45":0,"46":0.038748,"47":0.038748,"48":0,"49":0},"safari":{"3.1":0,"3.2":0,"4":0,"5":0,"5.1":0.087183,"6":0.009687,"6.1":0,"7":0.019374,"7.1":0.009687,"8":0.067809,"9":0.067809,"9.1":0.523098,"10":0.019374,"10.1":3.041718,"11":0,"0":null},"ios_saf":{"3.2":0,"4.0-4.1":0,"4.2-4.3":0,"5.0-5.1":0,"6.0-6.1":0,"7.0-7.1":0.0214641658327,"8":0,"8.1-8.4":0.0173757532932,"9.0-9.2":0.225373741244,"9.3":0.163025450015,"10.0-10.2":0.630126582661,"10.3":3.94736230695,"11":null},"android":{"2.1":0,"2.2":0,"2.3":0,"3":0,"4":0,"4.1":0.00537947340889,"4.2-4.3":0.013896972973,"4.4":0.0384781778553,"4.4.3-4.4.4":0.0279433757629,"56":null},"op_mob":{"10":null,"11":null,"11.1":null,"11.5":null,"12":null,"12.1":null,"0":null},"ie":{"5.5":0,"6":0,"7":0,"8":0.019374,"9":0.610281,"10":0.135618,"11":16.051359},"edge":{"12":0.009687,"13":0.029061,"14":0.271236,"15":null,"16":null},"bb":{"7":0,"10":0},"samsung":{"4":0,"5":0},"ie_mob":{"10":null,"11":null},"baidu":{"0":null},"and_ff":{"0":0},"and_qq":{"1.2":null},"and_uc":{"0":0.140537},"op_mini":{"0":0.00452813576159},"and_chr":{"0":1.558557}},"total":98.9561661358}