{"id":"VC","name":"Saint Vincent and the Grenadines","month":"2017-08","access_date":"2017-09-04","data":{"chrome":{"4":0,"5":0,"6":0,"7":0,"8":0,"9":0,"10":0,"11":0.006372,"12":0,"13":0,"14":0,"15":0,"16":0,"17":0,"18":0,"19":0,"20":0,"21":0,"22":0.057348,"23":0,"24":0,"25":0,"26":0.006372,"27":0,"28":0,"29":0.06372,"30":0,"31":0.006372,"32":0.006372,"33":0.006372,"34":0.019116,"35":0.006372,"36":0.216648,"37":0,"38":0.025488,"39":0.006372,"40":0,"41":0,"42":0.006372,"43":0.089208,"44":0.03186,"45":0.025488,"46":0.012744,"47":0.082836,"48":0.012744,"49":0.936684,"50":0.038232,"51":0.401436,"52":0.019116,"53":0.044604,"54":0.178416,"55":0.57348,"56":0.133812,"57":0.114696,"58":0.60534,"59":7.729236,"60":24.91452,"61":0.197532,"62":0.101952,"63":0},"firefox":{"2":0,"3":0.006372,"3.5":0,"3.6":0,"4":0,"5":0,"6":0,"7":0,"8":0,"9":0,"10":0,"11":0,"12":0,"13":0,"14":0,"15":0,"16":0.012744,"17":0,"18":0,"19":0,"20":0,"21":0,"22":0,"23":0,"24":0,"25":0,"26":0,"27":0,"28":0,"29":0,"30":0,"31":0.006372,"32":0,"33":0.012744,"34":0,"35":0.006372,"36":0.006372,"37":0,"38":0.019116,"39":0.019116,"40":0,"41":0.012744,"42":0,"43":0.006372,"44":0,"45":0.006372,"46":0.019116,"47":0.038232,"48":0.012744,"49":0.012744,"50":0.006372,"51":0.082836,"52":0.293112,"53":0.012744,"54":4.103568,"55":1.618488,"56":0.082836,"57":0,"58":0},"opera":{"9":0,"9.5-9.6":0,"10.0-10.1":0,"10.5":0,"10.6":0,"11":0,"11.1":0,"11.5":0,"11.6":0,"12":0,"12.1":0.012744,"15":0,"16":0,"17":0,"18":0,"19":0,"20":0,"21":0,"22":0,"23":0,"24":0,"25":0,"26":0,"27":0,"28":0,"29":0.006372,"30":0,"31":0,"32":0,"33":0,"34":0,"35":0,"36":0.006372,"37":0.019116,"38":0,"39":0.006372,"40":0,"41":0,"42":0,"43":0,"44":0,"45":0.019116,"46":0.815616,"47":0.522504,"48":0,"49":0},"safari":{"3.1":0,"3.2":0,"4":0,"5":0,"5.1":0.006372,"6":0,"6.1":0.012744,"7":0,"7.1":0,"8":0.03186,"9":0.025488,"9.1":0.140184,"10":0.114696,"10.1":0.974916,"11":0.019116,"0":null},"ios_saf":{"3.2":0,"4.0-4.1":0,"4.2-4.3":0,"5.0-5.1":0,"6.0-6.1":0,"7.0-7.1":0.0281227162259,"8":0,"8.1-8.4":0.0227660083733,"9.0-9.2":0.295288520372,"9.3":0.21359872562,"10.0-10.2":0.825602597774,"10.3":5.17190143163,"11":null},"android":{"2.1":0,"2.2":0,"2.3":0,"3":0,"4":0,"4.1":0.30569379599,"4.2-4.3":0.789708972973,"4.4":2.18655979076,"4.4.3-4.4.4":1.58790944028,"56":null},"op_mob":{"10":null,"11":null,"11.1":null,"11.5":null,"12":null,"12.1":null,"0":null},"ie":{"5.5":0,"6":0,"7":0,"8":0.0383511028037,"9":0.0383511028037,"10":0.0894859065421,"11":1.88559588785},"edge":{"12":0.12744,"13":0.624456,"14":1.7523,"15":null,"16":null},"bb":{"7":0.0413592,"10":0.1654368},"samsung":{"4":0,"5":0},"ie_mob":{"10":0.0465008695652,"11":0.220879130435},"baidu":{"0":null},"and_ff":{"0":0.039908},"and_qq":{"1.2":null},"and_uc":{"0":0.391824},"op_mini":{"0":0.515596463576},"and_chr":{"0":30.998204}},"total":94.2111484636}