{"id":"VE","name":"Venezuela","month":"2017-08","access_date":"2017-09-04","data":{"chrome":{"4":0,"5":0,"6":0.0363,"7":0.00726,"8":0,"9":0,"10":0,"11":0.02178,"12":0.00726,"13":0.00726,"14":0,"15":0,"16":0,"17":0,"18":0.00726,"19":0,"20":0.02178,"21":0.00726,"22":0.00726,"23":0.00726,"24":0.01452,"25":0.00726,"26":0.00726,"27":0.02904,"28":0.00726,"29":0.10164,"30":0.00726,"31":0.02178,"32":0.00726,"33":0.00726,"34":0.02178,"35":0.01452,"36":0.0726,"37":0.05808,"38":0.02178,"39":0.02904,"40":0.01452,"41":0.01452,"42":0.02178,"43":0.08712,"44":0.04356,"45":0.0363,"46":0.0726,"47":0.05082,"48":0.07986,"49":4.9005,"50":0.06534,"51":0.48642,"52":0.05808,"53":0.19602,"54":0.2904,"55":0.41382,"56":0.51546,"57":0.21054,"58":0.74778,"59":9.82278,"60":33.51216,"61":0.08712,"62":0.04356,"63":0},"firefox":{"2":0.01452,"3":0.02904,"3.5":0.00726,"3.6":0.09438,"4":0.00726,"5":0,"6":0,"7":0,"8":0.29766,"9":0,"10":0,"11":0,"12":0.00726,"13":0.00726,"14":0.00726,"15":0,"16":0.00726,"17":0,"18":0,"19":0.00726,"20":0.00726,"21":0.00726,"22":0,"23":0.04356,"24":0.00726,"25":0.00726,"26":0.05082,"27":0.48642,"28":0.00726,"29":0.02178,"30":0.01452,"31":0.02904,"32":0.01452,"33":0.01452,"34":0.01452,"35":0.01452,"36":0.01452,"37":0.02178,"38":0.05808,"39":0.02178,"40":0.05808,"41":0.02178,"42":0.02178,"43":0.1089,"44":0.02178,"45":0.13794,"46":0.02904,"47":0.1452,"48":0.22506,"49":0.09438,"50":0.15972,"51":0.11616,"52":1.13256,"53":0.1452,"54":4.32696,"55":1.7787,"56":0.02904,"57":0,"58":0},"opera":{"9":0,"9.5-9.6":0,"10.0-10.1":0,"10.5":0,"10.6":0,"11":0,"11.1":0,"11.5":0,"11.6":0,"12":0,"12.1":0.00726,"15":0,"16":0,"17":0,"18":0,"19":0,"20":0,"21":0,"22":0,"23":0,"24":0,"25":0,"26":0,"27":0,"28":0.00726,"29":0,"30":0,"31":0,"32":0,"33":0,"34":0,"35":0,"36":0.05808,"37":0.00726,"38":0,"39":0,"40":0.01452,"41":0.01452,"42":0.02904,"43":0.01452,"44":0.00726,"45":0.02178,"46":0.53724,"47":0.49368,"48":0.00726,"49":0},"safari":{"3.1":0,"3.2":0,"4":0.00726,"5":0.01452,"5.1":0.02904,"6":0,"6.1":0.00726,"7":0.00726,"7.1":0.00726,"8":0.02904,"9":0.02904,"9.1":0.11616,"10":0.07986,"10.1":0.52272,"11":0,"0":null},"ios_saf":{"3.2":0,"4.0-4.1":0,"4.2-4.3":0,"5.0-5.1":0,"6.0-6.1":0,"7.0-7.1":0.0133148534668,"8":0,"8.1-8.4":0.0107786909017,"9.0-9.2":0.139805961401,"9.3":0.101129482283,"10.0-10.2":0.390886055346,"10.3":2.4486649566,"11":null},"android":{"2.1":0,"2.2":0,"2.3":0,"3":0,"4":0,"4.1":0.370970113339,"4.2-4.3":0.958339459459,"4.4":2.65346678291,"4.4.3-4.4.4":1.92698364429,"56":null},"op_mob":{"10":null,"11":null,"11.1":null,"11.5":null,"12":null,"12.1":null,"0":null},"ie":{"5.5":0,"6":0.00764010471204,"7":0.0229203141361,"8":0.252123455497,"9":0.0764010471204,"10":0.0764010471204,"11":1.02377403141},"edge":{"12":0.04356,"13":0.10164,"14":0.23232,"15":null,"16":null},"bb":{"7":0.146864,"10":0.587456},"samsung":{"4":0,"5":0},"ie_mob":{"10":0.2454056,"11":0.4238824},"baidu":{"0":null},"and_ff":{"0":0.03836},"and_qq":{"1.2":null},"and_uc":{"0":0.30414},"op_mini":{"0":2.18948682119},"and_chr":{"0":18.32848}},"total":97.4097548212}