{"id":"VG","name":"Virgin Islands, British","month":"2017-08","access_date":"2017-09-04","data":{"chrome":{"4":0,"5":0,"6":0,"7":0,"8":0,"9":0,"10":0,"11":0,"12":0,"13":0,"14":0,"15":0,"16":0,"17":0,"18":0,"19":0,"20":0,"21":0,"22":0,"23":0,"24":0,"25":0,"26":0.061236,"27":0,"28":0,"29":0,"30":0,"31":0.013608,"32":0.06804,"33":0.006804,"34":0,"35":0,"36":0.176904,"37":0,"38":0.020412,"39":0,"40":0.006804,"41":0,"42":0.027216,"43":0.047628,"44":0.006804,"45":1.578528,"46":0.115668,"47":0.251748,"48":0.394632,"49":1.619352,"50":0.762048,"51":1.56492,"52":0.054432,"53":1.63296,"54":0.938952,"55":2.408616,"56":0.20412,"57":0.149688,"58":1.068228,"59":5.54526,"60":19.343772,"61":0.054432,"62":0.061236,"63":0},"firefox":{"2":0,"3":0,"3.5":0,"3.6":0,"4":0,"5":0,"6":0,"7":0,"8":0,"9":0,"10":0,"11":0,"12":0,"13":0,"14":0,"15":0,"16":0,"17":0,"18":0,"19":0.03402,"20":0,"21":0,"22":0,"23":0,"24":0,"25":0,"26":0,"27":0,"28":0,"29":0,"30":0,"31":0,"32":0,"33":0,"34":0,"35":0,"36":0,"37":0,"38":0,"39":0,"40":0.006804,"41":0,"42":0,"43":0.006804,"44":0,"45":0.006804,"46":0.006804,"47":0.013608,"48":0.06804,"49":0.367416,"50":0.047628,"51":0.040824,"52":0.197316,"53":0.03402,"54":1.979964,"55":0.728028,"56":0,"57":0,"58":0},"opera":{"9":0,"9.5-9.6":0,"10.0-10.1":0,"10.5":0,"10.6":0,"11":0,"11.1":0,"11.5":0,"11.6":0,"12":0,"12.1":0.006804,"15":0,"16":0,"17":0,"18":0,"19":0,"20":0,"21":0,"22":0,"23":0,"24":0,"25":0,"26":0,"27":0,"28":0,"29":0,"30":0,"31":0,"32":0,"33":0,"34":0,"35":0.061236,"36":0.047628,"37":0,"38":0.006804,"39":0.006804,"40":0,"41":0,"42":0,"43":0,"44":0,"45":0,"46":0.387828,"47":0.292572,"48":0,"49":0},"safari":{"3.1":0,"3.2":0,"4":0,"5":0,"5.1":0.013608,"6":0,"6.1":0.013608,"7":0.03402,"7.1":0,"8":0.03402,"9":0.292572,"9.1":0.864108,"10":0.13608,"10.1":2.24532,"11":0.013608,"0":null},"ios_saf":{"3.2":0,"4.0-4.1":0,"4.2-4.3":0,"5.0-5.1":0,"6.0-6.1":0,"7.0-7.1":0.0509220471766,"8":0,"8.1-8.4":0.0412226096191,"9.0-9.2":0.534681495354,"9.3":0.386765072603,"10.0-10.2":1.49492581354,"10.3":9.36480696171,"11":null},"android":{"2.1":0,"2.2":0,"2.3":0,"3":0,"4":0,"4.1":0.125285523976,"4.2-4.3":0.32365427027,"4.4":0.89613951177,"4.4.3-4.4.4":0.650788693984,"56":null},"op_mob":{"10":null,"11":null,"11.1":null,"11.5":null,"12":null,"12.1":null,"0":null},"ie":{"5.5":0,"6":0,"7":0.00826129667149,"8":0.148703340087,"9":0.173487230101,"10":0.132180746744,"11":5.22113949638},"edge":{"12":0.027216,"13":1.456056,"14":1.469664,"15":null,"16":null},"bb":{"7":0.0115056,"10":0.0460224},"samsung":{"4":0,"5":0},"ie_mob":{"10":null,"11":null},"baidu":{"0":null},"and_ff":{"0":0.009588},"and_qq":{"1.2":null},"and_uc":{"0":0.744668},"op_mini":{"0":0.372609152318},"and_chr":{"0":17.323684}},"total":87.1927252623}