{"id":"VI","name":"Virgin Island, U.S.","month":"2017-08","access_date":"2017-09-04","data":{"chrome":{"4":0,"5":0,"6":0,"7":0,"8":0,"9":0,"10":0,"11":0,"12":0,"13":0,"14":0,"15":0,"16":0,"17":0,"18":0.005987,"19":0,"20":0,"21":0,"22":0.017961,"23":0.029935,"24":0,"25":0,"26":0,"27":0,"28":0,"29":0,"30":0,"31":0,"32":0.005987,"33":3.454499,"34":0,"35":0.005987,"36":0,"37":0.005987,"38":0.023948,"39":0.005987,"40":0.005987,"41":0.005987,"42":0.011974,"43":0.011974,"44":0,"45":0.005987,"46":0,"47":0.035922,"48":0.005987,"49":0.496921,"50":0.011974,"51":0.023948,"52":0.011974,"53":0.023948,"54":0,"55":0.568765,"56":0.083818,"57":0.11974,"58":0.113753,"59":5.609819,"60":15.099214,"61":0.011974,"62":0.041909,"63":0},"firefox":{"2":0.005987,"3":0,"3.5":0,"3.6":0,"4":0,"5":0,"6":0,"7":0,"8":0,"9":0,"10":0,"11":0,"12":0,"13":0,"14":0,"15":0,"16":0,"17":0,"18":0,"19":0,"20":0,"21":0.005987,"22":0,"23":0,"24":0,"25":0,"26":0,"27":0,"28":0,"29":0,"30":0,"31":0.005987,"32":0,"33":0.011974,"34":0,"35":0,"36":0.005987,"37":0.005987,"38":0,"39":0,"40":0.005987,"41":0,"42":0.005987,"43":0.023948,"44":0,"45":0.065857,"46":0.017961,"47":0.005987,"48":0.05987,"49":0,"50":0.011974,"51":0.005987,"52":0.161649,"53":0.065857,"54":3.508382,"55":1.526685,"56":0.035922,"57":0,"58":0},"opera":{"9":0,"9.5-9.6":0,"10.0-10.1":0,"10.5":0,"10.6":0,"11":0,"11.1":0,"11.5":0,"11.6":0,"12":0,"12.1":0.017961,"15":0,"16":0,"17":0,"18":0,"19":0,"20":0,"21":0,"22":0,"23":0,"24":0,"25":0,"26":0,"27":0,"28":0,"29":0,"30":0,"31":0,"32":0,"33":0,"34":0,"35":0,"36":0.005987,"37":0.017961,"38":0,"39":0,"40":0,"41":0,"42":0,"43":0,"44":0,"45":0,"46":0.05987,"47":0.053883,"48":0,"49":0},"safari":{"3.1":0,"3.2":0,"4":0,"5":0,"5.1":0.149675,"6":0.011974,"6.1":0.035922,"7":0,"7.1":0.011974,"8":0.065857,"9":0.053883,"9.1":0.395142,"10":0.221519,"10.1":2.346904,"11":0.017961,"0":null},"ios_saf":{"3.2":0,"4.0-4.1":0,"4.2-4.3":0,"5.0-5.1":0,"6.0-6.1":0,"7.0-7.1":0.112695559685,"8":0,"8.1-8.4":0.091229738793,"9.0-9.2":1.1833033767,"9.3":0.855949608087,"10.0-10.2":3.30841964505,"10.3":20.7252500717,"11":null},"android":{"2.1":0,"2.2":0,"2.3":0,"3":0,"4":0,"4.1":0.160715299041,"4.2-4.3":0.415181189189,"4.4":1.14956081953,"4.4.3-4.4.4":0.834826692241,"56":null},"op_mob":{"10":null,"11":null,"11.1":null,"11.5":null,"12":null,"12.1":null,"0":null},"ie":{"5.5":0,"6":0,"7":0.005987,"8":0.023948,"9":0.245467,"10":0.041909,"11":6.364181},"edge":{"12":0.185597,"13":0.317311,"14":1.849983,"15":null,"16":null},"bb":{"7":0.0032104,"10":0.0128416},"samsung":{"4":0,"5":0},"ie_mob":{"10":0.2454056,"11":0.4238824},"baidu":{"0":null},"and_ff":{"0":0.112364},"and_qq":{"1.2":null},"and_uc":{"0":0.136442},"op_mini":{"0":0.0170751821192},"and_chr":{"0":16.459448}},"total":90.1504721821}