{"id":"VN","name":"Vietnam","month":"2017-08","access_date":"2017-09-04","data":{"chrome":{"4":0,"5":0,"6":0,"7":0,"8":0,"9":0,"10":0,"11":0.008092,"12":0.008092,"13":0,"14":0.008092,"15":0,"16":0.008092,"17":0.008092,"18":0.024276,"19":0.016184,"20":0.008092,"21":0.008092,"22":0.016184,"23":0.016184,"24":0.008092,"25":0.008092,"26":0.008092,"27":0.008092,"28":0.008092,"29":0.186116,"30":0.008092,"31":0.04046,"32":0.008092,"33":0.008092,"34":0.056644,"35":0.008092,"36":0.016184,"37":0.008092,"38":0.024276,"39":0.024276,"40":0.008092,"41":0.04046,"42":0,"43":0.16184,"44":0.056644,"45":0.04046,"46":0.250852,"47":0.145656,"48":0.113288,"49":3.139696,"50":0.08092,"51":0.760648,"52":0.072828,"53":0.267036,"54":0.48552,"55":0.558348,"56":0.695912,"57":0.24276,"58":0.639268,"59":8.067724,"60":24.971912,"61":0.258944,"62":0.04046,"63":0},"firefox":{"2":0.008092,"3":0.024276,"3.5":0.016184,"3.6":0.032368,"4":0.008092,"5":0,"6":0,"7":0,"8":0,"9":0,"10":0,"11":0.008092,"12":0.008092,"13":0,"14":0,"15":0,"16":0,"17":0,"18":0,"19":0,"20":0,"21":0.008092,"22":0.024276,"23":0,"24":0,"25":0,"26":0,"27":0.008092,"28":0,"29":0.008092,"30":0.008092,"31":0.008092,"32":0,"33":0.024276,"34":0.024276,"35":0.008092,"36":0.008092,"37":0.008092,"38":0.016184,"39":0.008092,"40":0.032368,"41":0.008092,"42":0.032368,"43":0.032368,"44":0.008092,"45":0.024276,"46":0.024276,"47":0.089012,"48":0.24276,"49":0.089012,"50":0.12138,"51":0.089012,"52":0.356048,"53":0.056644,"54":2.241484,"55":0.946764,"56":0.04046,"57":0,"58":0},"opera":{"9":0,"9.5-9.6":0,"10.0-10.1":0,"10.5":0,"10.6":0.008092,"11":0,"11.1":0,"11.5":0,"11.6":0.008092,"12":0.008092,"12.1":0.032368,"15":0,"16":0,"17":0,"18":0,"19":0,"20":0,"21":0,"22":0,"23":0,"24":0,"25":0,"26":0,"27":0.008092,"28":0.008092,"29":0,"30":0,"31":0,"32":0.008092,"33":0,"34":0,"35":0,"36":0.008092,"37":0,"38":0,"39":0,"40":0.016184,"41":0.016184,"42":0.024276,"43":0.008092,"44":0,"45":0,"46":0.436968,"47":0.24276,"48":0,"49":0},"safari":{"3.1":0,"3.2":0,"4":0.016184,"5":0.008092,"5.1":0.008092,"6":0,"6.1":0,"7":0.024276,"7.1":0,"8":0.04046,"9":0.089012,"9.1":0.16184,"10":0.2023,"10.1":0.995316,"11":0.008092,"0":null},"ios_saf":{"3.2":0,"4.0-4.1":0,"4.2-4.3":0,"5.0-5.1":0,"6.0-6.1":0,"7.0-7.1":0.0339248834882,"8":0,"8.1-8.4":0.027463000919,"9.0-9.2":0.356211276626,"9.3":0.257667567446,"10.0-10.2":0.995937650975,"10.3":6.23894762055,"11":null},"android":{"2.1":0,"2.2":0,"2.3":0,"3":0,"4":0,"4.1":0.0661900331299,"4.2-4.3":0.170990918919,"4.4":0.473442598082,"4.4.3-4.4.4":0.343820449869,"56":null},"op_mob":{"10":null,"11":null,"11.1":null,"11.5":null,"12":null,"12.1":null,"0":null},"ie":{"5.5":0,"6":0.00907155789474,"7":0.00907155789474,"8":0.444506336842,"9":0.226788947368,"10":0.272146736842,"11":0.762010863158},"edge":{"12":0.072828,"13":0.032368,"14":0.194208,"15":null,"16":null},"bb":{"7":0.0183168,"10":0.0732672},"samsung":{"4":0,"5":0},"ie_mob":{"10":0.2454056,"11":0.4238824},"baidu":{"0":null},"and_ff":{"0":0.015264},"and_qq":{"1.2":null},"and_uc":{"0":1.410012},"op_mini":{"0":0.503345562914},"and_chr":{"0":9.564348}},"total":71.9876455629}