{"id":"VU","name":"Vanuatu","month":"2017-08","access_date":"2017-09-04","data":{"chrome":{"4":0,"5":0,"6":0,"7":0,"8":0,"9":0,"10":0.006089,"11":0,"12":0.006089,"13":0,"14":0.006089,"15":0,"16":0,"17":0,"18":0,"19":0,"20":0.042623,"21":0,"22":0,"23":0,"24":0.006089,"25":0.006089,"26":0.012178,"27":0.024356,"28":0,"29":0,"30":0,"31":0.103513,"32":0,"33":0,"34":0.115691,"35":0,"36":0.006089,"37":0,"38":0.012178,"39":0.006089,"40":0.006089,"41":0,"42":0,"43":0.176581,"44":0,"45":0.036534,"46":0.036534,"47":0.073068,"48":0,"49":0.517565,"50":0,"51":0.006089,"52":0.006089,"53":0.012178,"54":0.012178,"55":0.462764,"56":0.377518,"57":0.085246,"58":0.30445,"59":5.340053,"60":15.89229,"61":0.06089,"62":0.091335,"63":0},"firefox":{"2":0.012178,"3":0,"3.5":0,"3.6":0.006089,"4":0,"5":0.006089,"6":0.006089,"7":0,"8":0,"9":0,"10":0,"11":0.018267,"12":0.006089,"13":0,"14":0,"15":0,"16":0.024356,"17":0,"18":0.018267,"19":0,"20":0.012178,"21":0.024356,"22":0,"23":0.006089,"24":0.006089,"25":0,"26":0,"27":0,"28":0,"29":0.012178,"30":0.006089,"31":0,"32":0.042623,"33":0,"34":0.219204,"35":0.024356,"36":0.006089,"37":0.012178,"38":0.207026,"39":0.030445,"40":0.018267,"41":0.012178,"42":0.006089,"43":0.237471,"44":0.109602,"45":0.042623,"46":0.012178,"47":0.657612,"48":0.840282,"49":0.018267,"50":0.334895,"51":0.030445,"52":0.176581,"53":0.249649,"54":8.323663,"55":2.49649,"56":0.566277,"57":0,"58":0},"opera":{"9":0,"9.5-9.6":0,"10.0-10.1":0,"10.5":0,"10.6":0,"11":0,"11.1":0,"11.5":0,"11.6":0,"12":0,"12.1":0,"15":0,"16":0,"17":0,"18":0,"19":0,"20":0,"21":0,"22":0,"23":0,"24":0,"25":0,"26":0,"27":0,"28":0,"29":0,"30":0,"31":0,"32":0,"33":0,"34":0,"35":0,"36":0,"37":0,"38":0,"39":0,"40":0,"41":0,"42":0,"43":0,"44":0,"45":0,"46":0.103513,"47":0.048712,"48":0,"49":0},"safari":{"3.1":0,"3.2":0,"4":0.073068,"5":0.012178,"5.1":0,"6":0,"6.1":0.012178,"7":0.006089,"7.1":0,"8":0.006089,"9":0.036534,"9.1":0.06089,"10":0.42623,"10.1":0.785481,"11":0,"0":null},"ios_saf":{"3.2":0,"4.0-4.1":0,"4.2-4.3":0,"5.0-5.1":0,"6.0-6.1":0,"7.0-7.1":0.0284890164403,"8":0,"8.1-8.4":0.0230625371183,"9.0-9.2":0.299134672623,"9.3":0.216380862963,"10.0-10.2":0.836356125498,"10.3":5.23926578536,"11":null},"android":{"2.1":0,"2.2":0,"2.3":0,"3":0,"4":0,"4.1":0.450150465562,"4.2-4.3":1.1628887027,"4.4":3.21982624673,"4.4.3-4.4.4":2.338281585,"56":null},"op_mob":{"10":null,"11":null,"11.1":null,"11.5":null,"12":null,"12.1":null,"0":null},"ie":{"5.5":0,"6":0.307192792793,"7":0,"8":2.32237751351,"9":0.282617369369,"10":0.448501477477,"11":3.39755228829},"edge":{"12":0.773303,"13":0.535832,"14":0.566277,"15":null,"16":null},"bb":{"7":0,"10":0},"samsung":{"4":0,"5":0},"ie_mob":{"10":0.2454056,"11":0.4238824},"baidu":{"0":null},"and_ff":{"0":0.617938},"and_qq":{"1.2":null},"and_uc":{"0":0.946462},"op_mini":{"0":0.166411754967},"and_chr":{"0":29.810544}},"total":94.9186011964}