{"id":"WF","name":"Wallis and Futuna","month":"2017-08","access_date":"2017-09-04","data":{"chrome":{"4":0,"5":0,"6":0,"7":0,"8":0,"9":0,"10":0,"11":0,"12":0,"13":0,"14":0,"15":0,"16":0,"17":0,"18":0,"19":0,"20":0,"21":0,"22":0,"23":0,"24":0,"25":0,"26":0,"27":0,"28":0,"29":0,"30":0,"31":0,"32":0,"33":0,"34":0,"35":0,"36":0,"37":0,"38":0,"39":0,"40":0,"41":0,"42":0,"43":0,"44":0,"45":0,"46":0,"47":0,"48":0,"49":0.256784,"50":0,"51":0,"52":0,"53":0.017508,"54":0.049606,"55":0.081704,"56":0.096294,"57":0,"58":0.017508,"59":3.04931,"60":5.564626,"61":0.017508,"62":0,"63":0},"firefox":{"2":0,"3":0,"3.5":0,"3.6":0,"4":0,"5":0,"6":0,"7":0,"8":0,"9":0,"10":0,"11":0,"12":0,"13":0,"14":0,"15":0,"16":0,"17":0.081704,"18":0,"19":0,"20":0,"21":0,"22":0,"23":0.017508,"24":0,"25":0,"26":0,"27":0,"28":0,"29":0,"30":0,"31":0.017508,"32":0,"33":0,"34":0,"35":0.017508,"36":0.017508,"37":0,"38":0,"39":0,"40":0,"41":0,"42":0,"43":0.032098,"44":0,"45":0,"46":0,"47":0.741172,"48":0.017508,"49":0,"50":0,"51":0,"52":1.257658,"53":0.032098,"54":3.017212,"55":0.388094,"56":0,"57":0,"58":0},"opera":{"9":0,"9.5-9.6":0,"10.0-10.1":0,"10.5":0,"10.6":0,"11":0,"11.1":0,"11.5":0,"11.6":0,"12":0,"12.1":0,"15":0,"16":0,"17":0,"18":0,"19":0,"20":0,"21":0,"22":0,"23":0,"24":0,"25":0,"26":0,"27":0,"28":0,"29":0,"30":0,"31":0,"32":0,"33":0,"34":0,"35":0,"36":0,"37":0,"38":0,"39":0,"40":0,"41":0,"42":0,"43":0,"44":0,"45":0,"46":0.017508,"47":0.224686,"48":0,"49":0},"safari":{"3.1":0,"3.2":0,"4":0,"5":0,"5.1":0,"6":0,"6.1":0,"7":0,"7.1":0,"8":0.081704,"9":0,"9.1":0.049606,"10":0.032098,"10.1":0.676976,"11":0,"0":null},"ios_saf":{"3.2":0,"4.0-4.1":0,"4.2-4.3":0,"5.0-5.1":0,"6.0-6.1":0,"7.0-7.1":0.0286889206576,"8":0,"8.1-8.4":0.0232243643419,"9.0-9.2":0.301233666905,"9.3":0.21789918309,"10.0-10.2":0.842224742163,"10.3":5.27602912284,"11":null},"android":{"2.1":0,"2.2":0,"2.3":0,"3":0,"4":0,"4.1":0.0788025248474,"4.2-4.3":0.203573189189,"4.4":0.563656948561,"4.4.3-4.4.4":0.409335337402,"56":null},"op_mob":{"10":null,"11":null,"11.1":null,"11.5":null,"12":null,"12.1":null,"0":null},"ie":{"5.5":0,"6":0,"7":0,"8":0,"9":0.017508,"10":0.017508,"11":1.143856},"edge":{"12":0.064196,"13":0.2918,"14":0.388094,"15":null,"16":null},"bb":{"7":0,"10":0},"samsung":{"4":0,"5":0},"ie_mob":{"10":0.2454056,"11":0.4238824},"baidu":{"0":null},"and_ff":{"0":0},"and_qq":{"1.2":null},"and_uc":{"0":0.10623},"op_mini":{"0":0.0421871456954},"and_chr":{"0":20.55772}},"total":47.1140571457}