{"id":"YE","name":"Yemen","month":"2017-08","access_date":"2017-09-04","data":{"chrome":{"4":0,"5":0.002254,"6":0,"7":0,"8":0.002254,"9":0,"10":0.004508,"11":0.054096,"12":0.004508,"13":0.004508,"14":0.004508,"15":0.006762,"16":0,"17":0.01127,"18":0.015778,"19":0.004508,"20":0.006762,"21":0.002254,"22":0.024794,"23":0.02254,"24":0.013524,"25":0.01127,"26":0.004508,"27":0.01127,"28":0.02254,"29":0.01127,"30":0.029302,"31":0.099176,"32":0.058604,"33":0.069874,"34":0.038318,"35":0.004508,"36":0.027048,"37":0.020286,"38":0.04508,"39":0.171304,"40":0.1127,"41":0.03381,"42":0.02254,"43":0.189336,"44":0.02254,"45":0.060858,"46":0.085652,"47":0.110446,"48":0.058604,"49":0.779884,"50":0.040572,"51":0.074382,"52":0.058604,"53":0.09016,"54":0.054096,"55":0.286258,"56":0.220892,"57":0.274988,"58":0.216384,"59":2.578576,"60":7.147434,"61":0.015778,"62":0.009016,"63":0},"firefox":{"2":0,"3":0.01127,"3.5":0,"3.6":0.006762,"4":0.009016,"5":0.004508,"6":0.015778,"7":0.002254,"8":0.002254,"9":0.002254,"10":0.015778,"11":0.006762,"12":0.027048,"13":0.004508,"14":0.002254,"15":0.02254,"16":0.01127,"17":0.004508,"18":0.013524,"19":0.002254,"20":0.006762,"21":0.02254,"22":0.009016,"23":0.015778,"24":0.002254,"25":0.009016,"26":0.027048,"27":0.047334,"28":0.004508,"29":0.013524,"30":0.024794,"31":0.013524,"32":0.004508,"33":0.024794,"34":0.029302,"35":0.076636,"36":0.04508,"37":0.01127,"38":0.020286,"39":0.049588,"40":0.024794,"41":0.029302,"42":0.040572,"43":0.193844,"44":0.081144,"45":0.081144,"46":0.096922,"47":0.182574,"48":0.166796,"49":0.110446,"50":0.144256,"51":0.081144,"52":0.358386,"53":0.12397,"54":2.048886,"55":0.971474,"56":0.042826,"57":0,"58":0},"opera":{"9":0,"9.5-9.6":0,"10.0-10.1":0,"10.5":0,"10.6":0,"11":0,"11.1":0,"11.5":0,"11.6":0,"12":0,"12.1":0,"15":0,"16":0,"17":0,"18":0,"19":0,"20":0,"21":0,"22":0,"23":0,"24":0,"25":0,"26":0,"27":0,"28":0,"29":0.006762,"30":0,"31":0,"32":0,"33":0,"34":0.002254,"35":0,"36":0,"37":0,"38":0.002254,"39":0.004508,"40":0,"41":0,"42":0,"43":0,"44":0,"45":0.002254,"46":0.006762,"47":0.004508,"48":0,"49":0},"safari":{"3.1":0,"3.2":0,"4":0,"5":0.004508,"5.1":0.002254,"6":0,"6.1":0.002254,"7":0.006762,"7.1":0,"8":0.004508,"9":0.009016,"9.1":0.036064,"10":0.042826,"10.1":0.05635,"11":0,"0":null},"ios_saf":{"3.2":0,"4.0-4.1":0,"4.2-4.3":0,"5.0-5.1":0,"6.0-6.1":0,"7.0-7.1":0.0159911107934,"8":0,"8.1-8.4":0.012945184928,"9.0-9.2":0.167906663331,"9.3":0.121456293883,"10.0-10.2":0.469453324007,"10.3":2.94084142306,"11":null},"android":{"2.1":0,"2.2":0,"2.3":0,"3":0,"4":0,"4.1":1.57438125196,"4.2-4.3":4.06715156757,"4.4":11.2611992328,"4.4.3-4.4.4":8.17803594769,"56":null},"op_mob":{"10":null,"11":null,"11.1":null,"11.5":null,"12":null,"12.1":null,"0":null},"ie":{"5.5":0,"6":0,"7":0,"8":0.092508408377,"9":0.0379521675393,"10":0.023720104712,"11":0.296501308901},"edge":{"12":0.02254,"13":0.049588,"14":0.085652,"15":null,"16":null},"bb":{"7":0.0015492,"10":0.0061968},"samsung":{"4":0,"5":0},"ie_mob":{"10":0.2454056,"11":0.4238824},"baidu":{"0":null},"and_ff":{"0":0.030984},"and_qq":{"1.2":null},"and_uc":{"0":2.424498},"op_mini":{"0":1.3183589404},"and_chr":{"0":43.96223}},"total":96.7780529299}