{"id":"YT","name":"Mayotte","month":"2017-08","access_date":"2017-09-04","data":{"chrome":{"4":0,"5":0,"6":0,"7":0,"8":0,"9":0,"10":0,"11":0.006307,"12":0,"13":0,"14":0,"15":0,"16":0,"17":0,"18":0.018921,"19":0,"20":0,"21":0,"22":0,"23":0,"24":0.012614,"25":0,"26":0,"27":0,"28":0,"29":0,"30":0,"31":0,"32":0,"33":0.012614,"34":0,"35":0.012614,"36":0.466718,"37":0,"38":0,"39":0.012614,"40":0.081991,"41":0,"42":0,"43":0.245973,"44":0,"45":0,"46":0.018921,"47":0.006307,"48":0.006307,"49":0.245973,"50":0.006307,"51":0.012614,"52":0.025228,"53":0.06307,"54":0.025228,"55":0.498253,"56":0.044149,"57":0.138754,"58":0.536095,"59":8.552292,"60":25.92177,"61":0.069377,"62":0.006307,"63":0},"firefox":{"2":0,"3":0,"3.5":0,"3.6":0,"4":0,"5":0,"6":0,"7":0,"8":0.031535,"9":0,"10":0,"11":0.006307,"12":0,"13":0.006307,"14":0,"15":0,"16":0,"17":0.397341,"18":0,"19":0,"20":0,"21":0,"22":0,"23":0.012614,"24":0.025228,"25":0,"26":0,"27":0,"28":0,"29":0,"30":0.006307,"31":0.006307,"32":0.006307,"33":0,"34":0,"35":0,"36":0,"37":0.025228,"38":0.018921,"39":0,"40":0,"41":0.006307,"42":0.006307,"43":0.006307,"44":0.031535,"45":0.031535,"46":0,"47":0.094605,"48":0.050456,"49":0.044149,"50":0.025228,"51":0.006307,"52":0.258587,"53":0.12614,"54":5.146512,"55":1.753346,"56":0.006307,"57":0,"58":0},"opera":{"9":0,"9.5-9.6":0,"10.0-10.1":0,"10.5":0,"10.6":0,"11":0,"11.1":0,"11.5":0,"11.6":0,"12":0,"12.1":0,"15":0,"16":0,"17":0,"18":0,"19":0,"20":0,"21":0,"22":0,"23":0,"24":0.031535,"25":0,"26":0,"27":0,"28":0,"29":0,"30":0,"31":0,"32":0,"33":0,"34":0,"35":0,"36":0,"37":0,"38":0,"39":0.025228,"40":0.094605,"41":0,"42":0,"43":0.006307,"44":0,"45":0,"46":0.561323,"47":0.69377,"48":0,"49":0},"safari":{"3.1":0,"3.2":0,"4":0,"5":0.006307,"5.1":0.006307,"6":0,"6.1":0,"7":0,"7.1":0,"8":0,"9":0.037842,"9.1":0.201824,"10":0.145061,"10.1":1.803802,"11":0.012614,"0":null},"ios_saf":{"3.2":0,"4.0-4.1":0,"4.2-4.3":0,"5.0-5.1":0,"6.0-6.1":0,"7.0-7.1":0.0245989664046,"8":0,"8.1-8.4":0.0199134489942,"9.0-9.2":0.258289147248,"9.3":0.18683500674,"10.0-10.2":0.722155370877,"10.3":4.52386705974,"11":null},"android":{"2.1":0,"2.2":0,"2.3":0,"3":0,"4":0,"4.1":0.156079239756,"4.2-4.3":0.403204702703,"4.4":1.1164001177,"4.4.3-4.4.4":0.810744939843,"56":null},"op_mob":{"10":null,"11":null,"11.1":null,"11.5":null,"12":null,"12.1":null,"0":null},"ie":{"5.5":0,"6":0.006307,"7":0.006307,"8":0.037842,"9":0.018921,"10":0.094605,"11":1.772267},"edge":{"12":0.157675,"13":0.309043,"14":1.974091,"15":null,"16":null},"bb":{"7":0.0014772,"10":0.0059088},"samsung":{"4":0,"5":0},"ie_mob":{"10":null,"11":null},"baidu":{"0":null},"and_ff":{"0":0.011079},"and_qq":{"1.2":null},"and_uc":{"0":0.155106},"op_mini":{"0":0.351984476821},"and_chr":{"0":32.628752}},"total":94.5633264768}