{"id":"ZA","name":"South Africa","month":"2017-08","access_date":"2017-09-04","data":{"chrome":{"4":0,"5":0,"6":0,"7":0,"8":0,"9":0,"10":0,"11":0.024408,"12":0,"13":0,"14":0,"15":0,"16":0,"17":0,"18":0.006102,"19":0,"20":0,"21":0.006102,"22":0.003051,"23":0.009153,"24":0.003051,"25":0,"26":0.021357,"27":0.006102,"28":0.006102,"29":0.006102,"30":0.003051,"31":0.027459,"32":0.009153,"33":0.012204,"34":0.009153,"35":0.006102,"36":0.033561,"37":0.006102,"38":0.018306,"39":0.015255,"40":0.045765,"41":0.027459,"42":0.003051,"43":0.033561,"44":0.018306,"45":0.009153,"46":0.009153,"47":0.018306,"48":0.015255,"49":0.460701,"50":0.024408,"51":0.036612,"52":0.018306,"53":0.015255,"54":0.036612,"55":0.149499,"56":0.09153,"57":0.079326,"58":0.167805,"59":3.231009,"60":9.882189,"61":0.033561,"62":0.024408,"63":0},"firefox":{"2":0,"3":0.003051,"3.5":0,"3.6":0.006102,"4":0.003051,"5":0.003051,"6":0,"7":0,"8":0,"9":0,"10":0.003051,"11":0.003051,"12":0.006102,"13":0,"14":0.003051,"15":0.003051,"16":0.003051,"17":0,"18":0,"19":0.021357,"20":0.009153,"21":0.009153,"22":0.003051,"23":0.003051,"24":0.003051,"25":0.006102,"26":0,"27":0.003051,"28":0.003051,"29":0.006102,"30":0.006102,"31":0.006102,"32":0.003051,"33":0.003051,"34":0.003051,"35":0.006102,"36":0.018306,"37":0.012204,"38":0.012204,"39":0.015255,"40":0.024408,"41":0.009153,"42":0.006102,"43":0.03051,"44":0.012204,"45":0.033561,"46":0.012204,"47":0.051867,"48":0.06102,"49":0.024408,"50":0.039663,"51":0.024408,"52":0.256284,"53":0.070173,"54":1.80009,"55":0.619353,"56":0.070173,"57":0.003051,"58":0},"opera":{"9":0,"9.5-9.6":0,"10.0-10.1":0,"10.5":0,"10.6":0,"11":0,"11.1":0,"11.5":0,"11.6":0.012204,"12":0.003051,"12.1":0.015255,"15":0,"16":0,"17":0,"18":0,"19":0,"20":0.003051,"21":0,"22":0,"23":0,"24":0,"25":0,"26":0,"27":0,"28":0.018306,"29":0.003051,"30":0.003051,"31":0,"32":0,"33":0.003051,"34":0.003051,"35":0.003051,"36":0.012204,"37":0.006102,"38":0.003051,"39":0.003051,"40":0.003051,"41":0.003051,"42":0.009153,"43":0.003051,"44":0.003051,"45":0.006102,"46":0.176958,"47":0.158652,"48":0,"49":0},"safari":{"3.1":0,"3.2":0,"4":0,"5":0.006102,"5.1":0.021357,"6":0.006102,"6.1":0.009153,"7":0.012204,"7.1":0.033561,"8":0.036612,"9":0.036612,"9.1":0.134244,"10":0.12204,"10.1":0.759699,"11":0.003051,"0":null},"ios_saf":{"3.2":0,"4.0-4.1":0,"4.2-4.3":0,"5.0-5.1":0,"6.0-6.1":0,"7.0-7.1":0.0328662973553,"8":0,"8.1-8.4":0.02660605024,"9.0-9.2":0.34509612223,"9.3":0.249627353722,"10.0-10.2":0.964860586644,"10.3":6.04426858981,"11":null},"android":{"2.1":0,"2.2":0,"2.3":0,"3":0,"4":0,"4.1":0.169867522232,"4.2-4.3":0.438824432432,"4.4":1.21502463819,"4.4.3-4.4.4":0.882367407149,"56":null},"op_mob":{"10":null,"11":null,"11.1":null,"11.5":null,"12":null,"12.1":null,"0":null},"ie":{"5.5":0,"6":0.00611103330866,"7":0.0152775832717,"8":0.219997199112,"9":0.198608582531,"10":0.201664099186,"11":3.48634450259},"edge":{"12":0.09153,"13":0.192213,"14":0.601047,"15":null,"16":null},"bb":{"7":0.4322278,"10":1.7289112},"samsung":{"4":0,"5":0},"ie_mob":{"10":0.0355256086957,"11":0.236837391304},"baidu":{"0":null},"and_ff":{"0":0.034745},"and_qq":{"1.2":null},"and_uc":{"0":3.314673},"op_mini":{"0":13.6129989603},"and_chr":{"0":29.67782}},"total":84.0921769603}