{"id":"ZM","name":"Zambia","month":"2017-08","access_date":"2017-09-04","data":{"chrome":{"4":0.001992,"5":0,"6":0,"7":0,"8":0,"9":0,"10":0,"11":0.035856,"12":0.003984,"13":0.001992,"14":0,"15":0.001992,"16":0,"17":0.001992,"18":0.001992,"19":0,"20":0,"21":0.001992,"22":0.001992,"23":0,"24":0,"25":0.005976,"26":0.013944,"27":0.035856,"28":0.017928,"29":0.01992,"30":0.005976,"31":0.037848,"32":0.01992,"33":0.01992,"34":0.013944,"35":0.023904,"36":0.023904,"37":0.017928,"38":0.005976,"39":0.001992,"40":0.023904,"41":0.197208,"42":0.005976,"43":0.083664,"44":0.003984,"45":0.025896,"46":0.007968,"47":0.013944,"48":0.021912,"49":0.20916,"50":0.057768,"51":0.015936,"52":0.00996,"53":0.007968,"54":0.00996,"55":0.115536,"56":0.053784,"57":0.035856,"58":0.15936,"59":1.36452,"60":4.42224,"61":0.025896,"62":0.007968,"63":0},"firefox":{"2":0,"3":0.00996,"3.5":0.001992,"3.6":0.005976,"4":0.021912,"5":0.005976,"6":0.001992,"7":0.001992,"8":0.001992,"9":0.005976,"10":0.005976,"11":0.003984,"12":0.007968,"13":0.003984,"14":0.011952,"15":0.003984,"16":0.011952,"17":0.003984,"18":0.003984,"19":0.007968,"20":0.005976,"21":0.113544,"22":0.017928,"23":0.021912,"24":0.021912,"25":0.027888,"26":0.015936,"27":0.015936,"28":0.015936,"29":0.015936,"30":0.00996,"31":0.027888,"32":0.003984,"33":0.011952,"34":0.005976,"35":0.007968,"36":0.013944,"37":0.11952,"38":0.013944,"39":0.011952,"40":0.015936,"41":0.00996,"42":0.007968,"43":0.057768,"44":0.027888,"45":0.03984,"46":0.037848,"47":0.101592,"48":0.073704,"49":0.047808,"50":0.035856,"51":0.037848,"52":0.195216,"53":0.05976,"54":1.796784,"55":0.882456,"56":0.10956,"57":0,"58":0},"opera":{"9":0,"9.5-9.6":0.001992,"10.0-10.1":0,"10.5":0,"10.6":0.001992,"11":0.001992,"11.1":0.005976,"11.5":0.001992,"11.6":0.023904,"12":0.023904,"12.1":0.071712,"15":0.001992,"16":0,"17":0.001992,"18":0.005976,"19":0,"20":0.003984,"21":0.00996,"22":0.003984,"23":0,"24":0.001992,"25":0,"26":0.001992,"27":0.007968,"28":0.211152,"29":0.003984,"30":0.001992,"31":0.001992,"32":0,"33":0.001992,"34":0.007968,"35":0.011952,"36":0.025896,"37":0.015936,"38":0.001992,"39":0.001992,"40":0.005976,"41":0.007968,"42":0.051792,"43":0.013944,"44":0.005976,"45":0.027888,"46":0.452184,"47":0.38844,"48":0.003984,"49":0},"safari":{"3.1":0,"3.2":0,"4":0.003984,"5":0.011952,"5.1":0.011952,"6":0.001992,"6.1":0.003984,"7":0.011952,"7.1":0.007968,"8":0.067728,"9":0.031872,"9.1":0.081672,"10":0.075696,"10.1":0.324696,"11":0.001992,"0":null},"ios_saf":{"3.2":0,"4.0-4.1":0,"4.2-4.3":0,"5.0-5.1":0,"6.0-6.1":0,"7.0-7.1":0.00703922230164,"8":0,"8.1-8.4":0.00569841805371,"9.0-9.2":0.0739118341673,"9.3":0.0534645693863,"10.0-10.2":0.206651454713,"10.3":1.29454650138,"11":null},"android":{"2.1":0,"2.2":0,"2.3":0,"3":0,"4":0,"4.1":0.210460456844,"4.2-4.3":0.543689513514,"4.4":1.50537687881,"4.4.3-4.4.4":1.09322515083,"56":null},"op_mob":{"10":null,"11":null,"11.1":null,"11.5":null,"12":null,"12.1":null,"0":null},"ie":{"5.5":0,"6":0.00406863732929,"7":0.00406863732929,"8":0.176985723824,"9":0.085441383915,"10":0.154608218513,"11":0.91544339909},"edge":{"12":0.241032,"13":0.163344,"14":0.35856,"15":null,"16":null},"bb":{"7":0.1249248,"10":0.4996992},"samsung":{"4":0,"5":0},"ie_mob":{"10":0.2454056,"11":0.4238824},"baidu":{"0":null},"and_ff":{"0":0.016016},"and_qq":{"1.2":null},"and_uc":{"0":22.398376},"op_mini":{"0":31.1502449536},"and_chr":{"0":12.831704}},"total":88.2039889536}